scanned_at_utc,event_ticker,title,side,n_legs,cost_cents,fees_cents,payout_cents,profit_cents,profit_pct_of_cost,take_cost_cents,dead_legs
2026-09-22T20:46:55+00:00,KXHIGHTTTN-26SEP22,"Highest temperature in Trenton on Sep 22, 2026?",yes-maker,6,33.0,0.0,100.0,67.0,203.03,109.0,4
2026-09-22T20:46:55+00:00,KXLOWTSAN-26SEP23,"Lowest temperature in San Diego on Sep 23, 2026?",yes-maker,6,62.0,0.0,100.0,38.0,61.29,122.0,1
2026-09-22T20:46:55+00:00,KXGDPYEAR-32,US real GDP growth in 2032?,yes-maker,14,63.0,0.0,100.0,37.0,58.73,115.0,1
2026-09-22T20:46:55+00:00,KXLOWTNYC-26SEP22,"Lowest temperature in New York City on Sep 22, 2026?",yes-maker,6,72.0,0.0,100.0,28.0,38.89,124.0,3
2026-09-22T20:46:55+00:00,KXLOWTBOS-26SEP22,"Lowest temperature in Boston on Sep 22, 2026?",yes-maker,6,74.0,0.0,100.0,26.0,35.14,105.0,2
2026-09-22T20:46:55+00:00,KXLOWTDC-26SEP23,"Lowest temperature in Washington DC on Sep 23, 2026?",yes-maker,6,75.0,0.0,100.0,25.0,33.33,121.0,1
2026-09-22T20:46:55+00:00,KXLOWTNYC-26SEP23,"Lowest temperature in New York City on Sep 23, 2026?",yes-maker,6,78.0,0.0,100.0,22.0,28.21,117.0,0
2026-09-22T20:46:55+00:00,KXLOWTOKC-26SEP22,"Lowest temperature in Oklahoma City on Sep 22, 2026?",yes-maker,6,80.0,0.0,100.0,20.0,25.00,114.0,2
2026-09-22T20:46:55+00:00,KXLOWTMIA-26SEP22,"Lowest temperature in Miami on Sep 22, 2026?",yes-maker,6,80.0,0.0,100.0,20.0,25.00,113.0,1
2026-09-22T20:46:55+00:00,KXGDPYEAR-36,US real GDP growth in 2036?,yes-maker,14,82.0,0.0,100.0,18.0,21.95,114.0,0
2026-09-22T20:46:55+00:00,KXGDPYEAR-29,US real GDP growth in 2029?,yes-maker,14,82.0,0.0,100.0,18.0,21.95,129.0,1
2026-09-22T20:46:55+00:00,KXHOUSEWINSTATE-FLD,How many House seats will Democrats win in Florida?,yes-maker,9,83.0,0.0,100.0,17.0,20.48,124.0,1
2026-09-22T20:46:55+00:00,KXHOUSEWINSTATE-AZD,How many House seats will Democrats win in Arizona?,yes-maker,6,84.0,0.0,100.0,16.0,19.05,111.0,1
2026-09-22T20:46:55+00:00,KXLOWTBOS-26SEP23,"Lowest temperature in Boston on Sep 23, 2026?",yes-maker,6,85.0,0.0,100.0,15.0,17.65,124.0,1
2026-09-22T20:46:55+00:00,KXLOWTATL-26SEP22,"Lowest temperature in Atlanta on Sep 22, 2026?",yes-maker,6,85.0,0.0,100.0,15.0,17.65,105.0,3
2026-09-22T20:46:55+00:00,KXHOUSEWINSTATE-PAD,How many House seats will Democrats win in Pennsylvania?,yes-maker,8,86.0,0.0,100.0,14.0,16.28,111.0,3
2026-09-22T20:46:55+00:00,KXLOWTLAX-26SEP23,"Lowest temperature in Los Angeles on Sep 23, 2026?",yes-maker,6,87.0,0.0,100.0,13.0,14.94,119.0,1
2026-09-22T20:46:55+00:00,KXGDPYEAR-30,US real GDP growth in 2030?,yes-maker,14,88.0,0.0,100.0,12.0,13.64,119.0,3
2026-09-22T20:46:55+00:00,KXSOCKEYERUN-27,Bristol Bay sockeye run forecast for 2027,yes-maker,6,88.0,0.0,100.0,12.0,13.64,117.0,1
2026-09-22T20:46:55+00:00,KXLOWTMIA-26SEP23,"Lowest temperature in Miami on Sep 23, 2026?",yes-maker,6,88.0,0.0,100.0,12.0,13.64,120.0,0
2026-09-22T20:46:55+00:00,KXLOWTTTN-26SEP22,"Lowest temperature in Trenton on Sep 22, 2026?",yes-maker,6,89.0,0.0,100.0,11.0,12.36,120.0,4
2026-09-22T20:46:55+00:00,KXTXHOUSEDEMSEATS-26NOV03,How many House seats will Democrats win in Texas?,yes-maker,8,89.6,0.0,100.0,10.4,11.61,116.0,0
2026-09-22T20:46:55+00:00,KXGDPYEAR-31,US real GDP growth in 2031?,yes-maker,14,90.0,0.0,100.0,10.0,11.11,128.0,0
2026-09-22T20:46:55+00:00,KXGDPYEAR-28,US real GDP growth in 2028?,yes-maker,14,90.0,0.0,100.0,10.0,11.11,122.0,2
2026-09-22T20:46:55+00:00,KXEOTRUMPTERM-29JAN20,How many executive orders will Trump sign in his second term?,yes-maker,12,90.0,0.0,100.0,10.0,11.11,99.0,0
2026-09-22T20:46:55+00:00,KXLOWTDEN-26SEP23,"Lowest temperature in Denver on Sep 23, 2026?",yes-maker,6,90.0,0.0,100.0,10.0,11.11,126.0,0
2026-09-22T20:46:55+00:00,KXLOWTPHIL-26SEP22,"Lowest temperature in Philadelphia on Sep 22, 2026?",yes-maker,6,90.0,0.0,100.0,10.0,11.11,113.0,3
2026-09-22T20:46:55+00:00,KXCAHOUSEDEM-26NOV03,How many House seats will Democrats win in California?,yes-maker,8,90.7,0.0,100.0,9.3,10.25,108.0,0
2026-09-22T20:46:55+00:00,KXGDPYEAR-26,US real GDP growth in 2026?,yes-maker,14,91.6,0.0,100.0,8.4,9.17,115.8,5
2026-09-22T20:46:55+00:00,KXLOWTATL-26SEP23,"Lowest temperature in Atlanta on Sep 23, 2026?",yes-maker,6,92.0,0.0,100.0,8.0,8.70,125.0,1
2026-09-22T20:46:55+00:00,KXHOUSEWINSTATE-MID,How many House seats will Democrats win in Michigan?,yes-maker,7,94.0,0.0,100.0,6.0,6.38,112.0,2
2026-09-22T20:46:55+00:00,KXLOWTOKC-26SEP23,"Lowest temperature in Oklahoma City on Sep 23, 2026?",yes-maker,6,94.0,0.0,100.0,6.0,6.38,126.0,0
2026-09-22T20:46:55+00:00,KXHIGHTMIN-26SEP23,"Highest temperature in Minneapolis on Sep 23, 2026?",yes-maker,6,94.0,0.0,100.0,6.0,6.38,98.0,0
2026-09-22T20:46:55+00:00,KXLOWTEWR-26SEP22,"Lowest temperature in Newark on Sep 22, 2026?",yes-maker,6,94.0,0.0,100.0,6.0,6.38,124.0,4
2026-09-22T20:46:55+00:00,KXHIGHDEN-26SEP22,"Highest temperature in Denver on Sep 22, 2026?",yes-maker,6,94.0,0.0,100.0,6.0,6.38,108.0,3
2026-09-22T20:46:55+00:00,KXHOUSEWINSTATE-OHD,How many House seats will Democrats win in Ohio?,yes-maker,7,95.0,0.0,100.0,5.0,5.26,113.0,0
2026-09-22T20:46:55+00:00,KXLOWTCHI-26SEP23,"Lowest temperature in Chicago on Sep 23, 2026?",yes-maker,6,95.0,0.0,100.0,5.0,5.26,129.0,1
2026-09-22T20:46:55+00:00,KXHIGHTSEA-26SEP23,"Highest temperature in Seattle on Sep 23, 2026?",yes-maker,6,95.0,0.0,100.0,5.0,5.26,96.0,1
2026-09-22T20:46:55+00:00,KXHIGHTDC-26SEP23,"Highest temperature in Washington DC on Sep 23, 2026?",yes-maker,6,95.0,0.0,100.0,5.0,5.26,104.0,1
2026-09-22T20:46:55+00:00,KXUSDJPY-26SEP2310,"USD/JPY price on Sep 23, 2026 at 10am EDT?",yes-maker,15,95.0,0.0,100.0,5.0,5.26,107.0,0
2026-09-22T20:46:55+00:00,KXNUMREDISTRICTING-26NOV03,How many states will redistrict before the midterms?,yes-maker,7,96.0,0.0,100.0,4.0,4.17,103.0,0
2026-09-22T20:46:55+00:00,KXHOUSEWINSTATE-NYD,How many House seats will Democrats win in New York?,yes-maker,10,96.0,0.0,100.0,4.0,4.17,120.0,3
2026-09-22T20:46:55+00:00,KXHOUSEWINSTATE-GAD,How many House seats will Democrats win in Georgia?,yes-maker,5,96.0,0.0,100.0,4.0,4.17,113.0,0
2026-09-22T20:46:55+00:00,KXHIGHTSDF-26SEP22,"Highest temperature in Louisville on Sep 22, 2026?",yes-maker,6,96.0,0.0,100.0,4.0,4.17,126.0,5
2026-09-22T20:46:55+00:00,KXHIGHTNOLA-26SEP23,"Highest temperature in New Orleans on Sep 23, 2026?",yes-maker,6,97.0,0.0,100.0,3.0,3.09,103.0,2
2026-09-22T20:46:55+00:00,KXLOWTDC-26SEP22,"Lowest temperature in Washington DC on Sep 22, 2026?",yes-maker,6,97.0,0.0,100.0,3.0,3.09,119.0,3
2026-09-22T20:46:55+00:00,KXHIGHTPHX-26SEP22,"Highest temperature in Phoenix on Sep 22, 2026?",yes-maker,6,97.0,0.0,100.0,3.0,3.09,109.0,3
2026-09-22T20:46:55+00:00,KXHIGHTATL-26SEP23,"Highest temperature in Atlanta on Sep 23, 2026?",yes-maker,6,98.0,0.0,100.0,2.0,2.04,107.0,1
2026-09-22T20:46:55+00:00,KXHIGHMIA-26SEP23,"Highest temperature in Miami on Sep 23, 2026?",yes-maker,6,98.0,0.0,100.0,2.0,2.04,100.0,1
2026-09-22T20:46:55+00:00,KXLOWTSATX-26SEP22,"Lowest temperature in San Antonio on Sep 22, 2026?",yes-maker,6,98.0,0.0,100.0,2.0,2.04,124.0,4
2026-09-22T20:46:55+00:00,KXHIGHTSEA-26SEP22,"Highest temperature in Seattle on Sep 22, 2026?",yes-maker,6,98.0,0.0,100.0,2.0,2.04,103.0,2
2026-09-22T20:46:55+00:00,KXHIGHTSFO-26SEP23,"Highest temperature in San Francisco on Sep 23, 2026?",yes-maker,6,99.0,0.0,100.0,1.0,1.01,104.0,0
2026-09-22T20:46:55+00:00,KXHIGHTLV-26SEP23,"Highest temperature in Las Vegas on Sep 23, 2026?",yes-maker,6,99.0,0.0,100.0,1.0,1.01,106.0,2
2026-09-22T20:46:55+00:00,KXHIGHPHIL-26SEP23,"Highest temperature in Philadelphia on Sep 23, 2026?",yes-maker,6,99.0,0.0,100.0,1.0,1.01,108.0,0
2026-09-22T20:46:55+00:00,KXLOWTHOU-26SEP22,"Lowest temperature in Houston on Sep 22, 2026?",yes-maker,6,99.0,0.0,100.0,1.0,1.01,114.0,4
2026-09-22T20:46:55+00:00,KXETHY-27JAN0100,Ethereum price at the end of 2026,yes-maker,18,99.8,0.0,100.0,0.2,0.20,100.0,0
2026-09-22T23:26:05+00:00,KXGDPYEAR-32,US real GDP growth in 2032?,yes-maker,14,63.0,0.0,100.0,37.0,58.73,115.0,1
2026-09-22T23:26:05+00:00,KXLOWTNYC-26SEP23,"Lowest temperature in New York City on Sep 23, 2026?",yes-maker,6,74.0,0.0,100.0,26.0,35.14,102.0,0
2026-09-22T23:26:05+00:00,KXGDPYEAR-36,US real GDP growth in 2036?,yes-maker,14,79.0,0.0,100.0,21.0,26.58,116.0,0
2026-09-22T23:26:05+00:00,KXLOWTPHIL-26SEP23,"Lowest temperature in Philadelphia on Sep 23, 2026?",yes-maker,6,79.0,0.0,100.0,21.0,26.58,125.0,2
2026-09-22T23:26:05+00:00,KXLOWTBOS-26SEP23,"Lowest temperature in Boston on Sep 23, 2026?",yes-maker,6,80.0,0.0,100.0,20.0,25.00,120.0,1
2026-09-22T23:26:05+00:00,KXGDPYEAR-29,US real GDP growth in 2029?,yes-maker,14,82.0,0.0,100.0,18.0,21.95,129.0,1
2026-09-22T23:26:05+00:00,KXLOWTMIA-26SEP23,"Lowest temperature in Miami on Sep 23, 2026?",yes-maker,6,82.0,0.0,100.0,18.0,21.95,112.0,0
2026-09-22T23:26:05+00:00,KXLOWTAUS-26SEP23,"Lowest temperature in Austin on Sep 23, 2026?",yes-maker,6,84.0,0.0,100.0,16.0,19.05,105.0,0
2026-09-22T23:26:05+00:00,KXLOWTLV-26SEP23,"Lowest temperature in Las Vegas on Sep 23, 2026?",yes-maker,6,85.0,0.0,100.0,15.0,17.65,126.0,1
2026-09-22T23:26:05+00:00,KXLOWTNOLA-26SEP23,"Lowest temperature in New Orleans on Sep 23, 2026?",yes-maker,6,86.0,0.0,100.0,14.0,16.28,120.0,1
2026-09-22T23:26:05+00:00,KXLOWTATL-26SEP23,"Lowest temperature in Atlanta on Sep 23, 2026?",yes-maker,6,86.0,0.0,100.0,14.0,16.28,111.0,2
2026-09-22T23:26:05+00:00,KXHOUSEWINSTATE-FLD,How many House seats will Democrats win in Florida?,yes-maker,9,87.0,0.0,100.0,13.0,14.94,123.0,1
2026-09-22T23:26:05+00:00,KXHOUSEWINSTATE-AZD,How many House seats will Democrats win in Arizona?,yes-maker,6,87.0,0.0,100.0,13.0,14.94,106.0,1
2026-09-22T23:26:05+00:00,KXGDPYEAR-30,US real GDP growth in 2030?,yes-maker,14,88.0,0.0,100.0,12.0,13.64,119.0,3
2026-09-22T23:26:05+00:00,KXSOCKEYERUN-27,Bristol Bay sockeye run forecast for 2027,yes-maker,6,88.0,0.0,100.0,12.0,13.64,117.0,1
2026-09-22T23:26:05+00:00,KXTXHOUSEDEMSEATS-26NOV03,How many House seats will Democrats win in Texas?,yes-maker,8,88.6,0.0,100.0,11.4,12.87,109.0,0
2026-09-22T23:26:05+00:00,KXGDPYEAR-28,US real GDP growth in 2028?,yes-maker,14,90.0,0.0,100.0,10.0,11.11,122.0,2
2026-09-22T23:26:05+00:00,KXEOTRUMPTERM-29JAN20,How many executive orders will Trump sign in his second term?,yes-maker,12,90.0,0.0,100.0,10.0,11.11,99.0,0
2026-09-22T23:26:05+00:00,KXHOUSEWINSTATE-PAD,How many House seats will Democrats win in Pennsylvania?,yes-maker,8,90.0,0.0,100.0,10.0,11.11,106.0,3
2026-09-22T23:26:05+00:00,KXLOWTSEA-26SEP22,"Lowest temperature in Seattle on Sep 22, 2026?",yes-maker,6,90.0,0.0,100.0,10.0,11.11,121.0,2
2026-09-22T23:26:05+00:00,KXLOWTSATX-26SEP23,"Lowest temperature in San Antonio on Sep 23, 2026?",yes-maker,6,91.0,0.0,100.0,9.0,9.89,122.0,1
2026-09-22T23:26:05+00:00,KXLOWTPHX-26SEP23,"Lowest temperature in Phoenix on Sep 23, 2026?",yes-maker,6,91.0,0.0,100.0,9.0,9.89,117.0,1
2026-09-22T23:26:05+00:00,KXLOWTOKC-26SEP23,"Lowest temperature in Oklahoma City on Sep 23, 2026?",yes-maker,6,91.0,0.0,100.0,9.0,9.89,117.0,1
2026-09-22T23:26:05+00:00,KXLOWTMIN-26SEP23,"Lowest temperature in Minneapolis on Sep 23, 2026?",yes-maker,6,91.0,0.0,100.0,9.0,9.89,130.0,1
2026-09-22T23:26:05+00:00,KXLOWTDC-26SEP23,"Lowest temperature in Washington DC on Sep 23, 2026?",yes-maker,6,91.0,0.0,100.0,9.0,9.89,114.0,1
2026-09-22T23:26:05+00:00,KXLOWTMIA-26SEP22,"Lowest temperature in Miami on Sep 22, 2026?",yes-maker,6,91.0,0.0,100.0,9.0,9.89,123.0,2
2026-09-22T23:26:05+00:00,KXGDPYEAR-26,US real GDP growth in 2026?,yes-maker,14,91.4,0.0,100.0,8.6,9.41,114.19999999999999,5
2026-09-22T23:26:05+00:00,KXLOWTDEN-26SEP23,"Lowest temperature in Denver on Sep 23, 2026?",yes-maker,6,92.0,0.0,100.0,8.0,8.70,124.0,0
2026-09-22T23:26:05+00:00,KXLOWTMIN-26SEP22,"Lowest temperature in Minneapolis on Sep 22, 2026?",yes-maker,6,92.0,0.0,100.0,8.0,8.70,125.0,4
2026-09-22T23:26:05+00:00,KXLOWTBOS-26SEP22,"Lowest temperature in Boston on Sep 22, 2026?",yes-maker,6,92.0,0.0,100.0,8.0,8.70,122.0,1
2026-09-22T23:26:05+00:00,KXLOWTSEA-26SEP23,"Lowest temperature in Seattle on Sep 23, 2026?",yes-maker,6,93.0,0.0,100.0,7.0,7.53,129.0,1
2026-09-22T23:26:05+00:00,KXLOWTLAX-26SEP23,"Lowest temperature in Los Angeles on Sep 23, 2026?",yes-maker,6,93.0,0.0,100.0,7.0,7.53,114.0,1
2026-09-22T23:26:05+00:00,KXCAHOUSEDEM-26NOV03,How many House seats will Democrats win in California?,yes-maker,8,93.7,0.0,100.0,6.3,6.72,107.7,0
2026-09-22T23:26:05+00:00,KXLOWTHOU-26SEP23,"Lowest temperature in Houston on Sep 23, 2026?",yes-maker,6,94.0,0.0,100.0,6.0,6.38,121.0,1
2026-09-22T23:26:05+00:00,KXHOUSEWINSTATE-OHD,How many House seats will Democrats win in Ohio?,yes-maker,7,95.0,0.0,100.0,5.0,5.26,113.0,0
2026-09-22T23:26:05+00:00,KXLOWTATL-26SEP22,"Lowest temperature in Atlanta on Sep 22, 2026?",yes-maker,6,95.0,0.0,100.0,5.0,5.26,111.0,3
2026-09-22T23:26:05+00:00,KXNUMREDISTRICTING-26NOV03,How many states will redistrict before the midterms?,yes-maker,7,96.0,0.0,100.0,4.0,4.17,103.0,0
2026-09-22T23:26:05+00:00,KXHOUSEWINSTATE-NYD,How many House seats will Democrats win in New York?,yes-maker,10,96.0,0.0,100.0,4.0,4.17,116.0,3
2026-09-22T23:26:05+00:00,KXHOUSEWINSTATE-MID,How many House seats will Democrats win in Michigan?,yes-maker,7,96.0,0.0,100.0,4.0,4.17,113.0,2
2026-09-22T23:26:05+00:00,KXHOUSEWINSTATE-GAD,How many House seats will Democrats win in Georgia?,yes-maker,5,96.0,0.0,100.0,4.0,4.17,113.0,0
2026-09-22T23:26:05+00:00,KXLOWTOKC-26SEP22,"Lowest temperature in Oklahoma City on Sep 22, 2026?",yes-maker,6,96.0,0.0,100.0,4.0,4.17,119.0,3
2026-09-22T23:26:05+00:00,KXLOWTNYC-26SEP22,"Lowest temperature in New York City on Sep 22, 2026?",yes-maker,6,97.0,0.0,100.0,3.0,3.09,127.0,3
2026-09-22T23:26:05+00:00,KXLOWTHOU-26SEP22,"Lowest temperature in Houston on Sep 22, 2026?",yes-maker,6,97.0,0.0,100.0,3.0,3.09,114.0,4
2026-09-22T23:26:05+00:00,KXLOWTEWR-26SEP22,"Lowest temperature in Newark on Sep 22, 2026?",yes-maker,6,97.0,0.0,100.0,3.0,3.09,123.0,4
2026-09-22T23:26:05+00:00,KXHMONTHRANGE-26SEP,Sep 2026 temperature increase?,yes-maker,6,98.0,0.0,100.0,2.0,2.04,116.0,4
2026-09-22T23:26:05+00:00,KXHIGHTSATX-26SEP23,"Highest temperature in San Antonio on Sep 23, 2026?",yes-maker,6,98.0,0.0,100.0,2.0,2.04,100.0,1
2026-09-22T23:26:05+00:00,KXHIGHTDC-26SEP23,"Highest temperature in Washington DC on Sep 23, 2026?",yes-maker,6,98.0,0.0,100.0,2.0,2.04,102.0,0
2026-09-22T23:26:05+00:00,KXUSDJPY-26SEP2310,"USD/JPY price on Sep 23, 2026 at 10am EDT?",yes-maker,15,98.0,0.0,100.0,2.0,2.04,110.0,0
2026-09-22T23:26:05+00:00,KXHIGHTSFO-26SEP23,"Highest temperature in San Francisco on Sep 23, 2026?",yes-maker,6,99.0,0.0,100.0,1.0,1.01,104.0,0
2026-09-22T23:26:05+00:00,KXHIGHTMIN-26SEP23,"Highest temperature in Minneapolis on Sep 23, 2026?",yes-maker,6,99.0,0.0,100.0,1.0,1.01,103.0,0
2026-09-22T23:26:05+00:00,KXHIGHTBOS-26SEP23,"Highest temperature in Boston on Sep 23, 2026?",yes-maker,6,99.0,0.0,100.0,1.0,1.01,104.0,1
2026-09-22T23:26:05+00:00,KXHIGHTATL-26SEP23,"Highest temperature in Atlanta on Sep 23, 2026?",yes-maker,6,99.0,0.0,100.0,1.0,1.01,107.0,0
2026-09-22T23:26:05+00:00,KXHIGHTLV-26SEP22,"Highest temperature in Las Vegas on Sep 22, 2026?",yes-maker,6,99.0,0.0,100.0,1.0,1.01,109.0,4
2026-09-22T23:26:05+00:00,KXETHY-27JAN0100,Ethereum price at the end of 2026,yes-maker,18,99.7,0.0,100.0,0.3,0.30,99.8,0
2026-09-23T01:37:59+00:00,KXGDPYEAR-32,US real GDP growth in 2032?,yes-maker,14,63.0,0.0,100.0,37.0,58.73,116.0,1
2026-09-23T01:37:59+00:00,KXGDPYEAR-36,US real GDP growth in 2036?,yes-maker,14,79.0,0.0,100.0,21.0,26.58,116.0,0
2026-09-23T01:37:59+00:00,KXGDPYEAR-29,US real GDP growth in 2029?,yes-maker,14,82.0,0.0,100.0,18.0,21.95,129.0,1
2026-09-23T01:37:59+00:00,KXGDPYEAR-30,US real GDP growth in 2030?,yes-maker,14,87.0,0.0,100.0,13.0,14.94,117.0,3
2026-09-23T01:37:59+00:00,KXGDPYEAR-28,US real GDP growth in 2028?,yes-maker,14,90.0,0.0,100.0,10.0,11.11,122.0,2
2026-09-23T01:37:59+00:00,KXEOTRUMPTERM-29JAN20,How many executive orders will Trump sign in his second term?,yes-maker,12,90.0,0.0,100.0,10.0,11.11,99.0,0
2026-09-23T07:11:49+00:00,KXGDPYEAR-32,US real GDP growth in 2032?,yes-maker,14,60.0,0.0,100.0,40.0,66.67,117.0,1
2026-09-23T07:11:49+00:00,KXLOWTSFO-26SEP23,"Lowest temperature in San Francisco on Sep 23, 2026?",yes-maker,6,63.0,0.0,100.0,37.0,58.73,122.0,1
2026-09-23T07:11:49+00:00,KXHIGHTSDF-26SEP23,"Highest temperature in Louisville on Sep 23, 2026?",yes-maker,6,69.0,0.0,100.0,31.0,44.93,114.0,0
2026-09-23T07:11:49+00:00,KXLOWTNYC-26SEP23,"Lowest temperature in New York City on Sep 23, 2026?",yes-maker,6,71.0,0.0,100.0,29.0,40.85,123.0,1
2026-09-23T07:11:49+00:00,KXLOWTPHX-26SEP23,"Lowest temperature in Phoenix on Sep 23, 2026?",yes-maker,6,76.0,0.0,100.0,24.0,31.58,123.0,0
2026-09-23T07:11:49+00:00,KXLOWTEWR-26SEP23,"Lowest temperature in Newark on Sep 23, 2026?",yes-maker,6,77.0,0.0,100.0,23.0,29.87,130.0,2
2026-09-23T07:11:49+00:00,KXLOWTAUS-26SEP23,"Lowest temperature in Austin on Sep 23, 2026?",yes-maker,6,78.0,0.0,100.0,22.0,28.21,112.0,1
2026-09-23T07:11:49+00:00,KXGDPYEAR-36,US real GDP growth in 2036?,yes-maker,14,79.0,0.0,100.0,21.0,26.58,116.0,0
2026-09-23T07:11:49+00:00,KXGDPYEAR-29,US real GDP growth in 2029?,yes-maker,14,82.0,0.0,100.0,18.0,21.95,129.0,1
2026-09-23T07:11:49+00:00,KXLOWTPHIL-26SEP23,"Lowest temperature in Philadelphia on Sep 23, 2026?",yes-maker,6,82.0,0.0,100.0,18.0,21.95,121.0,2
2026-09-23T07:11:49+00:00,KXHOUSEWINSTATE-FLD,How many House seats will Democrats win in Florida?,yes-maker,9,83.0,0.0,100.0,17.0,20.48,124.0,1
2026-09-23T07:11:49+00:00,KXHOUSEWINSTATE-AZD,How many House seats will Democrats win in Arizona?,yes-maker,6,83.0,0.0,100.0,17.0,20.48,111.0,1
2026-09-23T07:11:49+00:00,KXLOWTDC-26SEP23,"Lowest temperature in Washington DC on Sep 23, 2026?",yes-maker,6,83.0,0.0,100.0,17.0,20.48,130.0,1
2026-09-23T07:11:49+00:00,KXGDPYEAR-30,US real GDP growth in 2030?,yes-maker,14,84.0,0.0,100.0,16.0,19.05,117.0,3
2026-09-23T07:11:49+00:00,KXLOWTLAX-26SEP23,"Lowest temperature in Los Angeles on Sep 23, 2026?",yes-maker,6,85.0,0.0,100.0,15.0,17.65,118.0,1
2026-09-23T07:11:49+00:00,KXHOUSEWINSTATE-PAD,How many House seats will Democrats win in Pennsylvania?,yes-maker,8,86.0,0.0,100.0,14.0,16.28,114.0,3
2026-09-23T07:11:49+00:00,KXLOWTSATX-26SEP23,"Lowest temperature in San Antonio on Sep 23, 2026?",yes-maker,6,87.0,0.0,100.0,13.0,14.94,126.0,2
2026-09-23T07:11:49+00:00,KXSOCKEYERUN-27,Bristol Bay sockeye run forecast for 2027,yes-maker,6,89.0,0.0,100.0,11.0,12.36,119.0,1
2026-09-23T07:11:49+00:00,KXCAHOUSEDEM-26NOV03,How many House seats will Democrats win in California?,yes-maker,8,89.7,0.0,100.0,10.3,11.48,106.9,0
2026-09-23T07:11:49+00:00,KXGDPYEAR-28,US real GDP growth in 2028?,yes-maker,14,90.0,0.0,100.0,10.0,11.11,123.0,2
2026-09-23T07:11:49+00:00,KXEOTRUMPTERM-29JAN20,How many executive orders will Trump sign in his second term?,yes-maker,12,90.0,0.0,100.0,10.0,11.11,99.0,0
2026-09-23T07:11:49+00:00,KXTXHOUSEDEMSEATS-26NOV03,How many House seats will Democrats win in Texas?,yes-maker,8,90.6,0.0,100.0,9.4,10.38,110.0,0
2026-09-23T07:11:49+00:00,KXGDPYEAR-26,US real GDP growth in 2026?,yes-maker,14,90.7,0.0,100.0,9.3,10.25,113.0,5
2026-09-23T07:11:49+00:00,KXHIGHTDC-26SEP23,"Highest temperature in Washington DC on Sep 23, 2026?",yes-maker,6,91.0,0.0,100.0,9.0,9.89,96.0,1
2026-09-23T07:11:49+00:00,KXLOWTNOLA-26SEP23,"Lowest temperature in New Orleans on Sep 23, 2026?",yes-maker,6,93.0,0.0,100.0,7.0,7.53,116.0,3
2026-09-23T07:11:49+00:00,KXHOUSEWINSTATE-MID,How many House seats will Democrats win in Michigan?,yes-maker,7,93.0,0.0,100.0,7.0,7.53,111.0,2
2026-09-23T07:11:49+00:00,KXLOWTMIA-26SEP23,"Lowest temperature in Miami on Sep 23, 2026?",yes-maker,6,94.0,0.0,100.0,6.0,6.38,111.0,1
2026-09-23T07:11:49+00:00,KXLOWTDAL-26SEP23,"Lowest temperature in Dallas on Sep 23, 2026?",yes-maker,6,94.0,0.0,100.0,6.0,6.38,123.0,1
2026-09-23T07:11:49+00:00,KXNUMREDISTRICTING-26NOV03,How many states will redistrict before the midterms?,yes-maker,7,96.0,0.0,100.0,4.0,4.17,103.0,0
2026-09-23T07:11:49+00:00,KXHOUSEWINSTATE-NYD,How many House seats will Democrats win in New York?,yes-maker,10,96.0,0.0,100.0,4.0,4.17,121.0,3
2026-09-23T07:11:49+00:00,KXHOUSEWINSTATE-GAD,How many House seats will Democrats win in Georgia?,yes-maker,5,96.0,0.0,100.0,4.0,4.17,113.0,0
2026-09-23T07:11:49+00:00,KXHOUSEWINSTATE-OHD,How many House seats will Democrats win in Ohio?,yes-maker,7,96.0,0.0,100.0,4.0,4.17,113.0,0
2026-09-23T07:11:49+00:00,KXLOWTCHI-26SEP23,"Lowest temperature in Chicago on Sep 23, 2026?",yes-maker,6,96.0,0.0,100.0,4.0,4.17,106.0,3
2026-09-23T07:11:49+00:00,KXHIGHTSAN-26SEP23,"Highest temperature in San Diego on Sep 23, 2026?",yes-maker,6,97.0,0.0,100.0,3.0,3.09,125.00000000000001,0
2026-09-23T07:11:49+00:00,KXLOWTLV-26SEP23,"Lowest temperature in Las Vegas on Sep 23, 2026?",yes-maker,6,99.0,0.0,100.0,1.0,1.01,129.0,2
2026-09-23T07:11:49+00:00,KXHIGHTTTN-26SEP23,"Highest temperature in Trenton on Sep 23, 2026?",yes-maker,6,99.0,0.0,100.0,1.0,1.01,120.0,0
2026-09-23T07:11:49+00:00,KXHIGHTBOS-26SEP23,"Highest temperature in Boston on Sep 23, 2026?",yes-maker,6,99.0,0.0,100.0,1.0,1.01,101.0,1
2026-09-23T07:11:49+00:00,KXETHY-27JAN0100,Ethereum price at the end of 2026,yes-maker,18,99.1,0.0,100.0,0.9,0.91,99.4,0
2026-09-23T12:51:58+00:00,KXGDPYEAR-32,US real GDP growth in 2032?,yes-maker,14,60.0,0.0,100.0,40.0,66.67,102.0,1
2026-09-23T12:51:58+00:00,KXLOWTDC-26SEP23,"Lowest temperature in Washington DC on Sep 23, 2026?",yes-maker,6,72.0,0.0,100.0,28.0,38.89,128.0,3
2026-09-23T12:51:58+00:00,KXGDPYEAR-30,US real GDP growth in 2030?,yes-maker,14,78.0,0.0,100.0,22.0,28.21,117.0,3
2026-09-23T12:51:58+00:00,KXGDPYEAR-36,US real GDP growth in 2036?,yes-maker,14,80.0,0.0,100.0,20.0,25.00,116.0,0
2026-09-23T12:51:58+00:00,KXLOWTLV-26SEP23,"Lowest temperature in Las Vegas on Sep 23, 2026?",yes-maker,6,80.0,0.0,100.0,20.0,25.00,127.0,4
2026-09-23T12:51:58+00:00,KXHIGHTTTN-26SEP23,"Highest temperature in Trenton on Sep 23, 2026?",yes-maker,6,80.0,0.0,100.0,20.0,25.00,112.0,0
2026-09-23T12:51:58+00:00,KXHOUSEWINSTATE-FLD,How many House seats will Democrats win in Florida?,yes-maker,9,81.0,0.0,100.0,19.0,23.46,124.0,1
2026-09-23T12:51:58+00:00,KXHIGHTSDF-26SEP23,"Highest temperature in Louisville on Sep 23, 2026?",yes-maker,6,81.0,0.0,100.0,19.0,23.46,121.0,2
2026-09-23T12:51:58+00:00,KXGDPYEAR-34,US real GDP growth in 2034?,yes-maker,14,82.0,0.0,100.0,18.0,21.95,122.0,0
2026-09-23T12:51:58+00:00,KXGDPYEAR-29,US real GDP growth in 2029?,yes-maker,14,85.0,0.0,100.0,15.0,17.65,129.0,1
2026-09-23T12:51:58+00:00,KXHOUSEWINSTATE-AZD,How many House seats will Democrats win in Arizona?,yes-maker,6,85.0,0.0,100.0,15.0,17.65,110.0,1
2026-09-23T12:51:58+00:00,KXLOWTTTN-26SEP23,"Lowest temperature in Trenton on Sep 23, 2026?",yes-maker,6,87.0,0.0,100.0,13.0,14.94,129.0,3
2026-09-23T12:51:58+00:00,KXHOUSEWINSTATE-PAD,How many House seats will Democrats win in Pennsylvania?,yes-maker,8,88.0,0.0,100.0,12.0,13.64,113.0,2
2026-09-23T12:51:58+00:00,KXSOCKEYERUN-27,Bristol Bay sockeye run forecast for 2027,yes-maker,6,88.0,0.0,100.0,12.0,13.64,116.0,1
2026-09-23T12:51:58+00:00,KXHIGHTEWR-26SEP23,"Highest temperature in Newark on Sep 23, 2026?",yes-maker,6,88.0,0.0,100.0,12.0,13.64,101.0,0
2026-09-23T12:51:58+00:00,KXEOTRUMPTERM-29JAN20,How many executive orders will Trump sign in his second term?,yes-maker,12,90.0,0.0,100.0,10.0,11.11,99.0,0
2026-09-23T12:51:58+00:00,KXLOWTDEN-26SEP23,"Lowest temperature in Denver on Sep 23, 2026?",yes-maker,6,90.0,0.0,100.0,10.0,11.11,115.0,2
2026-09-23T12:51:58+00:00,KXGDPYEAR-26,US real GDP growth in 2026?,yes-maker,14,90.3,0.0,100.0,9.7,10.74,113.1,5
2026-09-23T12:51:58+00:00,KXTXHOUSEDEMSEATS-26NOV03,How many House seats will Democrats win in Texas?,yes-maker,8,90.6,0.0,100.0,9.4,10.38,112.0,0
2026-09-23T12:51:58+00:00,KXGDPYEAR-28,US real GDP growth in 2028?,yes-maker,14,91.0,0.0,100.0,9.0,9.89,123.0,2
2026-09-23T12:51:58+00:00,KXCAHOUSEDEM-26NOV03,How many House seats will Democrats win in California?,yes-maker,8,91.7,0.0,100.0,8.3,9.05,105.9,0
2026-09-23T12:51:58+00:00,KXHOUSEWINSTATE-NCD,How many House seats will Democrats win in North Carolina?,yes-maker,7,93.0,0.0,100.0,7.0,7.53,117.0,1
2026-09-23T12:51:58+00:00,KXLOWTHOU-26SEP23,"Lowest temperature in Houston on Sep 23, 2026?",yes-maker,6,93.0,0.0,100.0,7.0,7.53,113.0,3
2026-09-23T12:51:58+00:00,KXHOUSEWINSTATE-MID,How many House seats will Democrats win in Michigan?,yes-maker,7,94.0,0.0,100.0,6.0,6.38,111.0,2
2026-09-23T12:51:58+00:00,KXHIGHTSAN-26SEP23,"Highest temperature in San Diego on Sep 23, 2026?",yes-maker,6,94.0,0.0,100.0,6.0,6.38,126.0,1
2026-09-23T12:51:58+00:00,KXHOUSEWINSTATE-OHD,How many House seats will Democrats win in Ohio?,yes-maker,7,95.0,0.0,100.0,5.0,5.26,115.0,0
2026-09-23T12:51:58+00:00,KXLOWTSAN-26SEP23,"Lowest temperature in San Diego on Sep 23, 2026?",yes-maker,6,95.0,0.0,100.0,5.0,5.26,127.0,3
2026-09-23T12:51:58+00:00,KXLOWTNOLA-26SEP23,"Lowest temperature in New Orleans on Sep 23, 2026?",yes-maker,6,95.0,0.0,100.0,5.0,5.26,117.0,3
2026-09-23T12:51:58+00:00,KXLOWTMIA-26SEP23,"Lowest temperature in Miami on Sep 23, 2026?",yes-maker,6,95.0,0.0,100.0,5.0,5.26,112.0,3
2026-09-23T12:51:58+00:00,KXNUMREDISTRICTING-26NOV03,How many states will redistrict before the midterms?,yes-maker,7,96.0,0.0,100.0,4.0,4.17,105.0,0
2026-09-23T12:51:58+00:00,KXHOUSEWINSTATE-NYD,How many House seats will Democrats win in New York?,yes-maker,10,96.0,0.0,100.0,4.0,4.17,119.0,3
2026-09-23T12:51:58+00:00,KXHOUSEWINSTATE-GAD,How many House seats will Democrats win in Georgia?,yes-maker,5,96.0,0.0,100.0,4.0,4.17,113.0,0
2026-09-23T12:51:58+00:00,KXLOWTDAL-26SEP23,"Lowest temperature in Dallas on Sep 23, 2026?",yes-maker,6,96.0,0.0,100.0,4.0,4.17,119.0,4
2026-09-23T12:51:58+00:00,KXHIGHTHOU-26SEP23,"Highest temperature in Houston on Sep 23, 2026?",yes-maker,6,96.0,0.0,100.0,4.0,4.17,99.0,1
2026-09-23T12:51:58+00:00,KXHIGHTOKC-26SEP23,"Highest temperature in Oklahoma City on Sep 23, 2026?",yes-maker,6,97.0,0.0,100.0,3.0,3.09,106.0,1
2026-09-23T12:51:58+00:00,KXHIGHAUS-26SEP23,"Highest temperature in Austin on Sep 23, 2026?",yes-maker,6,97.0,0.0,100.0,3.0,3.09,100.0,2
2026-09-23T12:51:58+00:00,KXLOWTSATX-26SEP23,"Lowest temperature in San Antonio on Sep 23, 2026?",yes-maker,6,98.0,0.0,100.0,2.0,2.04,114.0,2
2026-09-23T12:51:58+00:00,KXLOWTPHIL-26SEP23,"Lowest temperature in Philadelphia on Sep 23, 2026?",yes-maker,6,98.0,0.0,100.0,2.0,2.04,105.0,4
2026-09-23T12:51:58+00:00,KXLOWTCHI-26SEP23,"Lowest temperature in Chicago on Sep 23, 2026?",yes-maker,6,98.0,0.0,100.0,2.0,2.04,109.0,4
2026-09-23T12:51:58+00:00,KXHIGHPHIL-26SEP23,"Highest temperature in Philadelphia on Sep 23, 2026?",yes-maker,6,98.0,0.0,100.0,2.0,2.04,107.0,1
2026-09-23T12:51:58+00:00,KXETHY-27JAN0100,Ethereum price at the end of 2026,yes-maker,18,98.7,0.0,100.0,1.3,1.32,98.7,0
2026-09-23T12:51:58+00:00,KXHMONTHRANGE-26SEP,Sep 2026 temperature increase?,yes-maker,6,99.0,0.0,100.0,1.0,1.01,116.0,4
2026-09-23T12:51:58+00:00,KXLOWTBOS-26SEP23,"Lowest temperature in Boston on Sep 23, 2026?",yes-maker,6,99.0,0.0,100.0,1.0,1.01,109.0,4
2026-09-23T12:51:58+00:00,KXHIGHTDC-26SEP23,"Highest temperature in Washington DC on Sep 23, 2026?",yes-maker,6,99.0,0.0,100.0,1.0,1.01,102.0,1
2026-09-23T17:39:24+00:00,KXGDPYEAR-32,US real GDP growth in 2032?,yes-maker,14,62.0,0.0,100.0,38.0,61.29,98.0,1
2026-09-23T17:39:24+00:00,KXHOUSEWINSTATE-FLD,How many House seats will Democrats win in Florida?,yes-maker,9,83.0,0.0,100.0,17.0,20.48,128.0,1
2026-09-23T17:39:24+00:00,KXGDPYEAR-28,US real GDP growth in 2028?,yes-maker,14,84.0,0.0,100.0,16.0,19.05,126.0,4
2026-09-23T17:39:24+00:00,KXHOUSEWINSTATE-AZD,How many House seats will Democrats win in Arizona?,yes-maker,6,89.0,0.0,100.0,11.0,12.36,106.0,1
2026-09-23T17:39:24+00:00,KXEOTRUMPTERM-29JAN20,How many executive orders will Trump sign in his second term?,yes-maker,12,90.0,0.0,100.0,10.0,11.11,99.0,0
2026-09-23T17:39:24+00:00,KXSOCKEYERUN-27,Bristol Bay sockeye run forecast for 2027,yes-maker,6,90.0,0.0,100.0,10.0,11.11,121.0,1
2026-09-23T17:39:24+00:00,KXGDPYEAR-26,US real GDP growth in 2026?,yes-maker,14,91.0,0.0,100.0,9.0,9.89,114.6,5
2026-09-23T17:39:24+00:00,KXHOUSEWINSTATE-PAD,How many House seats will Democrats win in Pennsylvania?,yes-maker,8,92.0,0.0,100.0,8.0,8.70,116.0,2
2026-09-23T17:39:24+00:00,KXTXHOUSEDEMSEATS-26NOV03,How many House seats will Democrats win in Texas?,yes-maker,8,93.6,0.0,100.0,6.4,6.84,116.0,0
2026-09-23T17:39:24+00:00,KXHOUSEWINSTATE-OHD,How many House seats will Democrats win in Ohio?,yes-maker,7,94.0,0.0,100.0,6.0,6.38,116.0,0
2026-09-23T17:39:24+00:00,KXCAHOUSEDEM-26NOV03,How many House seats will Democrats win in California?,yes-maker,8,95.8,0.0,100.0,4.2,4.38,107.7,0
2026-09-23T17:39:24+00:00,KXNUMREDISTRICTING-26NOV03,How many states will redistrict before the midterms?,yes-maker,7,96.0,0.0,100.0,4.0,4.17,105.0,0
2026-09-23T17:39:24+00:00,KXHOUSEWINSTATE-MID,How many House seats will Democrats win in Michigan?,yes-maker,7,96.0,0.0,100.0,4.0,4.17,113.0,2
2026-09-23T17:39:24+00:00,KXHOUSEWINSTATE-GAD,How many House seats will Democrats win in Georgia?,yes-maker,5,96.0,0.0,100.0,4.0,4.17,114.0,0
2026-09-23T17:39:24+00:00,KXHOUSEWINSTATE-NCD,How many House seats will Democrats win in North Carolina?,yes-maker,7,96.0,0.0,100.0,4.0,4.17,121.0,1
2026-09-23T17:39:24+00:00,KXETHY-27JAN0100,Ethereum price at the end of 2026,yes-maker,18,97.1,0.0,100.0,2.9,2.99,97.7,0
2026-09-23T17:39:24+00:00,KXHOUSEWINSTATE-NYD,How many House seats will Democrats win in New York?,yes-maker,10,99.0,0.0,100.0,1.0,1.01,120.0,3
2026-09-23T17:39:24+00:00,KXHOUSEWINSTATE-ILD,How many House seats will Democrats win in Illinois?,yes-maker,5,99.0,0.0,100.0,1.0,1.01,111.0,2
2026-09-23T20:59:01+00:00,KXGDPYEAR-32,US real GDP growth in 2032?,yes-maker,14,55.0,0.0,100.0,45.0,81.82,98.0,3
2026-09-23T20:59:01+00:00,KXHIGHTSAN-26SEP23,"Highest temperature in San Diego on Sep 23, 2026?",yes-maker,6,68.0,0.0,100.0,32.0,47.06,104.0,3
2026-09-23T20:59:01+00:00,KXLOWTPHX-26SEP24,"Lowest temperature in Phoenix on Sep 24, 2026?",yes-maker,6,73.0,0.0,100.0,27.0,36.99,126.0,1
2026-09-23T20:59:01+00:00,KXHIGHTSAN-26SEP24,"Highest temperature in San Diego on Sep 24, 2026?",yes-maker,6,74.0,0.0,100.0,26.0,35.14,125.0,0
2026-09-23T20:59:01+00:00,KXLOWTDC-26SEP24,"Lowest temperature in Washington DC on Sep 24, 2026?",yes-maker,6,76.0,0.0,100.0,24.0,31.58,121.0,1
2026-09-23T20:59:01+00:00,KXLOWTSFO-26SEP24,"Lowest temperature in San Francisco on Sep 24, 2026?",yes-maker,6,80.0,0.0,100.0,20.0,25.00,121.00000000000001,1
2026-09-23T20:59:01+00:00,KXLOWTMIN-26SEP24,"Lowest temperature in Minneapolis on Sep 24, 2026?",yes-maker,6,80.0,0.0,100.0,20.0,25.00,114.0,0
2026-09-23T20:59:01+00:00,KXLOWTOKC-26SEP24,"Lowest temperature in Oklahoma City on Sep 24, 2026?",yes-maker,6,82.0,0.0,100.0,18.0,21.95,124.99999999999999,1
2026-09-23T20:59:01+00:00,KXLOWTSEA-26SEP24,"Lowest temperature in Seattle on Sep 24, 2026?",yes-maker,6,84.0,0.0,100.0,16.0,19.05,126.0,1
2026-09-23T20:59:01+00:00,KXLOWTLAX-26SEP24,"Lowest temperature in Los Angeles on Sep 24, 2026?",yes-maker,6,84.0,0.0,100.0,16.0,19.05,126.0,1
2026-09-23T20:59:01+00:00,KXLOWTPHIL-26SEP24,"Lowest temperature in Philadelphia on Sep 24, 2026?",yes-maker,6,85.0,0.0,100.0,15.0,17.65,130.0,2
2026-09-23T20:59:01+00:00,KXLOWTAUS-26SEP24,"Lowest temperature in Austin on Sep 24, 2026?",yes-maker,6,85.0,0.0,100.0,15.0,17.65,126.0,0
2026-09-23T20:59:01+00:00,KXLOWTATL-26SEP24,"Lowest temperature in Atlanta on Sep 24, 2026?",yes-maker,6,85.0,0.0,100.0,15.0,17.65,129.0,2
2026-09-23T20:59:01+00:00,KXLOWTMIA-26SEP24,"Lowest temperature in Miami on Sep 24, 2026?",yes-maker,6,86.0,0.0,100.0,14.0,16.28,127.0,0
2026-09-23T20:59:01+00:00,KXLOWTLV-26SEP24,"Lowest temperature in Las Vegas on Sep 24, 2026?",yes-maker,6,87.0,0.0,100.0,13.0,14.94,127.0,2
2026-09-23T20:59:01+00:00,KXSOCKEYERUN-27,Bristol Bay sockeye run forecast for 2027,yes-maker,6,88.0,0.0,100.0,12.0,13.64,122.0,1
2026-09-23T20:59:01+00:00,KXLOWTHOU-26SEP24,"Lowest temperature in Houston on Sep 24, 2026?",yes-maker,6,88.0,0.0,100.0,12.0,13.64,127.0,1
2026-09-23T20:59:01+00:00,KXEOTRUMPTERM-29JAN20,How many executive orders will Trump sign in his second term?,yes-maker,12,90.0,0.0,100.0,10.0,11.11,99.0,0
2026-09-23T20:59:01+00:00,KXLOWTNOLA-26SEP24,"Lowest temperature in New Orleans on Sep 24, 2026?",yes-maker,6,90.0,0.0,100.0,10.0,11.11,127.0,1
2026-09-23T20:59:01+00:00,KXHIGHTMIN-26SEP24,"Highest temperature in Minneapolis on Sep 24, 2026?",yes-maker,6,90.0,0.0,100.0,10.0,11.11,97.0,1
2026-09-23T20:59:01+00:00,KXTXHOUSEDEMSEATS-26NOV03,How many House seats will Democrats win in Texas?,yes-maker,8,90.6,0.0,100.0,9.4,10.38,117.0,0
2026-09-23T20:59:01+00:00,KXGDPYEAR-26,US real GDP growth in 2026?,yes-maker,14,90.8,0.0,100.0,9.2,10.13,113.8,5
2026-09-23T20:59:01+00:00,KXGDPYEAR-28,US real GDP growth in 2028?,yes-maker,14,91.0,0.0,100.0,9.0,9.89,123.0,2
2026-09-23T20:59:01+00:00,KXHOUSEWINSTATE-AZD,How many House seats will Democrats win in Arizona?,yes-maker,6,91.0,0.0,100.0,9.0,9.89,114.0,1
2026-09-23T20:59:01+00:00,KXCAHOUSEDEM-26NOV03,How many House seats will Democrats win in California?,yes-maker,8,91.6,0.0,100.0,8.4,9.17,108.4,0
2026-09-23T20:59:01+00:00,KXHOUSEWINSTATE-MID,How many House seats will Democrats win in Michigan?,yes-maker,7,92.0,0.0,100.0,8.0,8.70,117.0,2
2026-09-23T20:59:01+00:00,KXLOWTBOS-26SEP24,"Lowest temperature in Boston on Sep 24, 2026?",yes-maker,6,92.0,0.0,100.0,8.0,8.70,124.0,0
2026-09-23T20:59:01+00:00,KXHIGHTNOLA-26SEP24,"Highest temperature in New Orleans on Sep 24, 2026?",yes-maker,6,94.0,0.0,100.0,6.0,6.38,101.0,1
2026-09-23T20:59:01+00:00,KXHIGHTPHX-26SEP24,"Highest temperature in Phoenix on Sep 24, 2026?",yes-maker,6,95.0,0.0,100.0,5.0,5.26,102.0,1
2026-09-23T20:59:01+00:00,KXHIGHTATL-26SEP24,"Highest temperature in Atlanta on Sep 24, 2026?",yes-maker,6,95.0,0.0,100.0,5.0,5.26,103.0,1
2026-09-23T20:59:01+00:00,KXHIGHTEWR-26SEP23,"Highest temperature in Newark on Sep 23, 2026?",yes-maker,6,95.0,0.0,100.0,5.0,5.26,115.0,3
2026-09-23T20:59:01+00:00,KXNUMREDISTRICTING-26NOV03,How many states will redistrict before the midterms?,yes-maker,7,96.0,0.0,100.0,4.0,4.17,105.0,0
2026-09-23T20:59:01+00:00,KXHOUSEWINSTATE-GAD,How many House seats will Democrats win in Georgia?,yes-maker,5,96.0,0.0,100.0,4.0,4.17,115.0,0
2026-09-23T20:59:01+00:00,KXHIGHTTTN-26SEP23,"Highest temperature in Trenton on Sep 23, 2026?",yes-maker,6,96.0,0.0,100.0,4.0,4.17,116.0,4
2026-09-23T20:59:01+00:00,KXHIGHTSDF-26SEP23,"Highest temperature in Louisville on Sep 23, 2026?",yes-maker,6,96.0,0.0,100.0,4.0,4.17,129.0,4
2026-09-23T20:59:01+00:00,KXHIGHTSATX-26SEP23,"Highest temperature in San Antonio on Sep 23, 2026?",yes-maker,6,96.0,0.0,100.0,4.0,4.17,119.0,4
2026-09-23T20:59:01+00:00,KXBTCY-27JAN0100,Bitcoin price at the end of 2026,yes-maker,28,96.4,0.0,100.0,3.6,3.73,96.4,0
2026-09-23T20:59:01+00:00,KXHOUSEWINSTATE-NYD,How many House seats will Democrats win in New York?,yes-maker,10,97.0,0.0,100.0,3.0,3.09,124.0,3
2026-09-23T20:59:01+00:00,KXHMONTHRANGE-26SEP,Sep 2026 temperature increase?,yes-maker,6,98.0,0.0,100.0,2.0,2.04,112.0,4
2026-09-23T20:59:01+00:00,KXHIGHTOKC-26SEP24,"Highest temperature in Oklahoma City on Sep 24, 2026?",yes-maker,6,98.0,0.0,100.0,2.0,2.04,100.0,1
2026-09-23T20:59:01+00:00,KXETHY-27JAN0100,Ethereum price at the end of 2026,yes-maker,18,98.4,0.0,100.0,1.6,1.63,98.4,0
2026-09-23T20:59:01+00:00,KXHOUSEWINSTATE-OHD,How many House seats will Democrats win in Ohio?,yes-maker,7,99.0,0.0,100.0,1.0,1.01,115.0,0
2026-09-23T20:59:01+00:00,KXHIGHTDC-26SEP24,"Highest temperature in Washington DC on Sep 24, 2026?",yes-maker,6,99.0,0.0,100.0,1.0,1.01,109.0,1
2026-09-23T20:59:01+00:00,KXHIGHTPHX-26SEP23,"Highest temperature in Phoenix on Sep 23, 2026?",yes-maker,6,99.0,0.0,100.0,1.0,1.01,105.0,4
2026-09-23T20:59:01+00:00,KXHIGHPHIL-26SEP23,"Highest temperature in Philadelphia on Sep 23, 2026?",yes-maker,6,99.0,0.0,100.0,1.0,1.01,106.0,3
2026-09-23T23:28:36+00:00,KXGDPYEAR-32,US real GDP growth in 2032?,yes-maker,14,55.0,0.0,100.0,45.0,81.82,98.0,3
2026-09-23T23:28:36+00:00,KXHIGHTSAN-26SEP24,"Highest temperature in San Diego on Sep 24, 2026?",yes-maker,6,67.0,0.0,100.0,33.0,49.25,130.0,1
2026-09-23T23:28:36+00:00,KXLOWTPHIL-26SEP24,"Lowest temperature in Philadelphia on Sep 24, 2026?",yes-maker,6,78.0,0.0,100.0,22.0,28.21,119.0,2
2026-09-23T23:28:36+00:00,KXLOWTDEN-26SEP24,"Lowest temperature in Denver on Sep 24, 2026?",yes-maker,6,78.0,0.0,100.0,22.0,28.21,125.0,1
2026-09-23T23:28:36+00:00,KXLOWTHOU-26SEP24,"Lowest temperature in Houston on Sep 24, 2026?",yes-maker,6,79.0,0.0,100.0,21.0,26.58,119.0,1
2026-09-23T23:28:36+00:00,KXLOWTSFO-26SEP24,"Lowest temperature in San Francisco on Sep 24, 2026?",yes-maker,6,81.0,0.0,100.0,19.0,23.46,123.0,1
2026-09-23T23:28:36+00:00,KXLOWTATL-26SEP24,"Lowest temperature in Atlanta on Sep 24, 2026?",yes-maker,6,84.0,0.0,100.0,16.0,19.05,120.0,2
2026-09-23T23:28:36+00:00,KXHOUSEWINSTATE-FLD,How many House seats will Democrats win in Florida?,yes-maker,9,85.0,0.0,100.0,15.0,17.65,130.0,1
2026-09-23T23:28:36+00:00,KXLOWTMIA-26SEP24,"Lowest temperature in Miami on Sep 24, 2026?",yes-maker,6,86.0,0.0,100.0,14.0,16.28,107.0,0
2026-09-23T23:28:36+00:00,KXSOCKEYERUN-27,Bristol Bay sockeye run forecast for 2027,yes-maker,6,88.0,0.0,100.0,12.0,13.64,122.0,1
2026-09-23T23:28:36+00:00,KXLOWTNYC-26SEP24,"Lowest temperature in New York City on Sep 24, 2026?",yes-maker,6,88.0,0.0,100.0,12.0,13.64,117.0,0
2026-09-23T23:28:36+00:00,KXLOWTPHX-26SEP24,"Lowest temperature in Phoenix on Sep 24, 2026?",yes-maker,6,89.0,0.0,100.0,11.0,12.36,114.0,1
2026-09-23T23:28:36+00:00,KXEOTRUMPTERM-29JAN20,How many executive orders will Trump sign in his second term?,yes-maker,12,90.0,0.0,100.0,10.0,11.11,99.0,0
2026-09-23T23:28:36+00:00,KXLOWTOKC-26SEP24,"Lowest temperature in Oklahoma City on Sep 24, 2026?",yes-maker,6,90.0,0.0,100.0,10.0,11.11,112.0,1
2026-09-23T23:28:36+00:00,KXLOWTMIN-26SEP24,"Lowest temperature in Minneapolis on Sep 24, 2026?",yes-maker,6,90.0,0.0,100.0,10.0,11.11,113.0,0
2026-09-23T23:28:36+00:00,KXLOWTLV-26SEP24,"Lowest temperature in Las Vegas on Sep 24, 2026?",yes-maker,6,90.0,0.0,100.0,10.0,11.11,108.0,2
2026-09-23T23:28:36+00:00,KXLOWTDC-26SEP24,"Lowest temperature in Washington DC on Sep 24, 2026?",yes-maker,6,90.0,0.0,100.0,10.0,11.11,117.0,1
2026-09-23T23:28:36+00:00,KXGDPYEAR-26,US real GDP growth in 2026?,yes-maker,14,90.7,0.0,100.0,9.3,10.25,113.0,5
2026-09-23T23:28:36+00:00,KXGDPYEAR-28,US real GDP growth in 2028?,yes-maker,14,91.0,0.0,100.0,9.0,9.89,123.0,2
2026-09-23T23:28:36+00:00,KXHOUSEWINSTATE-AZD,How many House seats will Democrats win in Arizona?,yes-maker,6,91.0,0.0,100.0,9.0,9.89,108.0,1
2026-09-23T23:28:36+00:00,KXLOWTCHI-26SEP24,"Lowest temperature in Chicago on Sep 24, 2026?",yes-maker,6,91.0,0.0,100.0,9.0,9.89,120.0,1
2026-09-23T23:28:36+00:00,KXLOWTBOS-26SEP24,"Lowest temperature in Boston on Sep 24, 2026?",yes-maker,6,91.0,0.0,100.0,9.0,9.89,111.0,0
2026-09-23T23:28:36+00:00,KXHOUSEWINSTATE-MID,How many House seats will Democrats win in Michigan?,yes-maker,7,93.0,0.0,100.0,7.0,7.53,118.0,2
2026-09-23T23:28:36+00:00,KXCAHOUSEDEM-26NOV03,How many House seats will Democrats win in California?,yes-maker,8,93.6,0.0,100.0,6.4,6.84,108.4,0
2026-09-23T23:28:36+00:00,KXTXHOUSEDEMSEATS-26NOV03,How many House seats will Democrats win in Texas?,yes-maker,8,93.6,0.0,100.0,6.4,6.84,118.0,0
2026-09-23T23:28:36+00:00,KXLOWTLAX-26SEP24,"Lowest temperature in Los Angeles on Sep 24, 2026?",yes-maker,6,94.0,0.0,100.0,6.0,6.38,117.0,1
2026-09-23T23:28:36+00:00,KXLOWTDAL-26SEP24,"Lowest temperature in Dallas on Sep 24, 2026?",yes-maker,6,94.0,0.0,100.0,6.0,6.38,119.0,2
2026-09-23T23:28:36+00:00,KXLOWTAUS-26SEP24,"Lowest temperature in Austin on Sep 24, 2026?",yes-maker,6,95.0,0.0,100.0,5.0,5.26,115.0,0
2026-09-23T23:28:36+00:00,KXNUMREDISTRICTING-26NOV03,How many states will redistrict before the midterms?,yes-maker,7,96.0,0.0,100.0,4.0,4.17,105.0,0
2026-09-23T23:28:36+00:00,KXHOUSEWINSTATE-GAD,How many House seats will Democrats win in Georgia?,yes-maker,5,96.0,0.0,100.0,4.0,4.17,115.0,0
2026-09-23T23:28:36+00:00,KXLOWTNOLA-26SEP24,"Lowest temperature in New Orleans on Sep 24, 2026?",yes-maker,6,97.0,0.0,100.0,3.0,3.09,115.0,1
2026-09-23T23:28:36+00:00,KXHIGHPHIL-26SEP24,"Highest temperature in Philadelphia on Sep 24, 2026?",yes-maker,6,97.0,0.0,100.0,3.0,3.09,103.0,0
2026-09-23T23:28:36+00:00,KXHOUSEWINSTATE-NYD,How many House seats will Democrats win in New York?,yes-maker,10,98.0,0.0,100.0,2.0,2.04,123.0,3
2026-09-23T23:28:36+00:00,KXETHY-27JAN0100,Ethereum price at the end of 2026,yes-maker,18,98.8,0.0,100.0,1.2,1.21,98.8,0
2026-09-24T01:36:10+00:00,KXGDPYEAR-32,US real GDP growth in 2032?,yes-maker,14,55.0,0.0,100.0,45.0,81.82,98.0,3
2026-09-24T01:36:10+00:00,KXHOUSEWINSTATE-FLD,How many House seats will Democrats win in Florida?,yes-maker,9,85.0,0.0,100.0,15.0,17.65,126.0,1
2026-09-24T01:36:10+00:00,KXEOTRUMPTERM-29JAN20,How many executive orders will Trump sign in his second term?,yes-maker,12,90.0,0.0,100.0,10.0,11.11,99.0,0
2026-09-24T01:36:10+00:00,KXGDPYEAR-26,US real GDP growth in 2026?,yes-maker,14,90.5,0.0,100.0,9.5,10.50,112.5,5
2026-09-24T01:36:10+00:00,KXGDPYEAR-28,US real GDP growth in 2028?,yes-maker,14,91.0,0.0,100.0,9.0,9.89,123.0,2
2026-09-24T01:36:10+00:00,KXHOUSEWINSTATE-AZD,How many House seats will Democrats win in Arizona?,yes-maker,6,92.0,0.0,100.0,8.0,8.70,118.0,1
2026-09-24T01:36:10+00:00,KXCAHOUSEDEM-26NOV03,How many House seats will Democrats win in California?,yes-maker,8,92.6,0.0,100.0,7.4,7.99,108.4,0
2026-09-24T01:36:10+00:00,KXHOUSEWINSTATE-MID,How many House seats will Democrats win in Michigan?,yes-maker,7,93.0,0.0,100.0,7.0,7.53,117.0,2
2026-09-24T01:36:10+00:00,KXTXHOUSEDEMSEATS-26NOV03,How many House seats will Democrats win in Texas?,yes-maker,8,93.6,0.0,100.0,6.4,6.84,118.0,0
2026-09-24T01:36:10+00:00,KXNUMREDISTRICTING-26NOV03,How many states will redistrict before the midterms?,yes-maker,7,96.0,0.0,100.0,4.0,4.17,105.0,0
2026-09-24T01:36:10+00:00,KXHOUSEWINSTATE-GAD,How many House seats will Democrats win in Georgia?,yes-maker,5,96.0,0.0,100.0,4.0,4.17,115.0,0
2026-09-24T01:36:10+00:00,KXHOUSEWINSTATE-NYD,How many House seats will Democrats win in New York?,yes-maker,10,98.0,0.0,100.0,2.0,2.04,123.0,3
2026-09-24T01:36:10+00:00,KXETHY-27JAN0100,Ethereum price at the end of 2026,yes-maker,18,98.5,0.0,100.0,1.5,1.52,98.5,0
2026-09-24T01:36:10+00:00,KXBTCY-27JAN0100,Bitcoin price at the end of 2026,yes-maker,28,99.8,0.0,100.0,0.2,0.20,99.8,0
2026-09-24T07:04:29+00:00,KXGDPYEAR-32,US real GDP growth in 2032?,yes-maker,14,55.0,0.0,100.0,45.0,81.82,99.0,3
2026-09-24T07:04:29+00:00,KXLOWTNOLA-26SEP24,"Lowest temperature in New Orleans on Sep 24, 2026?",yes-maker,6,64.0,0.0,100.0,36.0,56.25,119.0,3
2026-09-24T07:04:29+00:00,KXHOUSEWINSTATE-MID,How many House seats will Democrats win in Michigan?,yes-maker,7,66.0,0.0,100.0,34.0,51.52,119.0,2
2026-09-24T07:04:29+00:00,KXHIGHTMIN-26SEP24,"Highest temperature in Minneapolis on Sep 24, 2026?",yes-maker,6,67.0,0.0,100.0,33.0,49.25,127.0,1
2026-09-24T07:04:29+00:00,KXLOWTSEA-26SEP24,"Lowest temperature in Seattle on Sep 24, 2026?",yes-maker,6,76.0,0.0,100.0,24.0,31.58,126.0,0
2026-09-24T07:04:29+00:00,KXLOWTDAL-26SEP24,"Lowest temperature in Dallas on Sep 24, 2026?",yes-maker,6,79.0,0.0,100.0,21.0,26.58,124.0,2
2026-09-24T07:04:29+00:00,KXLOWTSFO-26SEP24,"Lowest temperature in San Francisco on Sep 24, 2026?",yes-maker,6,81.0,0.0,100.0,19.0,23.46,123.0,1
2026-09-24T07:04:29+00:00,KXLOWTBOS-26SEP24,"Lowest temperature in Boston on Sep 24, 2026?",yes-maker,6,82.0,0.0,100.0,18.0,21.95,102.0,4
2026-09-24T07:04:29+00:00,KXTXHOUSEDEMSEATS-26NOV03,How many House seats will Democrats win in Texas?,yes-maker,8,86.5,0.0,100.0,13.5,15.61,120.0,1
2026-09-24T07:04:29+00:00,KXLOWTPHIL-26SEP24,"Lowest temperature in Philadelphia on Sep 24, 2026?",yes-maker,6,87.0,0.0,100.0,13.0,14.94,122.0,3
2026-09-24T07:04:29+00:00,KXGDPYEAR-26,US real GDP growth in 2026?,yes-maker,14,87.3,0.0,100.0,12.7,14.55,114.5,6
2026-09-24T07:04:29+00:00,KXGDPYEAR-28,US real GDP growth in 2028?,yes-maker,14,89.0,0.0,100.0,11.0,12.36,123.0,2
2026-09-24T07:04:29+00:00,KXEOTRUMPTERM-29JAN20,How many executive orders will Trump sign in his second term?,yes-maker,12,90.0,0.0,100.0,10.0,11.11,99.0,0
2026-09-24T07:04:29+00:00,KXHOUSEWINSTATE-AZD,How many House seats will Democrats win in Arizona?,yes-maker,6,90.0,0.0,100.0,10.0,11.11,119.0,1
2026-09-24T07:04:29+00:00,KXLOWTLV-26SEP24,"Lowest temperature in Las Vegas on Sep 24, 2026?",yes-maker,6,90.0,0.0,100.0,10.0,11.11,122.0,4
2026-09-24T07:04:29+00:00,KXCAHOUSEDEM-26NOV03,How many House seats will Democrats win in California?,yes-maker,8,91.5,0.0,100.0,8.5,9.29,108.4,0
2026-09-24T07:04:29+00:00,KXHOUSEWINSTATE-GAD,How many House seats will Democrats win in Georgia?,yes-maker,5,94.0,0.0,100.0,6.0,6.38,115.0,0
2026-09-24T07:04:29+00:00,KXHIGHNY-26SEP24,"Highest temperature in New York City on Sep 24, 2026?",yes-maker,6,94.0,0.0,100.0,6.0,6.38,104.0,1
2026-09-24T07:04:29+00:00,KXHIGHTSATX-26SEP24,"Highest temperature in San Antonio on Sep 24, 2026?",yes-maker,6,95.0,0.0,100.0,5.0,5.26,116.0,2
2026-09-24T07:04:29+00:00,KXHIGHTHOU-26SEP24,"Highest temperature in Houston on Sep 24, 2026?",yes-maker,6,95.0,0.0,100.0,5.0,5.26,111.0,1
2026-09-24T07:04:29+00:00,KXNUMREDISTRICTING-26NOV03,How many states will redistrict before the midterms?,yes-maker,7,96.0,0.0,100.0,4.0,4.17,107.0,0
2026-09-24T07:04:29+00:00,KXHIGHTSFO-26SEP24,"Highest temperature in San Francisco on Sep 24, 2026?",yes-maker,6,96.0,0.0,100.0,4.0,4.17,113.0,0
2026-09-24T07:04:29+00:00,KXHIGHAUS-26SEP24,"Highest temperature in Austin on Sep 24, 2026?",yes-maker,6,96.0,0.0,100.0,4.0,4.17,104.0,1
2026-09-24T07:04:29+00:00,KXHOUSEWINSTATE-PAD,How many House seats will Democrats win in Pennsylvania?,yes-maker,8,97.0,0.0,100.0,3.0,3.09,127.0,2
2026-09-24T07:04:29+00:00,KXHIGHTNOLA-26SEP24,"Highest temperature in New Orleans on Sep 24, 2026?",yes-maker,6,97.0,0.0,100.0,3.0,3.09,112.0,2
2026-09-24T07:04:29+00:00,KXETHY-27JAN0100,Ethereum price at the end of 2026,yes-maker,18,97.5,0.0,100.0,2.5,2.56,97.9,0
2026-09-24T07:04:29+00:00,KXHOUSEWINSTATE-OHD,How many House seats will Democrats win in Ohio?,yes-maker,7,98.0,0.0,100.0,2.0,2.04,121.0,0
2026-09-24T07:04:29+00:00,KXHIGHTDC-26SEP24,"Highest temperature in Washington DC on Sep 24, 2026?",yes-maker,6,98.0,0.0,100.0,2.0,2.04,105.0,2
2026-09-24T07:04:29+00:00,KXHMONTHRANGE-26SEP,Sep 2026 temperature increase?,yes-maker,6,99.0,0.0,100.0,1.0,1.01,113.0,4
2026-09-24T07:04:29+00:00,KXHIGHTBOS-26SEP24,"Highest temperature in Boston on Sep 24, 2026?",yes-maker,6,99.0,0.0,100.0,1.0,1.01,120.0,2
2026-09-24T07:04:29+00:00,KXHIGHTATL-26SEP24,"Highest temperature in Atlanta on Sep 24, 2026?",yes-maker,6,99.0,0.0,100.0,1.0,1.01,121.0,1
2026-09-24T12:49:21+00:00,KXGDPYEAR-32,US real GDP growth in 2032?,yes-maker,14,55.0,0.0,100.0,45.0,81.82,95.0,3
2026-09-24T12:49:21+00:00,KXHIGHTSAN-26SEP24,"Highest temperature in San Diego on Sep 24, 2026?",yes-maker,6,65.0,0.0,100.0,35.0,53.85,108.0,2
2026-09-24T12:49:21+00:00,KXLOWTSEA-26SEP24,"Lowest temperature in Seattle on Sep 24, 2026?",yes-maker,6,66.0,0.0,100.0,34.0,51.52,104.0,2
2026-09-24T12:49:21+00:00,KXLOWTPHX-26SEP24,"Lowest temperature in Phoenix on Sep 24, 2026?",yes-maker,6,66.0,0.0,100.0,34.0,51.52,101.0,0
2026-09-24T12:49:21+00:00,KXHIGHTSDF-26SEP24,"Highest temperature in Louisville on Sep 24, 2026?",yes-maker,6,67.0,0.0,100.0,33.0,49.25,105.0,2
2026-09-24T12:49:21+00:00,KXLOWTNOLA-26SEP24,"Lowest temperature in New Orleans on Sep 24, 2026?",yes-maker,6,69.0,0.0,100.0,31.0,44.93,125.0,4
2026-09-24T12:49:21+00:00,KXHIGHTEWR-26SEP24,"Highest temperature in Newark on Sep 24, 2026?",yes-maker,6,77.0,0.0,100.0,23.0,29.87,98.0,1
2026-09-24T12:49:21+00:00,KXHOUSEWINSTATE-FLD,How many House seats will Democrats win in Florida?,yes-maker,9,83.0,0.0,100.0,17.0,20.48,129.0,1
2026-09-24T12:49:21+00:00,KXLOWTLAX-26SEP24,"Lowest temperature in Los Angeles on Sep 24, 2026?",yes-maker,6,84.0,0.0,100.0,16.0,19.05,105.0,3
2026-09-24T12:49:21+00:00,KXLOWTDAL-26SEP24,"Lowest temperature in Dallas on Sep 24, 2026?",yes-maker,6,84.0,0.0,100.0,16.0,19.05,130.0,3
2026-09-24T12:49:21+00:00,KXGDPYEAR-26,US real GDP growth in 2026?,yes-maker,14,85.0,0.0,100.0,15.0,17.65,125.9,9
2026-09-24T12:49:21+00:00,KXSOCKEYERUN-27,Bristol Bay sockeye run forecast for 2027,yes-maker,6,87.0,0.0,100.0,13.0,14.94,122.0,1
2026-09-24T12:49:21+00:00,KXCAHOUSEDEM-26NOV03,How many House seats will Democrats win in California?,yes-maker,8,87.9,0.0,100.0,12.1,13.77,124.4,0
2026-09-24T12:49:21+00:00,KXEOTRUMPTERM-29JAN20,How many executive orders will Trump sign in his second term?,yes-maker,12,90.0,0.0,100.0,10.0,11.11,99.0,0
2026-09-24T12:49:21+00:00,KXGDPYEAR-28,US real GDP growth in 2028?,yes-maker,14,91.0,0.0,100.0,9.0,9.89,123.0,2
2026-09-24T12:49:21+00:00,KXLOWTMIA-26SEP24,"Lowest temperature in Miami on Sep 24, 2026?",yes-maker,6,92.0,0.0,100.0,8.0,8.70,125.0,1
2026-09-24T12:49:21+00:00,KXHOUSEWINSTATE-MID,How many House seats will Democrats win in Michigan?,yes-maker,7,93.0,0.0,100.0,7.0,7.53,114.0,2
2026-09-24T12:49:21+00:00,KXLOWTDC-26SEP24,"Lowest temperature in Washington DC on Sep 24, 2026?",yes-maker,6,93.0,0.0,100.0,7.0,7.53,116.0,4
2026-09-24T12:49:21+00:00,KXHIGHTTTN-26SEP24,"Highest temperature in Trenton on Sep 24, 2026?",yes-maker,6,94.0,0.0,100.0,6.0,6.38,127.0,0
2026-09-24T12:49:21+00:00,KXNUMREDISTRICTING-26NOV03,How many states will redistrict before the midterms?,yes-maker,7,96.0,0.0,100.0,4.0,4.17,103.0,0
2026-09-24T12:49:21+00:00,KXHOUSEWINSTATE-GAD,How many House seats will Democrats win in Georgia?,yes-maker,5,96.0,0.0,100.0,4.0,4.17,114.0,0
2026-09-24T12:49:21+00:00,KXLOWTEWR-26SEP24,"Lowest temperature in Newark on Sep 24, 2026?",yes-maker,6,96.0,0.0,100.0,4.0,4.17,125.0,5
2026-09-24T12:49:21+00:00,KXHMONTHRANGE-26SEP,Sep 2026 temperature increase?,yes-maker,6,97.0,0.0,100.0,3.0,3.09,112.0,4
2026-09-24T12:49:21+00:00,KXHIGHTSEA-26SEP24,"Highest temperature in Seattle on Sep 24, 2026?",yes-maker,6,97.0,0.0,100.0,3.0,3.09,97.0,1
2026-09-24T12:49:21+00:00,KXETHY-27JAN0100,Ethereum price at the end of 2026,yes-maker,18,97.6,0.0,100.0,2.4,2.46,97.60000000000001,0
2026-09-24T12:49:21+00:00,KXLOWTTTN-26SEP24,"Lowest temperature in Trenton on Sep 24, 2026?",yes-maker,6,98.0,0.0,100.0,2.0,2.04,122.0,5
2026-09-24T12:49:21+00:00,KXHOUSEWINSTATE-NYD,How many House seats will Democrats win in New York?,yes-maker,10,99.0,0.0,100.0,1.0,1.01,123.0,3
2026-09-24T12:49:21+00:00,KXLOWTNYC-26SEP24,"Lowest temperature in New York City on Sep 24, 2026?",yes-maker,6,99.0,0.0,100.0,1.0,1.01,114.0,4
2026-09-24T12:49:21+00:00,KXHIGHTOKC-26SEP24,"Highest temperature in Oklahoma City on Sep 24, 2026?",yes-maker,6,99.0,0.0,100.0,1.0,1.01,101.0,1
2026-09-24T12:49:21+00:00,KXHIGHTMIN-26SEP24,"Highest temperature in Minneapolis on Sep 24, 2026?",yes-maker,6,99.0,0.0,100.0,1.0,1.01,103.0,1
2026-09-24T12:49:21+00:00,KXHIGHTDAL-26SEP24,"Highest temperature in Dallas on Sep 24, 2026?",yes-maker,6,99.0,0.0,100.0,1.0,1.01,103.0,2
2026-09-24T17:42:51+00:00,KXLOWTPHIL-26SEP25,"Lowest temperature in Philadelphia on Sep 25, 2026?",yes-maker,6,46.0,0.0,100.0,54.0,117.39,120.0,1
2026-09-24T17:42:51+00:00,KXGDPYEAR-30,US real GDP growth in 2030?,yes-maker,14,67.0,0.0,100.0,33.0,49.25,115.0,3
2026-09-24T17:42:51+00:00,KXGDPYEAR-32,US real GDP growth in 2032?,yes-maker,14,68.0,0.0,100.0,32.0,47.06,109.0,0
2026-09-24T17:42:51+00:00,KXGDPYEAR-29,US real GDP growth in 2029?,yes-maker,14,78.0,0.0,100.0,22.0,28.21,129.0,1
2026-09-24T17:42:51+00:00,KXLOWTOKC-26SEP25,"Lowest temperature in Oklahoma City on Sep 25, 2026?",yes-maker,6,78.0,0.0,100.0,22.0,28.21,130.0,0
2026-09-24T17:42:51+00:00,KXLOWTBOS-26SEP25,"Lowest temperature in Boston on Sep 25, 2026?",yes-maker,6,81.0,0.0,100.0,19.0,23.46,120.0,0
2026-09-24T17:42:51+00:00,KXLOWTNOLA-26SEP25,"Lowest temperature in New Orleans on Sep 25, 2026?",yes-maker,6,82.0,0.0,100.0,18.0,21.95,122.0,1
2026-09-24T17:42:51+00:00,KXLOWTMIA-26SEP25,"Lowest temperature in Miami on Sep 25, 2026?",yes-maker,6,83.0,0.0,100.0,17.0,20.48,124.0,0
2026-09-24T17:42:51+00:00,KXGDPYEAR-36,US real GDP growth in 2036?,yes-maker,14,84.0,0.0,100.0,16.0,19.05,116.0,0
2026-09-24T17:42:51+00:00,KXLOWTDEN-26SEP25,"Lowest temperature in Denver on Sep 25, 2026?",yes-maker,6,84.0,0.0,100.0,16.0,19.05,121.0,0
2026-09-24T17:42:51+00:00,KXHIGHTSATX-26SEP25,"Highest temperature in San Antonio on Sep 25, 2026?",yes-maker,6,84.0,0.0,100.0,16.0,19.05,100.0,1
2026-09-24T17:42:51+00:00,KXLOWTDAL-26SEP25,"Lowest temperature in Dallas on Sep 25, 2026?",yes-maker,6,85.0,0.0,100.0,15.0,17.65,121.0,1
2026-09-24T17:42:51+00:00,KXGDPYEAR-34,US real GDP growth in 2034?,yes-maker,14,86.0,0.0,100.0,14.0,16.28,119.0,0
2026-09-24T17:42:51+00:00,KXLOWTAUS-26SEP25,"Lowest temperature in Austin on Sep 25, 2026?",yes-maker,6,86.0,0.0,100.0,14.0,16.28,110.0,0
2026-09-24T17:42:51+00:00,KXSOCKEYERUN-27,Bristol Bay sockeye run forecast for 2027,yes-maker,6,87.0,0.0,100.0,13.0,14.94,122.0,1
2026-09-24T17:42:51+00:00,KXLOWTPHX-26SEP25,"Lowest temperature in Phoenix on Sep 25, 2026?",yes-maker,6,87.0,0.0,100.0,13.0,14.94,126.0,0
2026-09-24T17:42:51+00:00,KXLOWTDC-26SEP25,"Lowest temperature in Washington DC on Sep 25, 2026?",yes-maker,6,87.0,0.0,100.0,13.0,14.94,125.0,1
2026-09-24T17:42:51+00:00,KXEOTRUMPTERM-29JAN20,How many executive orders will Trump sign in his second term?,yes-maker,12,87.3,0.0,100.0,12.7,14.55,99.0,0
2026-09-24T17:42:51+00:00,KXLOWTATL-26SEP25,"Lowest temperature in Atlanta on Sep 25, 2026?",yes-maker,6,88.0,0.0,100.0,12.0,13.64,120.0,1
2026-09-24T17:42:51+00:00,KXHIGHTMIN-26SEP25,"Highest temperature in Minneapolis on Sep 25, 2026?",yes-maker,6,88.0,0.0,100.0,12.0,13.64,115.0,0
2026-09-24T17:42:51+00:00,KXLOWTSEA-26SEP25,"Lowest temperature in Seattle on Sep 25, 2026?",yes-maker,6,89.0,0.0,100.0,11.0,12.36,128.0,1
2026-09-24T17:42:51+00:00,KXLOWTLV-26SEP25,"Lowest temperature in Las Vegas on Sep 25, 2026?",yes-maker,6,89.0,0.0,100.0,11.0,12.36,120.0,1
2026-09-24T17:42:51+00:00,KXLOWTSFO-26SEP25,"Lowest temperature in San Francisco on Sep 25, 2026?",yes-maker,6,90.0,0.0,100.0,10.0,11.11,115.00000000000001,1
2026-09-24T17:42:51+00:00,KXTXHOUSEDEMSEATS-26NOV03,How many House seats will Democrats win in Texas?,yes-maker,8,90.6,0.0,100.0,9.4,10.38,114.0,0
2026-09-24T17:42:51+00:00,KXGDPYEAR-28,US real GDP growth in 2028?,yes-maker,14,91.0,0.0,100.0,9.0,9.89,123.0,2
2026-09-24T17:42:51+00:00,KXLOWTMIN-26SEP25,"Lowest temperature in Minneapolis on Sep 25, 2026?",yes-maker,6,91.0,0.0,100.0,9.0,9.89,123.0,0
2026-09-24T17:42:51+00:00,KXLOWTLAX-26SEP25,"Lowest temperature in Los Angeles on Sep 25, 2026?",yes-maker,6,91.0,0.0,100.0,9.0,9.89,109.0,1
2026-09-24T17:42:51+00:00,KXGDPYEAR-26,US real GDP growth in 2026?,yes-maker,14,91.6,0.0,100.0,8.4,9.17,114.8,5
2026-09-24T17:42:51+00:00,KXCAHOUSEDEM-26NOV03,How many House seats will Democrats win in California?,yes-maker,8,91.7,0.0,100.0,8.3,9.05,109.4,0
2026-09-24T17:42:51+00:00,KXHOUSEWINSTATE-MID,How many House seats will Democrats win in Michigan?,yes-maker,7,92.0,0.0,100.0,8.0,8.70,114.0,2
2026-09-24T17:42:51+00:00,KXHOUSEWINSTATE-AZD,How many House seats will Democrats win in Arizona?,yes-maker,6,92.0,0.0,100.0,8.0,8.70,114.0,1
2026-09-24T17:42:51+00:00,KXHIGHTNOLA-26SEP25,"Highest temperature in New Orleans on Sep 25, 2026?",yes-maker,6,92.0,0.0,100.0,8.0,8.70,109.0,1
2026-09-24T17:42:51+00:00,KXHIGHTHOU-26SEP25,"Highest temperature in Houston on Sep 25, 2026?",yes-maker,6,92.0,0.0,100.0,8.0,8.70,104.0,1
2026-09-24T17:42:51+00:00,KXNUMREDISTRICTING-26NOV03,How many states will redistrict before the midterms?,yes-maker,7,94.0,0.0,100.0,6.0,6.38,108.0,0
2026-09-24T17:42:51+00:00,KXLOWTNYC-26SEP25,"Lowest temperature in New York City on Sep 25, 2026?",yes-maker,6,94.0,0.0,100.0,6.0,6.38,117.0,0
2026-09-24T17:42:51+00:00,KXHIGHTSEA-26SEP25,"Highest temperature in Seattle on Sep 25, 2026?",yes-maker,6,94.0,0.0,100.0,6.0,6.38,103.0,0
2026-09-24T17:42:51+00:00,KXHIGHTLV-26SEP25,"Highest temperature in Las Vegas on Sep 25, 2026?",yes-maker,6,95.0,0.0,100.0,5.0,5.26,108.0,1
2026-09-24T17:42:51+00:00,KXHOUSEWINSTATE-GAD,How many House seats will Democrats win in Georgia?,yes-maker,5,96.0,0.0,100.0,4.0,4.17,118.0,0
2026-09-24T17:42:51+00:00,KXHOUSEWINSTATE-OHD,How many House seats will Democrats win in Ohio?,yes-maker,7,96.0,0.0,100.0,4.0,4.17,121.0,0
2026-09-24T17:42:51+00:00,KXHIGHDEN-26SEP25,"Highest temperature in Denver on Sep 25, 2026?",yes-maker,6,96.0,0.0,100.0,4.0,4.17,107.0,0
2026-09-24T17:42:51+00:00,KXHMONTHRANGE-26SEP,Sep 2026 temperature increase?,yes-maker,6,97.0,0.0,100.0,3.0,3.09,110.0,4
2026-09-24T17:42:51+00:00,KXHIGHTDC-26SEP25,"Highest temperature in Washington DC on Sep 25, 2026?",yes-maker,6,97.0,0.0,100.0,3.0,3.09,110.0,0
2026-09-24T17:42:51+00:00,KXHIGHTBOS-26SEP25,"Highest temperature in Boston on Sep 25, 2026?",yes-maker,6,98.0,0.0,100.0,2.0,2.04,108.0,0
2026-09-24T17:42:51+00:00,KXHIGHTATL-26SEP25,"Highest temperature in Atlanta on Sep 25, 2026?",yes-maker,6,98.0,0.0,100.0,2.0,2.04,101.0,0
2026-09-24T17:42:51+00:00,KXETHY-27JAN0100,Ethereum price at the end of 2026,yes-maker,18,98.1,0.0,100.0,1.9,1.94,98.3,0
2026-09-24T17:42:51+00:00,KXHOUSEWINSTATE-NYD,How many House seats will Democrats win in New York?,yes-maker,10,99.0,0.0,100.0,1.0,1.01,125.0,2
2026-09-24T21:03:12+00:00,KXGDPYEAR-30,US real GDP growth in 2030?,yes-maker,14,70.0,0.0,100.0,30.0,42.86,115.0,3
2026-09-24T21:03:12+00:00,KXLOWTLAX-26SEP25,"Lowest temperature in Los Angeles on Sep 25, 2026?",yes-maker,6,72.0,0.0,100.0,28.0,38.89,105.0,0
2026-09-24T21:03:12+00:00,KXGDPYEAR-34,US real GDP growth in 2034?,yes-maker,14,78.0,0.0,100.0,22.0,28.21,119.0,0
2026-09-24T21:03:12+00:00,KXGDPYEAR-29,US real GDP growth in 2029?,yes-maker,14,78.0,0.0,100.0,22.0,28.21,129.0,1
2026-09-24T21:03:12+00:00,KXGDPYEAR-36,US real GDP growth in 2036?,yes-maker,14,84.0,0.0,100.0,16.0,19.05,117.0,0
2026-09-24T21:03:12+00:00,KXLOWTDC-26SEP25,"Lowest temperature in Washington DC on Sep 25, 2026?",yes-maker,6,85.0,0.0,100.0,15.0,17.65,123.0,1
2026-09-24T21:03:12+00:00,KXSOCKEYERUN-27,Bristol Bay sockeye run forecast for 2027,yes-maker,6,87.0,0.0,100.0,13.0,14.94,122.0,1
2026-09-24T21:03:12+00:00,KXLOWTATL-26SEP25,"Lowest temperature in Atlanta on Sep 25, 2026?",yes-maker,6,87.0,0.0,100.0,13.0,14.94,126.0,1
2026-09-24T21:03:12+00:00,KXCAHOUSEDEM-26NOV03,How many House seats will Democrats win in California?,yes-maker,8,87.2,0.0,100.0,12.8,14.68,109.4,0
2026-09-24T21:03:12+00:00,KXEOTRUMPTERM-29JAN20,How many executive orders will Trump sign in his second term?,yes-maker,12,87.3,0.0,100.0,12.7,14.55,99.0,0
2026-09-24T21:03:12+00:00,KXLOWTNOLA-26SEP25,"Lowest temperature in New Orleans on Sep 25, 2026?",yes-maker,6,88.0,0.0,100.0,12.0,13.64,129.0,1
2026-09-24T21:03:12+00:00,KXTXHOUSEDEMSEATS-26NOV03,How many House seats will Democrats win in Texas?,yes-maker,8,88.5,0.0,100.0,11.5,12.99,118.0,0
2026-09-24T21:03:12+00:00,KXLOWTPHX-26SEP25,"Lowest temperature in Phoenix on Sep 25, 2026?",yes-maker,6,89.0,0.0,100.0,11.0,12.36,118.0,0
2026-09-24T21:03:12+00:00,KXLOWTOKC-26SEP25,"Lowest temperature in Oklahoma City on Sep 25, 2026?",yes-maker,6,89.0,0.0,100.0,11.0,12.36,121.0,0
2026-09-24T21:03:12+00:00,KXLOWTSFO-26SEP25,"Lowest temperature in San Francisco on Sep 25, 2026?",yes-maker,6,90.0,0.0,100.0,10.0,11.11,116.0,1
2026-09-24T21:03:12+00:00,KXLOWTBOS-26SEP25,"Lowest temperature in Boston on Sep 25, 2026?",yes-maker,6,90.0,0.0,100.0,10.0,11.11,115.0,0
2026-09-24T21:03:12+00:00,KXGDPYEAR-28,US real GDP growth in 2028?,yes-maker,14,91.0,0.0,100.0,9.0,9.89,123.0,2
2026-09-24T21:03:12+00:00,KXLOWTDEN-26SEP25,"Lowest temperature in Denver on Sep 25, 2026?",yes-maker,6,91.0,0.0,100.0,9.0,9.89,113.0,0
2026-09-24T21:03:12+00:00,KXLOWTAUS-26SEP25,"Lowest temperature in Austin on Sep 25, 2026?",yes-maker,6,91.0,0.0,100.0,9.0,9.89,113.0,0
2026-09-24T21:03:12+00:00,KXHOUSEWINSTATE-MID,How many House seats will Democrats win in Michigan?,yes-maker,7,92.0,0.0,100.0,8.0,8.70,115.0,2
2026-09-24T21:03:12+00:00,KXNUMREDISTRICTING-26NOV03,How many states will redistrict before the midterms?,yes-maker,7,94.0,0.0,100.0,6.0,6.38,109.0,0
2026-09-24T21:03:12+00:00,KXHOUSEWINSTATE-AZD,How many House seats will Democrats win in Arizona?,yes-maker,6,95.0,0.0,100.0,5.0,5.26,114.0,1
2026-09-24T21:03:12+00:00,KXHOUSEWINSTATE-GAD,How many House seats will Democrats win in Georgia?,yes-maker,5,96.0,0.0,100.0,4.0,4.17,120.0,0
2026-09-24T21:03:12+00:00,KXHOUSEWINSTATE-OHD,How many House seats will Democrats win in Ohio?,yes-maker,7,96.0,0.0,100.0,4.0,4.17,121.0,0
2026-09-24T21:03:12+00:00,KXHMONTHRANGE-26SEP,Sep 2026 temperature increase?,yes-maker,6,96.0,0.0,100.0,4.0,4.17,106.0,4
2026-09-24T21:03:12+00:00,KXLOWTMIA-26SEP25,"Lowest temperature in Miami on Sep 25, 2026?",yes-maker,6,96.0,0.0,100.0,4.0,4.17,117.0,0
2026-09-24T21:03:12+00:00,KXLOWTDAL-26SEP25,"Lowest temperature in Dallas on Sep 25, 2026?",yes-maker,6,96.0,0.0,100.0,4.0,4.17,120.0,1
2026-09-24T21:03:12+00:00,KXLOWTCHI-26SEP25,"Lowest temperature in Chicago on Sep 25, 2026?",yes-maker,6,96.0,0.0,100.0,4.0,4.17,119.0,0
2026-09-24T21:03:12+00:00,KXLOWTMIN-26SEP25,"Lowest temperature in Minneapolis on Sep 25, 2026?",yes-maker,6,97.0,0.0,100.0,3.0,3.09,129.0,0
2026-09-24T21:03:12+00:00,KXGDPYEAR-26,US real GDP growth in 2026?,yes-maker,14,97.6,0.0,100.0,2.4,2.46,116.5,5
2026-09-24T21:03:12+00:00,KXHOUSEWINSTATE-NYD,How many House seats will Democrats win in New York?,yes-maker,10,98.0,0.0,100.0,2.0,2.04,124.0,2
2026-09-24T21:03:12+00:00,KXLOWTPHIL-26SEP25,"Lowest temperature in Philadelphia on Sep 25, 2026?",yes-maker,6,98.0,0.0,100.0,2.0,2.04,119.0,1
2026-09-24T21:03:12+00:00,KXLOWTLV-26SEP25,"Lowest temperature in Las Vegas on Sep 25, 2026?",yes-maker,6,98.0,0.0,100.0,2.0,2.04,122.0,1
2026-09-24T21:03:12+00:00,KXHIGHTSEA-26SEP25,"Highest temperature in Seattle on Sep 25, 2026?",yes-maker,6,98.0,0.0,100.0,2.0,2.04,104.0,0
2026-09-24T21:03:12+00:00,KXHIGHTNOLA-26SEP25,"Highest temperature in New Orleans on Sep 25, 2026?",yes-maker,6,98.0,0.0,100.0,2.0,2.04,100.0,1
2026-09-24T21:03:12+00:00,KXHIGHTBOS-26SEP25,"Highest temperature in Boston on Sep 25, 2026?",yes-maker,6,98.0,0.0,100.0,2.0,2.04,98.0,0
2026-09-24T21:03:12+00:00,KXETHY-27JAN0100,Ethereum price at the end of 2026,yes-maker,18,98.3,0.0,100.0,1.7,1.73,98.3,0
2026-09-24T23:57:17+00:00,KXLOWTSATX-26SEP25,"Lowest temperature in San Antonio on Sep 25, 2026?",yes-maker,6,36.0,0.0,100.0,64.0,177.78,122.0,2
2026-09-24T23:57:17+00:00,KXLOWTBOS-26SEP25,"Lowest temperature in Boston on Sep 25, 2026?",yes-maker,6,43.0,0.0,100.0,57.0,132.56,127.0,0
2026-09-24T23:57:17+00:00,KXNUMREDISTRICTING-26NOV03,How many states will redistrict before the midterms?,yes-maker,7,48.0,0.0,100.0,52.0,108.33,108.0,0
2026-09-24T23:57:17+00:00,KXLOWTMIA-26SEP25,"Lowest temperature in Miami on Sep 25, 2026?",yes-maker,6,62.0,0.0,100.0,38.0,61.29,120.0,0
2026-09-24T23:57:17+00:00,KXCAHOUSEDEM-26NOV03,How many House seats will Democrats win in California?,yes-maker,8,67.0,0.0,100.0,33.0,49.25,119.4,0
2026-09-24T23:57:17+00:00,KXLOWTDEN-26SEP25,"Lowest temperature in Denver on Sep 25, 2026?",yes-maker,6,77.0,0.0,100.0,23.0,29.87,113.0,0
2026-09-24T23:57:17+00:00,KXLOWTOKC-26SEP25,"Lowest temperature in Oklahoma City on Sep 25, 2026?",yes-maker,6,81.0,0.0,100.0,19.0,23.46,109.0,0
2026-09-24T23:57:17+00:00,KXLOWTCHI-26SEP25,"Lowest temperature in Chicago on Sep 25, 2026?",yes-maker,6,81.0,0.0,100.0,19.0,23.46,108.0,0
2026-09-24T23:57:17+00:00,KXEOTRUMPTERM-29JAN20,How many executive orders will Trump sign in his second term?,yes-maker,12,81.7,0.0,100.0,18.3,22.40,99.0,0
2026-09-24T23:57:17+00:00,KXLOWTDC-26SEP25,"Lowest temperature in Washington DC on Sep 25, 2026?",yes-maker,6,84.0,0.0,100.0,16.0,19.05,122.0,2
2026-09-24T23:57:17+00:00,KXLOWTDAL-26SEP25,"Lowest temperature in Dallas on Sep 25, 2026?",yes-maker,6,84.0,0.0,100.0,16.0,19.05,109.0,1
2026-09-24T23:57:17+00:00,KXLOWTPHX-26SEP25,"Lowest temperature in Phoenix on Sep 25, 2026?",yes-maker,6,86.0,0.0,100.0,14.0,16.28,105.0,0
2026-09-24T23:57:17+00:00,KXLOWTLV-26SEP25,"Lowest temperature in Las Vegas on Sep 25, 2026?",yes-maker,6,86.0,0.0,100.0,14.0,16.28,107.0,1
2026-09-24T23:57:17+00:00,KXLOWTNYC-26SEP25,"Lowest temperature in New York City on Sep 25, 2026?",yes-maker,6,88.0,0.0,100.0,12.0,13.64,122.0,0
2026-09-24T23:57:17+00:00,KXGDPYEAR-26,US real GDP growth in 2026?,yes-maker,14,88.5,0.0,100.0,11.5,12.99,113.8,9
2026-09-24T23:57:17+00:00,KXLOWTLAX-26SEP25,"Lowest temperature in Los Angeles on Sep 25, 2026?",yes-maker,6,90.0,0.0,100.0,10.0,11.11,113.0,1
2026-09-24T23:57:17+00:00,KXLOWTSEA-26SEP25,"Lowest temperature in Seattle on Sep 25, 2026?",yes-maker,6,94.0,0.0,100.0,6.0,6.38,130.0,1
2026-09-24T23:57:17+00:00,KXLOWTATL-26SEP25,"Lowest temperature in Atlanta on Sep 25, 2026?",yes-maker,6,94.0,0.0,100.0,6.0,6.38,114.0,0
2026-09-24T23:57:17+00:00,KXHIGHTMIN-26SEP25,"Highest temperature in Minneapolis on Sep 25, 2026?",yes-maker,6,95.0,0.0,100.0,5.0,5.26,103.0,0
2026-09-24T23:57:17+00:00,KXHMONTHRANGE-26SEP,Sep 2026 temperature increase?,yes-maker,6,96.0,0.0,100.0,4.0,4.17,114.0,4
2026-09-24T23:57:17+00:00,KXETHY-27JAN0100,Ethereum price at the end of 2026,yes-maker,18,98.0,0.0,100.0,2.0,2.04,98.2,0
2026-09-24T23:57:17+00:00,KXLOWTMIN-26SEP25,"Lowest temperature in Minneapolis on Sep 25, 2026?",yes-maker,6,98.0,0.0,100.0,2.0,2.04,122.0,0
2026-09-24T23:57:17+00:00,KXHIGHTPHX-26SEP25,"Highest temperature in Phoenix on Sep 25, 2026?",yes-maker,6,98.0,0.0,100.0,2.0,2.04,102.0,1
2026-09-24T23:57:17+00:00,KXHIGHTLV-26SEP25,"Highest temperature in Las Vegas on Sep 25, 2026?",yes-maker,6,98.0,0.0,100.0,2.0,2.04,102.0,3
2026-09-24T23:57:17+00:00,KXHIGHTBOS-26SEP25,"Highest temperature in Boston on Sep 25, 2026?",yes-maker,6,98.0,0.0,100.0,2.0,2.04,102.0,0
2026-09-25T03:36:20+00:00,KXNUMREDISTRICTING-26NOV03,How many states will redistrict before the midterms?,yes-maker,7,20.0,0.0,100.0,80.0,400.00,108.0,0
2026-09-25T03:36:20+00:00,KXLOWTOKC-26SEP25,"Lowest temperature in Oklahoma City on Sep 25, 2026?",yes-maker,6,69.0,0.0,100.0,31.0,44.93,115.0,0
2026-09-25T03:36:20+00:00,KXLOWTPHIL-26SEP25,"Lowest temperature in Philadelphia on Sep 25, 2026?",yes-maker,6,77.0,0.0,100.0,23.0,29.87,108.00000000000001,1
2026-09-25T03:36:20+00:00,KXLOWTCHI-26SEP25,"Lowest temperature in Chicago on Sep 25, 2026?",yes-maker,6,81.0,0.0,100.0,19.0,23.46,121.0,1
2026-09-25T03:36:20+00:00,KXEOTRUMPTERM-29JAN20,How many executive orders will Trump sign in his second term?,yes-maker,12,81.7,0.0,100.0,18.3,22.40,99.0,0
2026-09-25T03:36:20+00:00,KXLOWTBOS-26SEP25,"Lowest temperature in Boston on Sep 25, 2026?",yes-maker,6,83.0,0.0,100.0,17.0,20.48,104.0,2
2026-09-25T03:36:20+00:00,KXLOWTAUS-26SEP25,"Lowest temperature in Austin on Sep 25, 2026?",yes-maker,6,83.0,0.0,100.0,17.0,20.48,112.0,0
2026-09-25T03:36:20+00:00,KXLOWTMIN-26SEP25,"Lowest temperature in Minneapolis on Sep 25, 2026?",yes-maker,6,85.0,0.0,100.0,15.0,17.65,124.0,0
2026-09-25T03:36:20+00:00,KXLOWTSEA-26SEP25,"Lowest temperature in Seattle on Sep 25, 2026?",yes-maker,6,87.0,0.0,100.0,13.0,14.94,130.0,1
2026-09-25T03:36:20+00:00,KXLOWTMIA-26SEP25,"Lowest temperature in Miami on Sep 25, 2026?",yes-maker,6,87.0,0.0,100.0,13.0,14.94,118.0,1
2026-09-25T03:36:20+00:00,KXLOWTATL-26SEP25,"Lowest temperature in Atlanta on Sep 25, 2026?",yes-maker,6,88.0,0.0,100.0,12.0,13.64,110.0,1
2026-09-25T03:36:20+00:00,KXGDPYEAR-26,US real GDP growth in 2026?,yes-maker,14,88.2,0.0,100.0,11.8,13.38,118.3,9
2026-09-25T03:36:20+00:00,KXLOWTPHX-26SEP25,"Lowest temperature in Phoenix on Sep 25, 2026?",yes-maker,6,89.0,0.0,100.0,11.0,12.36,116.0,0
2026-09-25T03:36:20+00:00,KXHIGHTTTN-26SEP25,"Highest temperature in Trenton on Sep 25, 2026?",yes-maker,6,90.0,0.0,100.0,10.0,11.11,116.0,0
2026-09-25T03:36:20+00:00,KXCAHOUSEDEM-26NOV03,How many House seats will Democrats win in California?,yes-maker,8,91.0,0.0,100.0,9.0,9.89,114.3,0
2026-09-25T03:36:20+00:00,KXLOWTSFO-26SEP25,"Lowest temperature in San Francisco on Sep 25, 2026?",yes-maker,6,91.0,0.0,100.0,9.0,9.89,115.0,1
2026-09-25T03:36:20+00:00,KXLOWTDAL-26SEP25,"Lowest temperature in Dallas on Sep 25, 2026?",yes-maker,6,92.0,0.0,100.0,8.0,8.70,120.0,1
2026-09-25T03:36:20+00:00,KXHOUSEWINSTATE-MID,How many House seats will Democrats win in Michigan?,yes-maker,7,93.0,0.0,100.0,7.0,7.53,123.0,2
2026-09-25T03:36:20+00:00,KXLOWTNOLA-26SEP25,"Lowest temperature in New Orleans on Sep 25, 2026?",yes-maker,6,93.0,0.0,100.0,7.0,7.53,124.00000000000001,2
2026-09-25T03:36:20+00:00,KXHOUSEWINSTATE-AZD,How many House seats will Democrats win in Arizona?,yes-maker,6,94.0,0.0,100.0,6.0,6.38,114.0,1
2026-09-25T03:36:20+00:00,KXTXHOUSEDEMSEATS-26NOV03,How many House seats will Democrats win in Texas?,yes-maker,8,95.5,0.0,100.0,4.5,4.71,116.0,0
2026-09-25T03:36:20+00:00,KXHMONTHRANGE-26SEP,Sep 2026 temperature increase?,yes-maker,6,96.0,0.0,100.0,4.0,4.17,115.0,4
2026-09-25T03:36:20+00:00,KXHIGHTNOLA-26SEP25,"Highest temperature in New Orleans on Sep 25, 2026?",yes-maker,6,96.0,0.0,100.0,4.0,4.17,98.0,1
2026-09-25T03:36:20+00:00,KXETHY-27JAN0100,Ethereum price at the end of 2026,yes-maker,18,97.5,0.0,100.0,2.5,2.56,97.9,0
2026-09-25T09:17:37+00:00,KXNUMREDISTRICTING-26NOV03,How many states will redistrict before the midterms?,yes-maker,7,20.0,0.0,100.0,80.0,400.00,108.0,0
2026-09-25T09:17:37+00:00,KXLOWTMIA-26SEP25,"Lowest temperature in Miami on Sep 25, 2026?",yes-maker,6,62.0,0.0,100.0,38.0,61.29,115.0,1
2026-09-25T09:17:37+00:00,KXCAHOUSEDEM-26NOV03,How many House seats will Democrats win in California?,yes-maker,8,66.1,0.0,100.0,33.9,51.29,123.4,0
2026-09-25T09:17:37+00:00,KXEOTRUMPTERM-29JAN20,How many executive orders will Trump sign in his second term?,yes-maker,12,66.9,0.0,100.0,33.1,49.48,97.9,0
2026-09-25T09:17:37+00:00,KXHOUSEWINSTATE-MID,How many House seats will Democrats win in Michigan?,yes-maker,7,74.0,0.0,100.0,26.0,35.14,117.0,2
2026-09-25T09:17:37+00:00,KXLOWTSEA-26SEP25,"Lowest temperature in Seattle on Sep 25, 2026?",yes-maker,6,78.0,0.0,100.0,22.0,28.21,127.0,1
2026-09-25T09:17:37+00:00,KXLOWTPHX-26SEP25,"Lowest temperature in Phoenix on Sep 25, 2026?",yes-maker,6,81.0,0.0,100.0,19.0,23.46,116.0,2
2026-09-25T09:17:37+00:00,KXLOWTLV-26SEP25,"Lowest temperature in Las Vegas on Sep 25, 2026?",yes-maker,6,82.0,0.0,100.0,18.0,21.95,127.0,2
2026-09-25T09:17:37+00:00,KXGDPYEAR-26,US real GDP growth in 2026?,yes-maker,14,86.2,0.0,100.0,13.8,16.01,128.2,9
2026-09-25T09:17:37+00:00,KXLOWTLAX-26SEP25,"Lowest temperature in Los Angeles on Sep 25, 2026?",yes-maker,6,87.0,0.0,100.0,13.0,14.94,110.0,2
2026-09-25T09:17:37+00:00,KXLOWTMIN-26SEP25,"Lowest temperature in Minneapolis on Sep 25, 2026?",yes-maker,6,89.0,0.0,100.0,11.0,12.36,123.0,1
2026-09-25T09:17:37+00:00,KXLOWTSATX-26SEP25,"Lowest temperature in San Antonio on Sep 25, 2026?",yes-maker,6,95.0,0.0,100.0,5.0,5.26,128.0,2
2026-09-25T09:17:37+00:00,KXETHY-27JAN0100,Ethereum price at the end of 2026,yes-maker,18,97.5,0.0,100.0,2.5,2.56,97.7,0
2026-09-25T09:17:37+00:00,KXLOWTSAN-26SEP25,"Lowest temperature in San Diego on Sep 25, 2026?",yes-maker,6,98.0,0.0,100.0,2.0,2.04,129.0,2
2026-09-25T14:40:58+00:00,KXLOWTMIN-26SEP26,"Lowest temperature in Minneapolis on Sep 26, 2026?",yes-maker,6,74.0,0.0,100.0,26.0,35.14,122.0,0
2026-09-25T14:40:58+00:00,KXLOWTOKC-26SEP26,"Lowest temperature in Oklahoma City on Sep 26, 2026?",yes-maker,6,75.0,0.0,100.0,25.0,33.33,130.0,0
2026-09-25T14:40:58+00:00,KXLOWTAUS-26SEP26,"Lowest temperature in Austin on Sep 26, 2026?",yes-maker,6,82.0,0.0,100.0,18.0,21.95,118.0,0
2026-09-25T14:40:58+00:00,KXEOTRUMPTERM-29JAN20,How many executive orders will Trump sign in his second term?,yes-maker,12,85.3,0.0,100.0,14.7,17.23,98.0,0
2026-09-25T14:40:58+00:00,KXSOCKEYERUN-27,Bristol Bay sockeye run forecast for 2027,yes-maker,6,86.0,0.0,100.0,14.0,16.28,119.0,1
2026-09-25T14:40:58+00:00,KXGDPYEAR-26,US real GDP growth in 2026?,yes-maker,14,86.6,0.0,100.0,13.4,15.47,125.1,9
2026-09-25T14:40:58+00:00,KXCAHOUSEDEM-26NOV03,How many House seats will Democrats win in California?,yes-maker,8,87.7,0.0,100.0,12.3,14.03,109.4,0
2026-09-25T14:40:58+00:00,KXTXHOUSEDEMSEATS-26NOV03,How many House seats will Democrats win in Texas?,yes-maker,8,88.4,0.0,100.0,11.6,13.12,111.0,0
2026-09-25T14:40:58+00:00,KXLOWTLAX-26SEP26,"Lowest temperature in Los Angeles on Sep 26, 2026?",yes-maker,6,89.0,0.0,100.0,11.0,12.36,121.0,0
2026-09-25T14:40:58+00:00,KXHIGHPHIL-26SEP26,"Highest temperature in Philadelphia on Sep 26, 2026?",yes-maker,6,89.0,0.0,100.0,11.0,12.36,109.0,0
2026-09-25T14:40:58+00:00,KXHOUSEWINSTATE-MID,How many House seats will Democrats win in Michigan?,yes-maker,7,91.0,0.0,100.0,9.0,9.89,111.0,2
2026-09-25T14:40:58+00:00,KXLOWTNOLA-26SEP26,"Lowest temperature in New Orleans on Sep 26, 2026?",yes-maker,6,91.0,0.0,100.0,9.0,9.89,120.0,1
2026-09-25T14:40:58+00:00,KXLOWTDC-26SEP26,"Lowest temperature in Washington DC on Sep 26, 2026?",yes-maker,6,92.0,0.0,100.0,8.0,8.70,117.0,1
2026-09-25T14:40:58+00:00,KXHOUSEWINSTATE-GAD,How many House seats will Democrats win in Georgia?,yes-maker,5,93.0,0.0,100.0,7.0,7.53,120.0,0
2026-09-25T14:40:58+00:00,KXHIGHTDC-26SEP26,"Highest temperature in Washington DC on Sep 26, 2026?",yes-maker,6,93.0,0.0,100.0,7.0,7.53,110.0,0
2026-09-25T14:40:58+00:00,KXNUMREDISTRICTING-26NOV03,How many states will redistrict before the midterms?,yes-maker,7,94.0,0.0,100.0,6.0,6.38,105.0,0
2026-09-25T14:40:58+00:00,KXHIGHDEN-26SEP26,"Highest temperature in Denver on Sep 26, 2026?",yes-maker,6,94.0,0.0,100.0,6.0,6.38,97.0,0
2026-09-25T14:40:58+00:00,KXHIGHTNOLA-26SEP26,"Highest temperature in New Orleans on Sep 26, 2026?",yes-maker,6,95.0,0.0,100.0,5.0,5.26,114.0,0
2026-09-25T14:40:58+00:00,KXHIGHTATL-26SEP26,"Highest temperature in Atlanta on Sep 26, 2026?",yes-maker,6,95.0,0.0,100.0,5.0,5.26,103.0,0
2026-09-25T14:40:58+00:00,KXHIGHTMIN-26SEP26,"Highest temperature in Minneapolis on Sep 26, 2026?",yes-maker,6,96.0,0.0,100.0,4.0,4.17,114.0,0
2026-09-25T14:40:58+00:00,KXHIGHTHOU-26SEP26,"Highest temperature in Houston on Sep 26, 2026?",yes-maker,6,96.0,0.0,100.0,4.0,4.17,114.0,1
2026-09-25T14:40:58+00:00,KXHIGHAUS-26SEP26,"Highest temperature in Austin on Sep 26, 2026?",yes-maker,6,96.0,0.0,100.0,4.0,4.17,109.0,1
2026-09-25T14:40:58+00:00,KXETHY-27JAN0100,Ethereum price at the end of 2026,yes-maker,18,97.0,0.0,100.0,3.0,3.09,97.2,0
2026-09-25T14:40:58+00:00,KXHIGHTSEA-26SEP26,"Highest temperature in Seattle on Sep 26, 2026?",yes-maker,6,97.0,0.0,100.0,3.0,3.09,103.0,1
2026-09-25T14:40:58+00:00,KXHIGHTOKC-26SEP26,"Highest temperature in Oklahoma City on Sep 26, 2026?",yes-maker,6,97.0,0.0,100.0,3.0,3.09,112.0,0
2026-09-25T14:40:58+00:00,KXHIGHTLV-26SEP26,"Highest temperature in Las Vegas on Sep 26, 2026?",yes-maker,6,97.0,0.0,100.0,3.0,3.09,108.0,1
2026-09-25T14:40:58+00:00,KXHIGHTDAL-26SEP26,"Highest temperature in Dallas on Sep 26, 2026?",yes-maker,6,97.0,0.0,100.0,3.0,3.09,108.0,0
2026-09-25T14:40:58+00:00,KXHOUSEWINSTATE-AZD,How many House seats will Democrats win in Arizona?,yes-maker,6,98.0,0.0,100.0,2.0,2.04,112.0,1
2026-09-25T14:40:58+00:00,KXHIGHTSFO-26SEP26,"Highest temperature in San Francisco on Sep 26, 2026?",yes-maker,6,98.0,0.0,100.0,2.0,2.04,105.0,0
2026-09-25T14:40:58+00:00,KXHIGHTBOS-26SEP26,"Highest temperature in Boston on Sep 26, 2026?",yes-maker,6,98.0,0.0,100.0,2.0,2.04,120.0,0
2026-09-25T19:05:32+00:00,KXLOWTDEN-26SEP26,"Lowest temperature in Denver on Sep 26, 2026?",yes-maker,6,76.0,0.0,100.0,24.0,31.58,122.0,0
2026-09-25T19:05:32+00:00,KXEOTRUMPTERM-29JAN20,How many executive orders will Trump sign in his second term?,yes-maker,12,85.3,0.0,100.0,14.7,17.23,98.0,0
2026-09-25T19:05:32+00:00,KXSOCKEYERUN-27,Bristol Bay sockeye run forecast for 2027,yes-maker,6,86.0,0.0,100.0,14.0,16.28,119.0,1
2026-09-25T19:05:32+00:00,KXLOWTOKC-26SEP26,"Lowest temperature in Oklahoma City on Sep 26, 2026?",yes-maker,6,86.0,0.0,100.0,14.0,16.28,128.0,0
2026-09-25T19:05:32+00:00,KXLOWTAUS-26SEP26,"Lowest temperature in Austin on Sep 26, 2026?",yes-maker,6,87.0,0.0,100.0,13.0,14.94,125.0,0
2026-09-25T19:05:32+00:00,KXLOWTCHI-26SEP26,"Lowest temperature in Chicago on Sep 26, 2026?",yes-maker,6,88.0,0.0,100.0,12.0,13.64,111.0,0
2026-09-25T19:05:32+00:00,KXGDPYEAR-26,US real GDP growth in 2026?,yes-maker,14,88.6,0.0,100.0,11.4,12.87,127.5,9
2026-09-25T19:05:32+00:00,KXLOWTPHX-26SEP26,"Lowest temperature in Phoenix on Sep 26, 2026?",yes-maker,6,89.0,0.0,100.0,11.0,12.36,110.0,1
2026-09-25T19:05:32+00:00,KXLOWTPHIL-26SEP26,"Lowest temperature in Philadelphia on Sep 26, 2026?",yes-maker,6,89.0,0.0,100.0,11.0,12.36,115.0,1
2026-09-25T19:05:32+00:00,KXHIGHTMIN-26SEP26,"Highest temperature in Minneapolis on Sep 26, 2026?",yes-maker,6,89.0,0.0,100.0,11.0,12.36,103.0,0
2026-09-25T19:05:32+00:00,KXLOWTDC-26SEP26,"Lowest temperature in Washington DC on Sep 26, 2026?",yes-maker,6,90.0,0.0,100.0,10.0,11.11,120.0,1
2026-09-25T19:05:32+00:00,KXLOWTLAX-26SEP26,"Lowest temperature in Los Angeles on Sep 26, 2026?",yes-maker,6,91.0,0.0,100.0,9.0,9.89,107.0,2
2026-09-25T19:05:32+00:00,KXLOWTSFO-26SEP26,"Lowest temperature in San Francisco on Sep 26, 2026?",yes-maker,6,92.0,0.0,100.0,8.0,8.70,123.0,2
2026-09-25T19:05:32+00:00,KXLOWTNOLA-26SEP26,"Lowest temperature in New Orleans on Sep 26, 2026?",yes-maker,6,92.0,0.0,100.0,8.0,8.70,118.0,1
2026-09-25T19:05:32+00:00,KXLOWTATL-26SEP26,"Lowest temperature in Atlanta on Sep 26, 2026?",yes-maker,6,92.0,0.0,100.0,8.0,8.70,119.0,2
2026-09-25T19:05:32+00:00,KXTXHOUSEDEMSEATS-26NOV03,How many House seats will Democrats win in Texas?,yes-maker,8,92.4,0.0,100.0,7.6,8.23,112.0,0
2026-09-25T19:05:32+00:00,KXHOUSEWINSTATE-GAD,How many House seats will Democrats win in Georgia?,yes-maker,5,93.0,0.0,100.0,7.0,7.53,120.0,0
2026-09-25T19:05:32+00:00,KXNUMREDISTRICTING-26NOV03,How many states will redistrict before the midterms?,yes-maker,7,94.0,0.0,100.0,6.0,6.38,105.0,0
2026-09-25T19:05:32+00:00,KXLOWTMIA-26SEP26,"Lowest temperature in Miami on Sep 26, 2026?",yes-maker,6,94.0,0.0,100.0,6.0,6.38,115.0,0
2026-09-25T19:05:32+00:00,KXHIGHTOKC-26SEP26,"Highest temperature in Oklahoma City on Sep 26, 2026?",yes-maker,6,94.0,0.0,100.0,6.0,6.38,96.0,0
2026-09-25T19:05:32+00:00,KXHOUSEWINSTATE-AZD,How many House seats will Democrats win in Arizona?,yes-maker,6,95.0,0.0,100.0,5.0,5.26,111.0,1
2026-09-25T19:05:32+00:00,KXLOWTNYC-26SEP26,"Lowest temperature in New York City on Sep 26, 2026?",yes-maker,6,95.0,0.0,100.0,5.0,5.26,113.0,0
2026-09-25T19:05:32+00:00,KXLOWTDAL-26SEP26,"Lowest temperature in Dallas on Sep 26, 2026?",yes-maker,6,95.0,0.0,100.0,5.0,5.26,124.0,1
2026-09-25T19:05:32+00:00,KXHIGHTNOLA-26SEP26,"Highest temperature in New Orleans on Sep 26, 2026?",yes-maker,6,95.0,0.0,100.0,5.0,5.26,103.0,0
2026-09-25T19:05:32+00:00,KXHIGHTBOS-26SEP26,"Highest temperature in Boston on Sep 26, 2026?",yes-maker,6,95.0,0.0,100.0,5.0,5.26,102.0,0
2026-09-25T19:05:32+00:00,KXETHY-27JAN0100,Ethereum price at the end of 2026,yes-maker,18,95.7,0.0,100.0,4.3,4.49,96.10000000000001,0
2026-09-25T19:05:32+00:00,KXCAHOUSEDEM-26NOV03,How many House seats will Democrats win in California?,yes-maker,8,95.8,0.0,100.0,4.2,4.38,107.6,0
2026-09-25T19:05:32+00:00,KXHOUSEWINSTATE-FLD,How many House seats will Democrats win in Florida?,yes-maker,9,96.0,0.0,100.0,4.0,4.17,125.0,1
2026-09-25T19:05:32+00:00,KXHOUSEWINSTATE-MID,How many House seats will Democrats win in Michigan?,yes-maker,7,96.0,0.0,100.0,4.0,4.17,109.0,2
2026-09-25T19:05:32+00:00,KXLOWTBOS-26SEP26,"Lowest temperature in Boston on Sep 26, 2026?",yes-maker,6,96.0,0.0,100.0,4.0,4.17,118.0,0
2026-09-25T19:05:32+00:00,KXHIGHPHIL-26SEP26,"Highest temperature in Philadelphia on Sep 26, 2026?",yes-maker,6,96.0,0.0,100.0,4.0,4.17,100.0,0
2026-09-25T19:05:32+00:00,KXHIGHTSEA-26SEP26,"Highest temperature in Seattle on Sep 26, 2026?",yes-maker,6,99.0,0.0,100.0,1.0,1.01,107.0,0
2026-09-25T19:05:32+00:00,KXHIGHTATL-26SEP26,"Highest temperature in Atlanta on Sep 26, 2026?",yes-maker,6,99.0,0.0,100.0,1.0,1.01,100.0,0
2026-09-25T19:05:32+00:00,KXBTCY-27JAN0100,Bitcoin price at the end of 2026,yes-maker,28,99.3,0.0,100.0,0.7,0.70,99.3,0
2026-09-25T22:36:09+00:00,KXGDPYEAR-30,US real GDP growth in 2030?,yes-maker,14,76.0,0.0,100.0,24.0,31.58,119.0,3
2026-09-25T22:36:09+00:00,KXGDPYEAR-29,US real GDP growth in 2029?,yes-maker,14,80.0,0.0,100.0,20.0,25.00,128.0,1
2026-09-25T22:36:09+00:00,KXLOWTHOU-26SEP26,"Lowest temperature in Houston on Sep 26, 2026?",yes-maker,6,81.0,0.0,100.0,19.0,23.46,129.0,1
2026-09-25T22:36:09+00:00,KXGDPYEAR-28,US real GDP growth in 2028?,yes-maker,14,82.0,0.0,100.0,18.0,21.95,117.0,2
2026-09-25T22:36:09+00:00,KXLOWTDAL-26SEP26,"Lowest temperature in Dallas on Sep 26, 2026?",yes-maker,6,84.0,0.0,100.0,16.0,19.05,116.0,2
2026-09-25T22:36:09+00:00,KXEOTRUMPTERM-29JAN20,How many executive orders will Trump sign in his second term?,yes-maker,12,85.3,0.0,100.0,14.7,17.23,98.0,0
2026-09-25T22:36:09+00:00,KXGDPYEAR-27,US real GDP growth in 2027?,yes-maker,14,87.0,0.0,100.0,13.0,14.94,124.0,1
2026-09-25T22:36:09+00:00,KXLOWTSATX-26SEP26,"Lowest temperature in San Antonio on Sep 26, 2026?",yes-maker,6,87.0,0.0,100.0,13.0,14.94,118.0,3
2026-09-25T22:36:09+00:00,KXTXHOUSEDEMSEATS-26NOV03,How many House seats will Democrats win in Texas?,yes-maker,8,87.6,0.0,100.0,12.4,14.16,113.0,0
2026-09-25T22:36:09+00:00,KXGDPYEAR-34,US real GDP growth in 2034?,yes-maker,14,88.0,0.0,100.0,12.0,13.64,117.0,0
2026-09-25T22:36:09+00:00,KXLOWTPHX-26SEP26,"Lowest temperature in Phoenix on Sep 26, 2026?",yes-maker,6,88.0,0.0,100.0,12.0,13.64,112.0,1
2026-09-25T22:36:09+00:00,KXLOWTNOLA-26SEP26,"Lowest temperature in New Orleans on Sep 26, 2026?",yes-maker,6,88.0,0.0,100.0,12.0,13.64,123.0,1
2026-09-25T22:36:09+00:00,KXLOWTMIA-26SEP26,"Lowest temperature in Miami on Sep 26, 2026?",yes-maker,6,88.0,0.0,100.0,12.0,13.64,105.0,1
2026-09-25T22:36:09+00:00,KXLOWTLAX-26SEP26,"Lowest temperature in Los Angeles on Sep 26, 2026?",yes-maker,6,88.0,0.0,100.0,12.0,13.64,117.0,2
2026-09-25T22:36:09+00:00,KXCAHOUSEDEM-26NOV03,How many House seats will Democrats win in California?,yes-maker,8,88.8,0.0,100.0,11.2,12.61,109.3,0
2026-09-25T22:36:09+00:00,KXSOCKEYERUN-27,Bristol Bay sockeye run forecast for 2027,yes-maker,6,89.0,0.0,100.0,11.0,12.36,119.0,1
2026-09-25T22:36:09+00:00,KXLOWTDEN-26SEP26,"Lowest temperature in Denver on Sep 26, 2026?",yes-maker,6,89.0,0.0,100.0,11.0,12.36,115.0,0
2026-09-25T22:36:09+00:00,KXLOWTDC-26SEP26,"Lowest temperature in Washington DC on Sep 26, 2026?",yes-maker,6,89.0,0.0,100.0,11.0,12.36,116.0,1
2026-09-25T22:36:09+00:00,KXHIGHTMIN-26SEP26,"Highest temperature in Minneapolis on Sep 26, 2026?",yes-maker,6,89.0,0.0,100.0,11.0,12.36,101.0,1
2026-09-25T22:36:09+00:00,KXLOWTSFO-26SEP26,"Lowest temperature in San Francisco on Sep 26, 2026?",yes-maker,6,90.0,0.0,100.0,10.0,11.11,124.0,2
2026-09-25T22:36:09+00:00,KXLOWTMIN-26SEP26,"Lowest temperature in Minneapolis on Sep 26, 2026?",yes-maker,6,90.0,0.0,100.0,10.0,11.11,118.0,0
2026-09-25T22:36:09+00:00,KXLOWTCHI-26SEP26,"Lowest temperature in Chicago on Sep 26, 2026?",yes-maker,6,91.0,0.0,100.0,9.0,9.89,106.0,2
2026-09-25T22:36:09+00:00,KXLOWTAUS-26SEP26,"Lowest temperature in Austin on Sep 26, 2026?",yes-maker,6,91.0,0.0,100.0,9.0,9.89,117.0,0
2026-09-25T22:36:09+00:00,KXLOWTSEA-26SEP26,"Lowest temperature in Seattle on Sep 26, 2026?",yes-maker,6,92.0,0.0,100.0,8.0,8.70,127.0,1
2026-09-25T22:36:09+00:00,KXHOUSEWINSTATE-GAD,How many House seats will Democrats win in Georgia?,yes-maker,5,93.0,0.0,100.0,7.0,7.53,120.0,0
2026-09-25T22:36:09+00:00,KXGDPYEAR-26,US real GDP growth in 2026?,yes-maker,14,93.1,0.0,100.0,6.9,7.41,115.69999999999999,9
2026-09-25T22:36:09+00:00,KXNUMREDISTRICTING-26NOV03,How many states will redistrict before the midterms?,yes-maker,7,94.0,0.0,100.0,6.0,6.38,105.0,0
2026-09-25T22:36:09+00:00,KXHOUSEWINSTATE-FLD,How many House seats will Democrats win in Florida?,yes-maker,9,95.0,0.0,100.0,5.0,5.26,127.0,1
2026-09-25T22:36:09+00:00,KXHOUSEWINSTATE-AZD,How many House seats will Democrats win in Arizona?,yes-maker,6,95.0,0.0,100.0,5.0,5.26,112.0,1
2026-09-25T22:36:09+00:00,KXLOWTPHIL-26SEP26,"Lowest temperature in Philadelphia on Sep 26, 2026?",yes-maker,6,95.0,0.0,100.0,5.0,5.26,111.0,2
2026-09-25T22:36:09+00:00,KXETHY-27JAN0100,Ethereum price at the end of 2026,yes-maker,18,96.0,0.0,100.0,4.0,4.17,96.8,0
2026-09-25T22:36:09+00:00,KXHIGHTSFO-26SEP26,"Highest temperature in San Francisco on Sep 26, 2026?",yes-maker,6,96.0,0.0,100.0,4.0,4.17,97.0,0
2026-09-25T22:36:09+00:00,KXHIGHTBOS-26SEP26,"Highest temperature in Boston on Sep 26, 2026?",yes-maker,6,96.0,0.0,100.0,4.0,4.17,98.0,0
2026-09-25T22:36:09+00:00,KXHOUSEWINSTATE-MID,How many House seats will Democrats win in Michigan?,yes-maker,7,98.0,0.0,100.0,2.0,2.04,109.0,2
2026-09-25T22:36:09+00:00,KXHIGHTNOLA-26SEP26,"Highest temperature in New Orleans on Sep 26, 2026?",yes-maker,6,98.0,0.0,100.0,2.0,2.04,105.0,1
2026-09-25T22:36:09+00:00,KXLOWTATL-26SEP26,"Lowest temperature in Atlanta on Sep 26, 2026?",yes-maker,6,99.0,0.0,100.0,1.0,1.01,117.0,2
2026-09-25T22:36:09+00:00,KXBTCY-27JAN0100,Bitcoin price at the end of 2026,yes-maker,28,99.8,0.0,100.0,0.2,0.20,99.8,0
2026-09-26T01:07:44+00:00,KXLOWTEWR-26SEP26,"Lowest temperature in Newark on Sep 26, 2026?",yes-maker,6,62.0,0.0,100.0,38.0,61.29,130.0,1
2026-09-26T01:07:44+00:00,KXLOWTSATX-26SEP26,"Lowest temperature in San Antonio on Sep 26, 2026?",yes-maker,6,67.0,0.0,100.0,33.0,49.25,100.0,3
2026-09-26T01:07:44+00:00,KXLOWTSFO-26SEP26,"Lowest temperature in San Francisco on Sep 26, 2026?",yes-maker,6,75.0,0.0,100.0,25.0,33.33,118.0,2
2026-09-26T01:07:44+00:00,KXLOWTPHX-26SEP26,"Lowest temperature in Phoenix on Sep 26, 2026?",yes-maker,6,75.0,0.0,100.0,25.0,33.33,121.0,1
2026-09-26T01:07:44+00:00,KXGDPYEAR-30,US real GDP growth in 2030?,yes-maker,14,76.0,0.0,100.0,24.0,31.58,119.0,3
2026-09-26T01:07:44+00:00,KXLOWTMIN-26SEP26,"Lowest temperature in Minneapolis on Sep 26, 2026?",yes-maker,6,76.0,0.0,100.0,24.0,31.58,128.0,0
2026-09-26T01:07:44+00:00,KXLOWTHOU-26SEP26,"Lowest temperature in Houston on Sep 26, 2026?",yes-maker,6,76.0,0.0,100.0,24.0,31.58,114.0,1
2026-09-26T01:07:44+00:00,KXLOWTSEA-26SEP26,"Lowest temperature in Seattle on Sep 26, 2026?",yes-maker,6,77.0,0.0,100.0,23.0,29.87,120.0,2
2026-09-26T01:07:44+00:00,KXLOWTDEN-26SEP26,"Lowest temperature in Denver on Sep 26, 2026?",yes-maker,6,79.0,0.0,100.0,21.0,26.58,114.0,0
2026-09-26T01:07:44+00:00,KXGDPYEAR-29,US real GDP growth in 2029?,yes-maker,14,80.0,0.0,100.0,20.0,25.00,128.0,1
2026-09-26T01:07:44+00:00,KXLOWTDAL-26SEP26,"Lowest temperature in Dallas on Sep 26, 2026?",yes-maker,6,81.0,0.0,100.0,19.0,23.46,110.0,2
2026-09-26T01:07:44+00:00,KXGDPYEAR-28,US real GDP growth in 2028?,yes-maker,14,82.0,0.0,100.0,18.0,21.95,117.0,2
2026-09-26T01:07:44+00:00,KXLOWTDC-26SEP26,"Lowest temperature in Washington DC on Sep 26, 2026?",yes-maker,6,82.0,0.0,100.0,18.0,21.95,115.0,1
2026-09-26T01:07:44+00:00,KXGDPYEAR-34,US real GDP growth in 2034?,yes-maker,14,84.0,0.0,100.0,16.0,19.05,117.0,0
2026-09-26T01:07:44+00:00,KXLOWTPHIL-26SEP26,"Lowest temperature in Philadelphia on Sep 26, 2026?",yes-maker,6,84.0,0.0,100.0,16.0,19.05,121.0,2
2026-09-26T01:07:44+00:00,KXLOWTLAX-26SEP26,"Lowest temperature in Los Angeles on Sep 26, 2026?",yes-maker,6,85.0,0.0,100.0,15.0,17.65,115.0,2
2026-09-26T01:07:44+00:00,KXLOWTAUS-26SEP26,"Lowest temperature in Austin on Sep 26, 2026?",yes-maker,6,85.0,0.0,100.0,15.0,17.65,118.0,2
2026-09-26T01:07:44+00:00,KXHIGHTTTN-26SEP26,"Highest temperature in Trenton on Sep 26, 2026?",yes-maker,6,85.0,0.0,100.0,15.0,17.65,127.0,2
2026-09-26T01:07:44+00:00,KXEOTRUMPTERM-29JAN20,How many executive orders will Trump sign in his second term?,yes-maker,12,85.3,0.0,100.0,14.7,17.23,98.0,0
2026-09-26T01:07:44+00:00,KXSOCKEYERUN-27,Bristol Bay sockeye run forecast for 2027,yes-maker,6,86.0,0.0,100.0,14.0,16.28,119.0,1
2026-09-26T01:07:44+00:00,KXGDPYEAR-27,US real GDP growth in 2027?,yes-maker,14,87.0,0.0,100.0,13.0,14.94,124.0,1
2026-09-26T01:07:44+00:00,KXHOUSEWINSTATE-MID,How many House seats will Democrats win in Michigan?,yes-maker,7,87.0,0.0,100.0,13.0,14.94,107.0,2
2026-09-26T01:07:44+00:00,KXLOWTCHI-26SEP26,"Lowest temperature in Chicago on Sep 26, 2026?",yes-maker,6,87.0,0.0,100.0,13.0,14.94,109.0,2
2026-09-26T01:07:44+00:00,KXTXHOUSEDEMSEATS-26NOV03,How many House seats will Democrats win in Texas?,yes-maker,8,88.4,0.0,100.0,11.6,13.12,119.0,0
2026-09-26T01:07:44+00:00,KXHOUSEWINSTATE-AZD,How many House seats will Democrats win in Arizona?,yes-maker,6,92.0,0.0,100.0,8.0,8.70,110.0,1
2026-09-26T01:07:44+00:00,KXHOUSEWINSTATE-GAD,How many House seats will Democrats win in Georgia?,yes-maker,5,93.0,0.0,100.0,7.0,7.53,119.0,0
2026-09-26T01:07:44+00:00,KXHIGHTSDF-26SEP26,"Highest temperature in Louisville on Sep 26, 2026?",yes-maker,6,93.0,0.0,100.0,7.0,7.53,127.0,0
2026-09-26T01:07:44+00:00,KXCAHOUSEDEM-26NOV03,How many House seats will Democrats win in California?,yes-maker,8,93.1,0.0,100.0,6.9,7.41,112.4,0
2026-09-26T01:07:44+00:00,KXGDPYEAR-26,US real GDP growth in 2026?,yes-maker,14,93.1,0.0,100.0,6.9,7.41,115.69999999999999,9
2026-09-26T01:07:44+00:00,KXHIGHTOKC-26SEP26,"Highest temperature in Oklahoma City on Sep 26, 2026?",yes-maker,6,96.0,0.0,100.0,4.0,4.17,104.0,0
2026-09-26T01:07:44+00:00,KXETHY-27JAN0100,Ethereum price at the end of 2026,yes-maker,18,96.7,0.0,100.0,3.3,3.41,96.8,0
2026-09-26T01:07:44+00:00,KXLOWTATL-26SEP26,"Lowest temperature in Atlanta on Sep 26, 2026?",yes-maker,6,98.0,0.0,100.0,2.0,2.04,125.0,2
2026-09-26T01:07:44+00:00,KXTRUTHSOCIAL-26SEP26,Trump Truth Social posts this week? (9/20-9/26),yes-maker,10,98.0,0.0,100.0,2.0,2.04,103.0,1
2026-09-26T01:07:44+00:00,KXNUMREDISTRICTING-26NOV03,How many states will redistrict before the midterms?,yes-maker,7,99.0,0.0,100.0,1.0,1.01,109.0,0
2026-09-26T01:07:44+00:00,KXHIGHTMIN-26SEP26,"Highest temperature in Minneapolis on Sep 26, 2026?",yes-maker,6,99.0,0.0,100.0,1.0,1.01,110.0,1
2026-09-26T01:07:44+00:00,KXHIGHTDC-26SEP26,"Highest temperature in Washington DC on Sep 26, 2026?",yes-maker,6,99.0,0.0,100.0,1.0,1.01,106.0,0
2026-09-26T06:20:02+00:00,KXLOWTNOLA-26SEP26,"Lowest temperature in New Orleans on Sep 26, 2026?",yes-maker,6,66.0,0.0,100.0,34.0,51.52,120.0,1
2026-09-26T06:20:02+00:00,KXLOWTMIN-26SEP26,"Lowest temperature in Minneapolis on Sep 26, 2026?",yes-maker,6,74.0,0.0,100.0,26.0,35.14,129.0,0
2026-09-26T06:20:02+00:00,KXGDPYEAR-30,US real GDP growth in 2030?,yes-maker,14,76.0,0.0,100.0,24.0,31.58,119.0,3
2026-09-26T06:20:02+00:00,KXLOWTSFO-26SEP26,"Lowest temperature in San Francisco on Sep 26, 2026?",yes-maker,6,76.0,0.0,100.0,24.0,31.58,127.0,1
2026-09-26T06:20:02+00:00,KXLOWTSEA-26SEP26,"Lowest temperature in Seattle on Sep 26, 2026?",yes-maker,6,78.0,0.0,100.0,22.0,28.21,120.0,1
2026-09-26T06:20:02+00:00,KXGDPYEAR-29,US real GDP growth in 2029?,yes-maker,14,80.0,0.0,100.0,20.0,25.00,129.0,1
2026-09-26T06:20:02+00:00,KXGDPYEAR-34,US real GDP growth in 2034?,yes-maker,14,82.0,0.0,100.0,18.0,21.95,118.0,0
2026-09-26T06:20:02+00:00,KXGDPYEAR-28,US real GDP growth in 2028?,yes-maker,14,82.0,0.0,100.0,18.0,21.95,122.0,2
2026-09-26T06:20:02+00:00,KXHIGHTSAN-26SEP26,"Highest temperature in San Diego on Sep 26, 2026?",yes-maker,6,83.0,0.0,100.0,17.0,20.48,113.0,0
2026-09-26T06:20:02+00:00,KXEOTRUMPTERM-29JAN20,How many executive orders will Trump sign in his second term?,yes-maker,12,85.3,0.0,100.0,14.7,17.23,99.0,0
2026-09-26T06:20:02+00:00,KXSOCKEYERUN-27,Bristol Bay sockeye run forecast for 2027,yes-maker,6,86.0,0.0,100.0,14.0,16.28,119.0,1
2026-09-26T06:20:02+00:00,KXLOWTPHIL-26SEP26,"Lowest temperature in Philadelphia on Sep 26, 2026?",yes-maker,6,86.0,0.0,100.0,14.0,16.28,129.0,1
2026-09-26T06:20:02+00:00,KXLOWTAUS-26SEP26,"Lowest temperature in Austin on Sep 26, 2026?",yes-maker,6,86.0,0.0,100.0,14.0,16.28,105.0,0
2026-09-26T06:20:02+00:00,KXGDPYEAR-27,US real GDP growth in 2027?,yes-maker,14,87.0,0.0,100.0,13.0,14.94,124.0,1
2026-09-26T06:20:02+00:00,KXHOUSEWINSTATE-MID,How many House seats will Democrats win in Michigan?,yes-maker,7,87.0,0.0,100.0,13.0,14.94,111.0,2
2026-09-26T06:20:02+00:00,KXHIGHTTTN-26SEP26,"Highest temperature in Trenton on Sep 26, 2026?",yes-maker,6,89.0,0.0,100.0,11.0,12.36,112.0,3
2026-09-26T06:20:02+00:00,KXLOWTDEN-26SEP26,"Lowest temperature in Denver on Sep 26, 2026?",yes-maker,6,90.0,0.0,100.0,10.0,11.11,118.0,0
2026-09-26T06:20:02+00:00,KXLOWTCHI-26SEP26,"Lowest temperature in Chicago on Sep 26, 2026?",yes-maker,6,90.0,0.0,100.0,10.0,11.11,105.0,2
2026-09-26T06:20:02+00:00,KXTXHOUSEDEMSEATS-26NOV03,How many House seats will Democrats win in Texas?,yes-maker,8,90.4,0.0,100.0,9.6,10.62,122.0,0
2026-09-26T06:20:02+00:00,KXCAHOUSEDEM-26NOV03,How many House seats will Democrats win in California?,yes-maker,8,91.1,0.0,100.0,8.9,9.77,110.4,0
2026-09-26T06:20:02+00:00,KXHOUSEWINSTATE-AZD,How many House seats will Democrats win in Arizona?,yes-maker,6,92.0,0.0,100.0,8.0,8.70,118.0,1
2026-09-26T06:20:02+00:00,KXGDPYEAR-26,US real GDP growth in 2026?,yes-maker,14,92.7,0.0,100.0,7.3,7.87,117.0,9
2026-09-26T06:20:02+00:00,KXHOUSEWINSTATE-GAD,How many House seats will Democrats win in Georgia?,yes-maker,5,93.0,0.0,100.0,7.0,7.53,120.0,0
2026-09-26T06:20:02+00:00,KXLOWTATL-26SEP26,"Lowest temperature in Atlanta on Sep 26, 2026?",yes-maker,6,93.0,0.0,100.0,7.0,7.53,123.0,1
2026-09-26T06:20:02+00:00,KXHIGHTSDF-26SEP26,"Highest temperature in Louisville on Sep 26, 2026?",yes-maker,6,95.0,0.0,100.0,5.0,5.26,130.0,2
2026-09-26T06:20:02+00:00,KXLOWTDC-26SEP26,"Lowest temperature in Washington DC on Sep 26, 2026?",yes-maker,6,96.0,0.0,100.0,4.0,4.17,116.0,1
2026-09-26T06:20:02+00:00,KXETHY-27JAN0100,Ethereum price at the end of 2026,yes-maker,18,96.4,0.0,100.0,3.6,3.73,96.4,0
2026-09-26T06:20:02+00:00,KXNUMREDISTRICTING-26NOV03,How many states will redistrict before the midterms?,yes-maker,7,98.0,0.0,100.0,2.0,2.04,109.0,0
2026-09-26T06:20:02+00:00,KXHIGHTMIN-26SEP26,"Highest temperature in Minneapolis on Sep 26, 2026?",yes-maker,6,98.0,0.0,100.0,2.0,2.04,101.0,2
2026-09-26T11:38:05+00:00,KXLOWTEWR-26SEP26,"Lowest temperature in Newark on Sep 26, 2026?",yes-maker,6,21.0,0.0,100.0,79.0,376.19,110.0,3
2026-09-26T11:38:05+00:00,KXGDPYEAR-36,US real GDP growth in 2036?,yes-maker,14,59.0,0.0,100.0,41.0,69.49,97.0,5
2026-09-26T11:38:05+00:00,KXLOWTSEA-26SEP26,"Lowest temperature in Seattle on Sep 26, 2026?",yes-maker,6,62.0,0.0,100.0,38.0,61.29,104.0,1
2026-09-26T11:38:05+00:00,KXLOWTAUS-26SEP26,"Lowest temperature in Austin on Sep 26, 2026?",yes-maker,6,72.0,0.0,100.0,28.0,38.89,124.0,3
2026-09-26T11:38:05+00:00,KXLOWTOKC-26SEP26,"Lowest temperature in Oklahoma City on Sep 26, 2026?",yes-maker,6,74.0,0.0,100.0,26.0,35.14,121.0,3
2026-09-26T11:38:05+00:00,KXGDPYEAR-34,US real GDP growth in 2034?,yes-maker,14,75.0,0.0,100.0,25.0,33.33,119.0,0
2026-09-26T11:38:05+00:00,KXHIGHTSAN-26SEP26,"Highest temperature in San Diego on Sep 26, 2026?",yes-maker,6,78.0,0.0,100.0,22.0,28.21,107.0,0
2026-09-26T11:38:05+00:00,KXLOWTPHIL-26SEP26,"Lowest temperature in Philadelphia on Sep 26, 2026?",yes-maker,6,79.0,0.0,100.0,21.0,26.58,126.0,1
2026-09-26T11:38:05+00:00,KXGDPYEAR-29,US real GDP growth in 2029?,yes-maker,14,82.0,0.0,100.0,18.0,21.95,129.0,1
2026-09-26T11:38:05+00:00,KXGDPYEAR-30,US real GDP growth in 2030?,yes-maker,14,83.0,0.0,100.0,17.0,20.48,118.0,3
2026-09-26T11:38:05+00:00,KXLOWTBOS-26SEP26,"Lowest temperature in Boston on Sep 26, 2026?",yes-maker,6,83.0,0.0,100.0,17.0,20.48,123.0,3
2026-09-26T11:38:05+00:00,KXLOWTTTN-26SEP26,"Lowest temperature in Trenton on Sep 26, 2026?",yes-maker,6,84.0,0.0,100.0,16.0,19.05,126.0,3
2026-09-26T11:38:05+00:00,KXHIGHTEWR-26SEP26,"Highest temperature in Newark on Sep 26, 2026?",yes-maker,6,85.0,0.0,100.0,15.0,17.65,110.0,1
2026-09-26T11:38:05+00:00,KXEOTRUMPTERM-29JAN20,How many executive orders will Trump sign in his second term?,yes-maker,12,85.3,0.0,100.0,14.7,17.23,99.0,0
2026-09-26T11:38:05+00:00,KXGDPYEAR-28,US real GDP growth in 2028?,yes-maker,14,86.0,0.0,100.0,14.0,16.28,122.0,2
2026-09-26T11:38:05+00:00,KXSOCKEYERUN-27,Bristol Bay sockeye run forecast for 2027,yes-maker,6,87.0,0.0,100.0,13.0,14.94,123.0,1
2026-09-26T11:38:05+00:00,KXLOWTHOU-26SEP26,"Lowest temperature in Houston on Sep 26, 2026?",yes-maker,6,88.0,0.0,100.0,12.0,13.64,127.0,3
2026-09-26T11:38:05+00:00,KXLOWTDC-26SEP26,"Lowest temperature in Washington DC on Sep 26, 2026?",yes-maker,6,88.0,0.0,100.0,12.0,13.64,117.0,1
2026-09-26T11:38:05+00:00,KXGDPYEAR-27,US real GDP growth in 2027?,yes-maker,14,91.0,0.0,100.0,9.0,9.89,128.0,1
2026-09-26T11:38:05+00:00,KXLOWTSFO-26SEP26,"Lowest temperature in San Francisco on Sep 26, 2026?",yes-maker,6,92.0,0.0,100.0,8.0,8.70,130.0,1
2026-09-26T11:38:05+00:00,KXCAHOUSEDEM-26NOV03,How many House seats will Democrats win in California?,yes-maker,8,93.1,0.0,100.0,6.9,7.41,110.3,0
2026-09-26T11:38:05+00:00,KXGDPYEAR-26,US real GDP growth in 2026?,yes-maker,14,93.1,0.0,100.0,6.9,7.41,116.0,9
2026-09-26T11:38:05+00:00,KXHOUSEWINSTATE-GAD,How many House seats will Democrats win in Georgia?,yes-maker,5,94.0,0.0,100.0,6.0,6.38,120.0,0
2026-09-26T11:38:05+00:00,KXLOWTNYC-26SEP26,"Lowest temperature in New York City on Sep 26, 2026?",yes-maker,6,94.0,0.0,100.0,6.0,6.38,112.0,4
2026-09-26T11:38:05+00:00,KXTXHOUSEDEMSEATS-26NOV03,How many House seats will Democrats win in Texas?,yes-maker,8,94.3,0.0,100.0,5.7,6.04,122.0,0
2026-09-26T11:38:05+00:00,KXHIGHTSDF-26SEP26,"Highest temperature in Louisville on Sep 26, 2026?",yes-maker,6,95.0,0.0,100.0,5.0,5.26,121.0,2
2026-09-26T11:38:05+00:00,KXHIGHTMIN-26SEP26,"Highest temperature in Minneapolis on Sep 26, 2026?",yes-maker,6,95.0,0.0,100.0,5.0,5.26,98.0,2
2026-09-26T11:38:05+00:00,KXHOUSEWINSTATE-MID,How many House seats will Democrats win in Michigan?,yes-maker,7,96.0,0.0,100.0,4.0,4.17,114.0,2
2026-09-26T11:38:05+00:00,KXHOUSEWINSTATE-AZD,How many House seats will Democrats win in Arizona?,yes-maker,6,96.0,0.0,100.0,4.0,4.17,113.0,1
2026-09-26T11:38:05+00:00,KXLOWTLV-26SEP26,"Lowest temperature in Las Vegas on Sep 26, 2026?",yes-maker,6,96.0,0.0,100.0,4.0,4.17,119.0,3
2026-09-26T11:38:05+00:00,KXHIGHTTTN-26SEP26,"Highest temperature in Trenton on Sep 26, 2026?",yes-maker,6,96.0,0.0,100.0,4.0,4.17,117.0,3
2026-09-26T11:38:05+00:00,KXETHY-27JAN0100,Ethereum price at the end of 2026,yes-maker,18,97.0,0.0,100.0,3.0,3.09,97.0,0
2026-09-26T11:38:05+00:00,KXLOWTSDF-26SEP26,"Lowest temperature in Louisville on Sep 26, 2026?",yes-maker,6,97.0,0.0,100.0,3.0,3.09,122.0,4
2026-09-26T11:38:05+00:00,KXNUMREDISTRICTING-26NOV03,How many states will redistrict before the midterms?,yes-maker,7,98.0,0.0,100.0,2.0,2.04,109.0,0
2026-09-26T11:38:05+00:00,KXHOUSEWINSTATE-OHD,How many House seats will Democrats win in Ohio?,yes-maker,7,98.0,0.0,100.0,2.0,2.04,122.0,0
2026-09-26T11:38:05+00:00,KXHIGHTHOU-26SEP26,"Highest temperature in Houston on Sep 26, 2026?",yes-maker,6,99.0,0.0,100.0,1.0,1.01,103.0,2
2026-09-26T15:35:12+00:00,KXLOWTSAN-26SEP26,"Lowest temperature in San Diego on Sep 26, 2026?",yes-maker,6,6.0,0.0,100.0,94.0,1566.67,110.0,6
2026-09-26T15:35:12+00:00,KXLOWTTTN-26SEP26,"Lowest temperature in Trenton on Sep 26, 2026?",yes-maker,6,11.0,0.0,100.0,89.0,809.09,101.0,3
2026-09-26T15:35:12+00:00,KXGDPYEAR-36,US real GDP growth in 2036?,yes-maker,14,57.0,0.0,100.0,43.0,75.44,97.0,5
2026-09-26T15:35:12+00:00,KXLOWTMIA-26SEP27,"Lowest temperature in Miami on Sep 27, 2026?",yes-maker,6,62.0,0.0,100.0,38.0,61.29,130.0,0
2026-09-26T15:35:12+00:00,KXHIGHTBOS-26SEP27,"Highest temperature in Boston on Sep 27, 2026?",yes-maker,6,66.0,0.0,100.0,34.0,51.52,113.0,0
2026-09-26T15:35:12+00:00,KXLOWTBOS-26SEP27,"Lowest temperature in Boston on Sep 27, 2026?",yes-maker,6,78.0,0.0,100.0,22.0,28.21,125.00000000000001,1
2026-09-26T15:35:12+00:00,KXGDPYEAR-34,US real GDP growth in 2034?,yes-maker,14,79.0,0.0,100.0,21.0,26.58,119.0,0
2026-09-26T15:35:12+00:00,KXLOWTPHIL-26SEP26,"Lowest temperature in Philadelphia on Sep 26, 2026?",yes-maker,6,79.0,0.0,100.0,21.0,26.58,109.0,2
2026-09-26T15:35:12+00:00,KXLOWTDC-26SEP27,"Lowest temperature in Washington DC on Sep 27, 2026?",yes-maker,6,81.0,0.0,100.0,19.0,23.46,98.0,1
2026-09-26T15:35:12+00:00,KXGDPYEAR-29,US real GDP growth in 2029?,yes-maker,14,82.0,0.0,100.0,18.0,21.95,129.0,1
2026-09-26T15:35:12+00:00,KXLOWTPHX-26SEP27,"Lowest temperature in Phoenix on Sep 27, 2026?",yes-maker,6,82.0,0.0,100.0,18.0,21.95,115.0,1
2026-09-26T15:35:12+00:00,KXHIGHTMIN-26SEP27,"Highest temperature in Minneapolis on Sep 27, 2026?",yes-maker,6,82.0,0.0,100.0,18.0,21.95,118.0,0
2026-09-26T15:35:12+00:00,KXGDPYEAR-30,US real GDP growth in 2030?,yes-maker,14,83.0,0.0,100.0,17.0,20.48,118.0,3
2026-09-26T15:35:12+00:00,KXLOWTDEN-26SEP26,"Lowest temperature in Denver on Sep 26, 2026?",yes-maker,6,84.0,0.0,100.0,16.0,19.05,113.0,3
2026-09-26T15:35:12+00:00,KXLOWTSFO-26SEP27,"Lowest temperature in San Francisco on Sep 27, 2026?",yes-maker,6,85.0,0.0,100.0,15.0,17.65,121.0,1
2026-09-26T15:35:12+00:00,KXHIGHTSATX-26SEP27,"Highest temperature in San Antonio on Sep 27, 2026?",yes-maker,6,85.0,0.0,100.0,15.0,17.65,123.0,0
2026-09-26T15:35:12+00:00,KXLOWTMIA-26SEP26,"Lowest temperature in Miami on Sep 26, 2026?",yes-maker,6,85.0,0.0,100.0,15.0,17.65,113.0,3
2026-09-26T15:35:12+00:00,KXEOTRUMPTERM-29JAN20,How many executive orders will Trump sign in his second term?,yes-maker,12,85.3,0.0,100.0,14.7,17.23,99.0,0
2026-09-26T15:35:12+00:00,KXGDPYEAR-28,US real GDP growth in 2028?,yes-maker,14,86.0,0.0,100.0,14.0,16.28,122.0,2
2026-09-26T15:35:12+00:00,KXLOWTBOS-26SEP26,"Lowest temperature in Boston on Sep 26, 2026?",yes-maker,6,86.0,0.0,100.0,14.0,16.28,118.0,3
2026-09-26T15:35:12+00:00,KXSOCKEYERUN-27,Bristol Bay sockeye run forecast for 2027,yes-maker,6,87.0,0.0,100.0,13.0,14.94,123.0,1
2026-09-26T15:35:12+00:00,KXHOUSEWINSTATE-FLD,How many House seats will Democrats win in Florida?,yes-maker,9,88.0,0.0,100.0,12.0,13.64,129.0,1
2026-09-26T15:35:12+00:00,KXLOWTLAX-26SEP27,"Lowest temperature in Los Angeles on Sep 27, 2026?",yes-maker,6,88.0,0.0,100.0,12.0,13.64,108.0,0
2026-09-26T15:35:12+00:00,KXLOWTATL-26SEP27,"Lowest temperature in Atlanta on Sep 27, 2026?",yes-maker,6,89.0,0.0,100.0,11.0,12.36,118.0,0
2026-09-26T15:35:12+00:00,KXHIGHTDC-26SEP27,"Highest temperature in Washington DC on Sep 27, 2026?",yes-maker,6,89.0,0.0,100.0,11.0,12.36,106.0,0
2026-09-26T15:35:12+00:00,KXHIGHPHIL-26SEP27,"Highest temperature in Philadelphia on Sep 27, 2026?",yes-maker,6,89.0,0.0,100.0,11.0,12.36,107.0,0
2026-09-26T15:35:12+00:00,KXCAHOUSEDEM-26NOV03,How many House seats will Democrats win in California?,yes-maker,8,89.1,0.0,100.0,10.9,12.23,111.4,0
2026-09-26T15:35:12+00:00,KXGDPYEAR-35,US real GDP growth in 2035?,yes-maker,14,90.0,0.0,100.0,10.0,11.11,126.0,0
2026-09-26T15:35:12+00:00,KXGDPYEAR-27,US real GDP growth in 2027?,yes-maker,14,91.0,0.0,100.0,9.0,9.89,128.0,1
2026-09-26T15:35:12+00:00,KXHOUSEWINSTATE-MID,How many House seats will Democrats win in Michigan?,yes-maker,7,91.0,0.0,100.0,9.0,9.89,110.0,2
2026-09-26T15:35:12+00:00,KXLOWTNYC-26SEP27,"Lowest temperature in New York City on Sep 27, 2026?",yes-maker,6,91.0,0.0,100.0,9.0,9.89,113.0,0
2026-09-26T15:35:12+00:00,KXHIGHTLV-26SEP27,"Highest temperature in Las Vegas on Sep 27, 2026?",yes-maker,6,91.0,0.0,100.0,9.0,9.89,116.0,0
2026-09-26T15:35:12+00:00,KXHIGHTHOU-26SEP27,"Highest temperature in Houston on Sep 27, 2026?",yes-maker,6,91.0,0.0,100.0,9.0,9.89,124.0,1
2026-09-26T15:35:12+00:00,KXHIGHTSAN-26SEP26,"Highest temperature in San Diego on Sep 26, 2026?",yes-maker,6,91.0,0.0,100.0,9.0,9.89,111.0,0
2026-09-26T15:35:12+00:00,KXHOUSEWINSTATE-AZD,How many House seats will Democrats win in Arizona?,yes-maker,6,92.0,0.0,100.0,8.0,8.70,113.0,1
2026-09-26T15:35:12+00:00,KXHIGHTOKC-26SEP27,"Highest temperature in Oklahoma City on Sep 27, 2026?",yes-maker,6,92.0,0.0,100.0,8.0,8.70,115.0,0
2026-09-26T15:35:12+00:00,KXHIGHTNOLA-26SEP27,"Highest temperature in New Orleans on Sep 27, 2026?",yes-maker,6,92.0,0.0,100.0,8.0,8.70,127.0,1
2026-09-26T15:35:12+00:00,KXHIGHTATL-26SEP27,"Highest temperature in Atlanta on Sep 27, 2026?",yes-maker,6,92.0,0.0,100.0,8.0,8.70,105.0,0
2026-09-26T15:35:12+00:00,KXHIGHTSDF-26SEP26,"Highest temperature in Louisville on Sep 26, 2026?",yes-maker,6,92.0,0.0,100.0,8.0,8.70,111.0,3
2026-09-26T15:35:12+00:00,KXGDPYEAR-26,US real GDP growth in 2026?,yes-maker,14,92.1,0.0,100.0,7.9,8.58,118.1,9
2026-09-26T15:35:12+00:00,KXHIGHDEN-26SEP27,"Highest temperature in Denver on Sep 27, 2026?",yes-maker,6,93.0,0.0,100.0,7.0,7.53,103.0,0
2026-09-26T15:35:12+00:00,KXLOWTNYC-26SEP26,"Lowest temperature in New York City on Sep 26, 2026?",yes-maker,6,93.0,0.0,100.0,7.0,7.53,115.0,4
2026-09-26T15:35:12+00:00,KXLOWTDC-26SEP26,"Lowest temperature in Washington DC on Sep 26, 2026?",yes-maker,6,93.0,0.0,100.0,7.0,7.53,112.0,3
2026-09-26T15:35:12+00:00,KXHOUSEWINSTATE-GAD,How many House seats will Democrats win in Georgia?,yes-maker,5,94.0,0.0,100.0,6.0,6.38,118.0,0
2026-09-26T15:35:12+00:00,KXLOWTNOLA-26SEP27,"Lowest temperature in New Orleans on Sep 27, 2026?",yes-maker,6,94.0,0.0,100.0,6.0,6.38,123.0,1
2026-09-26T15:35:12+00:00,KXHIGHTPHX-26SEP27,"Highest temperature in Phoenix on Sep 27, 2026?",yes-maker,6,94.0,0.0,100.0,6.0,6.38,120.0,0
2026-09-26T15:35:12+00:00,KXHIGHTDAL-26SEP27,"Highest temperature in Dallas on Sep 27, 2026?",yes-maker,6,94.0,0.0,100.0,6.0,6.38,100.0,0
2026-09-26T15:35:12+00:00,KXTXHOUSEDEMSEATS-26NOV03,How many House seats will Democrats win in Texas?,yes-maker,8,94.3,0.0,100.0,5.7,6.04,122.0,0
2026-09-26T15:35:12+00:00,KXLOWTLV-26SEP27,"Lowest temperature in Las Vegas on Sep 27, 2026?",yes-maker,6,95.0,0.0,100.0,5.0,5.26,127.0,2
2026-09-26T15:35:12+00:00,KXLOWTSFO-26SEP26,"Lowest temperature in San Francisco on Sep 26, 2026?",yes-maker,6,95.0,0.0,100.0,5.0,5.26,115.0,3
2026-09-26T15:35:12+00:00,KXLOWTMIN-26SEP26,"Lowest temperature in Minneapolis on Sep 26, 2026?",yes-maker,6,95.0,0.0,100.0,5.0,5.26,114.0,4
2026-09-26T15:35:12+00:00,KXTRUTHSOCIAL-26SEP26,Trump Truth Social posts this week? (9/20-9/26),yes-maker,10,96.0,0.0,100.0,4.0,4.17,100.0,4
2026-09-26T15:35:12+00:00,KXLOWTSEA-26SEP26,"Lowest temperature in Seattle on Sep 26, 2026?",yes-maker,6,97.0,0.0,100.0,3.0,3.09,111.0,4
2026-09-26T15:35:12+00:00,KXLOWTSATX-26SEP26,"Lowest temperature in San Antonio on Sep 26, 2026?",yes-maker,6,97.0,0.0,100.0,3.0,3.09,117.0,4
2026-09-26T15:35:12+00:00,KXETHY-27JAN0100,Ethereum price at the end of 2026,yes-maker,18,97.2,0.0,100.0,2.8,2.88,97.4,0
2026-09-26T15:35:12+00:00,KXNUMREDISTRICTING-26NOV03,How many states will redistrict before the midterms?,yes-maker,7,98.0,0.0,100.0,2.0,2.04,110.0,0
2026-09-26T15:35:12+00:00,KXHOUSEWINSTATE-OHD,How many House seats will Democrats win in Ohio?,yes-maker,7,98.0,0.0,100.0,2.0,2.04,121.0,0
2026-09-26T15:35:12+00:00,KXLOWTPHIL-26SEP27,"Lowest temperature in Philadelphia on Sep 27, 2026?",yes-maker,6,98.0,0.0,100.0,2.0,2.04,125.00000000000001,2
2026-09-26T15:35:12+00:00,KXHIGHTSEA-26SEP26,"Highest temperature in Seattle on Sep 26, 2026?",yes-maker,6,98.0,0.0,100.0,2.0,2.04,105.0,2
2026-09-26T15:35:12+00:00,KXHIGHDEN-26SEP26,"Highest temperature in Denver on Sep 26, 2026?",yes-maker,6,98.0,0.0,100.0,2.0,2.04,104.00000000000001,2
2026-09-26T15:35:12+00:00,KXHIGHTSEA-26SEP27,"Highest temperature in Seattle on Sep 27, 2026?",yes-maker,6,99.0,0.0,100.0,1.0,1.01,109.0,0
2026-09-26T15:35:12+00:00,KXHIGHAUS-26SEP27,"Highest temperature in Austin on Sep 27, 2026?",yes-maker,6,99.0,0.0,100.0,1.0,1.01,123.0,1
2026-09-26T15:35:12+00:00,KXLOWTLV-26SEP26,"Lowest temperature in Las Vegas on Sep 26, 2026?",yes-maker,6,99.0,0.0,100.0,1.0,1.01,114.0,5
2026-09-26T15:35:12+00:00,KXLOWTHOU-26SEP26,"Lowest temperature in Houston on Sep 26, 2026?",yes-maker,6,99.0,0.0,100.0,1.0,1.01,110.0,5
2026-09-26T18:55:40+00:00,KXGDPYEAR-36,US real GDP growth in 2036?,yes-maker,14,58.0,0.0,100.0,42.0,72.41,95.0,5
2026-09-26T18:55:40+00:00,KXLOWTATL-26SEP27,"Lowest temperature in Atlanta on Sep 27, 2026?",yes-maker,6,72.0,0.0,100.0,28.0,38.89,120.0,0
2026-09-26T18:55:40+00:00,KXLOWTNOLA-26SEP27,"Lowest temperature in New Orleans on Sep 27, 2026?",yes-maker,6,74.0,0.0,100.0,26.0,35.14,128.0,1
2026-09-26T18:55:40+00:00,KXLOWTDEN-26SEP27,"Lowest temperature in Denver on Sep 27, 2026?",yes-maker,6,75.0,0.0,100.0,25.0,33.33,117.0,0
2026-09-26T18:55:40+00:00,KXLOWTNYC-26SEP27,"Lowest temperature in New York City on Sep 27, 2026?",yes-maker,6,78.0,0.0,100.0,22.0,28.21,124.00000000000001,1
2026-09-26T18:55:40+00:00,KXGDPYEAR-34,US real GDP growth in 2034?,yes-maker,14,79.0,0.0,100.0,21.0,26.58,119.0,0
2026-09-26T18:55:40+00:00,KXLOWTLAX-26SEP27,"Lowest temperature in Los Angeles on Sep 27, 2026?",yes-maker,6,80.0,0.0,100.0,20.0,25.00,117.0,1
2026-09-26T18:55:40+00:00,KXLOWTPHX-26SEP27,"Lowest temperature in Phoenix on Sep 27, 2026?",yes-maker,6,81.0,0.0,100.0,19.0,23.46,121.0,1
2026-09-26T18:55:40+00:00,KXLOWTMIA-26SEP27,"Lowest temperature in Miami on Sep 27, 2026?",yes-maker,6,81.0,0.0,100.0,19.0,23.46,120.0,1
2026-09-26T18:55:40+00:00,KXGDPYEAR-29,US real GDP growth in 2029?,yes-maker,14,82.0,0.0,100.0,18.0,21.95,129.0,1
2026-09-26T18:55:40+00:00,KXGDPYEAR-30,US real GDP growth in 2030?,yes-maker,14,83.0,0.0,100.0,17.0,20.48,118.0,3
2026-09-26T18:55:40+00:00,KXHIGHTMIN-26SEP27,"Highest temperature in Minneapolis on Sep 27, 2026?",yes-maker,6,83.0,0.0,100.0,17.0,20.48,112.0,0
2026-09-26T18:55:40+00:00,KXLOWTMIA-26SEP26,"Lowest temperature in Miami on Sep 26, 2026?",yes-maker,6,83.0,0.0,100.0,17.0,20.48,115.0,3
2026-09-26T18:55:40+00:00,KXHIGHTSAN-26SEP26,"Highest temperature in San Diego on Sep 26, 2026?",yes-maker,6,83.0,0.0,100.0,17.0,20.48,116.0,2
2026-09-26T18:55:40+00:00,KXHIGHTDC-26SEP27,"Highest temperature in Washington DC on Sep 27, 2026?",yes-maker,6,85.0,0.0,100.0,15.0,17.65,104.0,0
2026-09-26T18:55:40+00:00,KXEOTRUMPTERM-29JAN20,How many executive orders will Trump sign in his second term?,yes-maker,12,85.3,0.0,100.0,14.7,17.23,99.0,0
2026-09-26T18:55:40+00:00,KXGDPYEAR-28,US real GDP growth in 2028?,yes-maker,14,86.0,0.0,100.0,14.0,16.28,122.0,2
2026-09-26T18:55:40+00:00,KXLOWTBOS-26SEP27,"Lowest temperature in Boston on Sep 27, 2026?",yes-maker,6,86.0,0.0,100.0,14.0,16.28,107.0,1
2026-09-26T18:55:40+00:00,KXSOCKEYERUN-27,Bristol Bay sockeye run forecast for 2027,yes-maker,6,87.0,0.0,100.0,13.0,14.94,117.0,1
2026-09-26T18:55:40+00:00,KXLOWTMIN-26SEP27,"Lowest temperature in Minneapolis on Sep 27, 2026?",yes-maker,6,87.0,0.0,100.0,13.0,14.94,123.0,1
2026-09-26T18:55:40+00:00,KXHIGHTLV-26SEP27,"Highest temperature in Las Vegas on Sep 27, 2026?",yes-maker,6,88.0,0.0,100.0,12.0,13.64,112.0,0
2026-09-26T18:55:40+00:00,KXGDPYEAR-35,US real GDP growth in 2035?,yes-maker,14,89.0,0.0,100.0,11.0,12.36,128.0,0
2026-09-26T18:55:40+00:00,KXHIGHTPHX-26SEP27,"Highest temperature in Phoenix on Sep 27, 2026?",yes-maker,6,89.0,0.0,100.0,11.0,12.36,104.0,0
2026-09-26T18:55:40+00:00,KXLOWTBOS-26SEP26,"Lowest temperature in Boston on Sep 26, 2026?",yes-maker,6,89.0,0.0,100.0,11.0,12.36,117.0,4
2026-09-26T18:55:40+00:00,KXLOWTPHIL-26SEP27,"Lowest temperature in Philadelphia on Sep 27, 2026?",yes-maker,6,90.0,0.0,100.0,10.0,11.11,129.0,3
2026-09-26T18:55:40+00:00,KXHIGHTOKC-26SEP27,"Highest temperature in Oklahoma City on Sep 27, 2026?",yes-maker,6,90.0,0.0,100.0,10.0,11.11,114.0,0
2026-09-26T18:55:40+00:00,KXGDPYEAR-27,US real GDP growth in 2027?,yes-maker,14,91.0,0.0,100.0,9.0,9.89,128.0,1
2026-09-26T18:55:40+00:00,KXHOUSEWINSTATE-MID,How many House seats will Democrats win in Michigan?,yes-maker,7,92.0,0.0,100.0,8.0,8.70,114.0,2
2026-09-26T18:55:40+00:00,KXHOUSEWINSTATE-AZD,How many House seats will Democrats win in Arizona?,yes-maker,6,92.0,0.0,100.0,8.0,8.70,115.0,1
2026-09-26T18:55:40+00:00,KXCAHOUSEDEM-26NOV03,How many House seats will Democrats win in California?,yes-maker,8,92.1,0.0,100.0,7.9,8.58,113.4,0
2026-09-26T18:55:40+00:00,KXGDPYEAR-26,US real GDP growth in 2026?,yes-maker,14,92.1,0.0,100.0,7.9,8.58,118.1,9
2026-09-26T18:55:40+00:00,KXHIGHTSATX-26SEP27,"Highest temperature in San Antonio on Sep 27, 2026?",yes-maker,6,93.0,0.0,100.0,7.0,7.53,105.0,1
2026-09-26T18:55:40+00:00,KXLOWTDC-26SEP26,"Lowest temperature in Washington DC on Sep 26, 2026?",yes-maker,6,93.0,0.0,100.0,7.0,7.53,114.0,3
2026-09-26T18:55:40+00:00,KXHOUSEWINSTATE-GAD,How many House seats will Democrats win in Georgia?,yes-maker,5,94.0,0.0,100.0,6.0,6.38,119.0,0
2026-09-26T18:55:40+00:00,KXLOWTMIN-26SEP26,"Lowest temperature in Minneapolis on Sep 26, 2026?",yes-maker,6,94.0,0.0,100.0,6.0,6.38,112.0,4
2026-09-26T18:55:40+00:00,KXHIGHTSDF-26SEP26,"Highest temperature in Louisville on Sep 26, 2026?",yes-maker,6,94.0,0.0,100.0,6.0,6.38,107.0,4
2026-09-26T18:55:40+00:00,KXHIGHTSATX-26SEP26,"Highest temperature in San Antonio on Sep 26, 2026?",yes-maker,6,94.0,0.0,100.0,6.0,6.38,108.0,3
2026-09-26T18:55:40+00:00,KXHMONTHRANGE-26SEP,Sep 2026 temperature increase?,yes-maker,6,95.0,0.0,100.0,5.0,5.26,111.0,4
2026-09-26T18:55:40+00:00,KXHIGHTSEA-26SEP27,"Highest temperature in Seattle on Sep 27, 2026?",yes-maker,6,95.0,0.0,100.0,5.0,5.26,110.0,0
2026-09-26T18:55:40+00:00,KXLOWTTTN-26SEP26,"Lowest temperature in Trenton on Sep 26, 2026?",yes-maker,6,95.0,0.0,100.0,5.0,5.26,117.0,3
2026-09-26T18:55:40+00:00,KXHIGHTEWR-26SEP26,"Highest temperature in Newark on Sep 26, 2026?",yes-maker,6,95.0,0.0,100.0,5.0,5.26,119.0,4
2026-09-26T18:55:40+00:00,KXHIGHTSFO-26SEP27,"Highest temperature in San Francisco on Sep 27, 2026?",yes-maker,6,96.0,0.0,100.0,4.0,4.17,104.0,0
2026-09-26T18:55:40+00:00,KXHIGHTHOU-26SEP27,"Highest temperature in Houston on Sep 27, 2026?",yes-maker,6,96.0,0.0,100.0,4.0,4.17,110.0,1
2026-09-26T18:55:40+00:00,KXHIGHPHIL-26SEP27,"Highest temperature in Philadelphia on Sep 27, 2026?",yes-maker,6,96.0,0.0,100.0,4.0,4.17,108.0,2
2026-09-26T18:55:40+00:00,KXLOWTSAN-26SEP26,"Lowest temperature in San Diego on Sep 26, 2026?",yes-maker,6,96.0,0.0,100.0,4.0,4.17,119.0,5
2026-09-26T18:55:40+00:00,KXHIGHTNOLA-26SEP26,"Highest temperature in New Orleans on Sep 26, 2026?",yes-maker,6,96.0,0.0,100.0,4.0,4.17,107.0,3
2026-09-26T18:55:40+00:00,KXHIGHTATL-26SEP26,"Highest temperature in Atlanta on Sep 26, 2026?",yes-maker,6,96.0,0.0,100.0,4.0,4.17,114.0,2
2026-09-26T18:55:40+00:00,KXTXHOUSEDEMSEATS-26NOV03,How many House seats will Democrats win in Texas?,yes-maker,8,96.3,0.0,100.0,3.7,3.84,119.0,0
2026-09-26T18:55:40+00:00,KXHIGHTNOLA-26SEP27,"Highest temperature in New Orleans on Sep 27, 2026?",yes-maker,6,97.0,0.0,100.0,3.0,3.09,108.0,1
2026-09-26T18:55:40+00:00,KXHIGHTHOU-26SEP26,"Highest temperature in Houston on Sep 26, 2026?",yes-maker,6,97.0,0.0,100.0,3.0,3.09,106.0,3
2026-09-26T18:55:40+00:00,KXETHY-27JAN0100,Ethereum price at the end of 2026,yes-maker,18,97.3,0.0,100.0,2.7,2.77,97.3,0
2026-09-26T18:55:40+00:00,KXNUMREDISTRICTING-26NOV03,How many states will redistrict before the midterms?,yes-maker,7,98.0,0.0,100.0,2.0,2.04,110.0,0
2026-09-26T18:55:40+00:00,KXHIGHTBOS-26SEP27,"Highest temperature in Boston on Sep 27, 2026?",yes-maker,6,98.0,0.0,100.0,2.0,2.04,108.0,2
2026-09-26T18:55:40+00:00,KXHIGHTATL-26SEP27,"Highest temperature in Atlanta on Sep 27, 2026?",yes-maker,6,98.0,0.0,100.0,2.0,2.04,111.0,0
2026-09-26T18:55:40+00:00,KXHOUSEWINSTATE-OHD,How many House seats will Democrats win in Ohio?,yes-maker,7,99.0,0.0,100.0,1.0,1.01,122.0,0
2026-09-26T18:55:40+00:00,KXLOWTLV-26SEP26,"Lowest temperature in Las Vegas on Sep 26, 2026?",yes-maker,6,99.0,0.0,100.0,1.0,1.01,105.0,5
2026-09-26T18:55:40+00:00,KXLOWTEWR-26SEP26,"Lowest temperature in Newark on Sep 26, 2026?",yes-maker,6,99.0,0.0,100.0,1.0,1.01,127.0,4
2026-09-26T18:55:40+00:00,KXHIGHTOKC-26SEP26,"Highest temperature in Oklahoma City on Sep 26, 2026?",yes-maker,6,99.0,0.0,100.0,1.0,1.01,112.0,2
2026-09-26T18:55:40+00:00,KXHIGHNY-26SEP26,"Highest temperature in New York City on Sep 26, 2026?",yes-maker,6,99.0,0.0,100.0,1.0,1.01,103.0,4
2026-09-26T21:45:42+00:00,KXGDPYEAR-36,US real GDP growth in 2036?,yes-maker,14,58.0,0.0,100.0,42.0,72.41,95.0,5
2026-09-26T21:45:42+00:00,KXLOWTMIN-26SEP26,"Lowest temperature in Minneapolis on Sep 26, 2026?",yes-maker,6,65.0,0.0,100.0,35.0,53.85,112.0,4
2026-09-26T21:45:42+00:00,KXLOWTAUS-26SEP27,"Lowest temperature in Austin on Sep 27, 2026?",yes-maker,6,68.0,0.0,100.0,32.0,47.06,122.0,1
2026-09-26T21:45:42+00:00,KXLOWTATL-26SEP27,"Lowest temperature in Atlanta on Sep 27, 2026?",yes-maker,6,70.0,0.0,100.0,30.0,42.86,117.0,0
2026-09-26T21:45:42+00:00,KXLOWTOKC-26SEP27,"Lowest temperature in Oklahoma City on Sep 27, 2026?",yes-maker,6,72.0,0.0,100.0,28.0,38.89,129.0,0
2026-09-26T21:45:42+00:00,KXLOWTCHI-26SEP27,"Lowest temperature in Chicago on Sep 27, 2026?",yes-maker,6,75.0,0.0,100.0,25.0,33.33,124.0,2
2026-09-26T21:45:42+00:00,KXGDPYEAR-34,US real GDP growth in 2034?,yes-maker,14,79.0,0.0,100.0,21.0,26.58,119.0,0
2026-09-26T21:45:42+00:00,KXLOWTNYC-26SEP27,"Lowest temperature in New York City on Sep 27, 2026?",yes-maker,6,79.0,0.0,100.0,21.0,26.58,119.0,1
2026-09-26T21:45:42+00:00,KXLOWTHOU-26SEP27,"Lowest temperature in Houston on Sep 27, 2026?",yes-maker,6,81.0,0.0,100.0,19.0,23.46,126.0,2
2026-09-26T21:45:42+00:00,KXGDPYEAR-29,US real GDP growth in 2029?,yes-maker,14,82.0,0.0,100.0,18.0,21.95,129.0,1
2026-09-26T21:45:42+00:00,KXLOWTBOS-26SEP27,"Lowest temperature in Boston on Sep 27, 2026?",yes-maker,6,82.0,0.0,100.0,18.0,21.95,103.0,1
2026-09-26T21:45:42+00:00,KXLOWTNOLA-26SEP27,"Lowest temperature in New Orleans on Sep 27, 2026?",yes-maker,6,83.0,0.0,100.0,17.0,20.48,128.0,1
2026-09-26T21:45:42+00:00,KXLOWTLAX-26SEP27,"Lowest temperature in Los Angeles on Sep 27, 2026?",yes-maker,6,83.0,0.0,100.0,17.0,20.48,117.0,2
2026-09-26T21:45:42+00:00,KXGDPYEAR-30,US real GDP growth in 2030?,yes-maker,14,84.0,0.0,100.0,16.0,19.05,117.0,3
2026-09-26T21:45:42+00:00,KXLOWTMIN-26SEP27,"Lowest temperature in Minneapolis on Sep 27, 2026?",yes-maker,6,85.0,0.0,100.0,15.0,17.65,124.0,2
2026-09-26T21:45:42+00:00,KXLOWTDC-26SEP27,"Lowest temperature in Washington DC on Sep 27, 2026?",yes-maker,6,85.0,0.0,100.0,15.0,17.65,121.0,2
2026-09-26T21:45:42+00:00,KXEOTRUMPTERM-29JAN20,How many executive orders will Trump sign in his second term?,yes-maker,12,85.3,0.0,100.0,14.7,17.23,99.0,0
2026-09-26T21:45:42+00:00,KXGDPYEAR-28,US real GDP growth in 2028?,yes-maker,14,86.0,0.0,100.0,14.0,16.28,122.0,2
2026-09-26T21:45:42+00:00,KXSOCKEYERUN-27,Bristol Bay sockeye run forecast for 2027,yes-maker,6,87.0,0.0,100.0,13.0,14.94,117.0,1
2026-09-26T21:45:42+00:00,KXLOWTPHX-26SEP27,"Lowest temperature in Phoenix on Sep 27, 2026?",yes-maker,6,87.0,0.0,100.0,13.0,14.94,113.0,1
2026-09-26T21:45:42+00:00,KXHIGHTSAN-26SEP26,"Highest temperature in San Diego on Sep 26, 2026?",yes-maker,6,87.0,0.0,100.0,13.0,14.94,119.0,4
2026-09-26T21:45:42+00:00,KXLOWTMIA-26SEP27,"Lowest temperature in Miami on Sep 27, 2026?",yes-maker,6,89.0,0.0,100.0,11.0,12.36,119.0,1
2026-09-26T21:45:42+00:00,KXGDPYEAR-35,US real GDP growth in 2035?,yes-maker,14,91.0,0.0,100.0,9.0,9.89,129.0,0
2026-09-26T21:45:42+00:00,KXGDPYEAR-27,US real GDP growth in 2027?,yes-maker,14,91.0,0.0,100.0,9.0,9.89,128.0,1
2026-09-26T21:45:42+00:00,KXHIGHTOKC-26SEP27,"Highest temperature in Oklahoma City on Sep 27, 2026?",yes-maker,6,92.0,0.0,100.0,8.0,8.70,106.0,0
2026-09-26T21:45:42+00:00,KXLOWTEWR-26SEP26,"Lowest temperature in Newark on Sep 26, 2026?",yes-maker,6,92.0,0.0,100.0,8.0,8.70,129.0,4
2026-09-26T21:45:42+00:00,KXGDPYEAR-26,US real GDP growth in 2026?,yes-maker,14,92.1,0.0,100.0,7.9,8.58,118.1,9
2026-09-26T21:45:42+00:00,KXHIGHTMIN-26SEP27,"Highest temperature in Minneapolis on Sep 27, 2026?",yes-maker,6,93.0,0.0,100.0,7.0,7.53,107.0,0
2026-09-26T21:45:42+00:00,KXHOUSEWINSTATE-GAD,How many House seats will Democrats win in Georgia?,yes-maker,5,94.0,0.0,100.0,6.0,6.38,119.0,0
2026-09-26T21:45:42+00:00,KXHIGHTLV-26SEP27,"Highest temperature in Las Vegas on Sep 27, 2026?",yes-maker,6,94.0,0.0,100.0,6.0,6.38,97.0,0
2026-09-26T21:45:42+00:00,KXHIGHTDC-26SEP27,"Highest temperature in Washington DC on Sep 27, 2026?",yes-maker,6,94.0,0.0,100.0,6.0,6.38,102.0,0
2026-09-26T21:45:42+00:00,KXHOUSEWINSTATE-MID,How many House seats will Democrats win in Michigan?,yes-maker,7,95.0,0.0,100.0,5.0,5.26,114.0,2
2026-09-26T21:45:42+00:00,KXHOUSEWINSTATE-AZD,How many House seats will Democrats win in Arizona?,yes-maker,6,95.0,0.0,100.0,5.0,5.26,110.0,1
2026-09-26T21:45:42+00:00,KXHIGHPHIL-26SEP27,"Highest temperature in Philadelphia on Sep 27, 2026?",yes-maker,6,95.0,0.0,100.0,5.0,5.26,100.0,2
2026-09-26T21:45:42+00:00,KXCAHOUSEDEM-26NOV03,How many House seats will Democrats win in California?,yes-maker,8,95.1,0.0,100.0,4.9,5.15,112.3,0
2026-09-26T21:45:42+00:00,KXLOWTTTN-26SEP26,"Lowest temperature in Trenton on Sep 26, 2026?",yes-maker,6,96.0,0.0,100.0,4.0,4.17,114.0,3
2026-09-26T21:45:42+00:00,KXLOWTSAN-26SEP26,"Lowest temperature in San Diego on Sep 26, 2026?",yes-maker,6,96.0,0.0,100.0,4.0,4.17,119.0,5
2026-09-26T21:45:42+00:00,KXHIGHMIA-26SEP26,"Highest temperature in Miami on Sep 26, 2026?",yes-maker,6,96.0,0.0,100.0,4.0,4.17,105.0,5
2026-09-26T21:45:42+00:00,KXTXHOUSEDEMSEATS-26NOV03,How many House seats will Democrats win in Texas?,yes-maker,8,96.3,0.0,100.0,3.7,3.84,119.0,0
2026-09-26T21:45:42+00:00,KXETHY-27JAN0100,Ethereum price at the end of 2026,yes-maker,18,96.9,0.0,100.0,3.1,3.20,97.1,0
2026-09-26T21:45:42+00:00,KXLOWTPHIL-26SEP27,"Lowest temperature in Philadelphia on Sep 27, 2026?",yes-maker,6,97.0,0.0,100.0,3.0,3.09,122.0,3
2026-09-26T21:45:42+00:00,KXHIGHTPHX-26SEP27,"Highest temperature in Phoenix on Sep 27, 2026?",yes-maker,6,97.0,0.0,100.0,3.0,3.09,101.0,0
2026-09-26T21:45:42+00:00,KXHIGHTATL-26SEP26,"Highest temperature in Atlanta on Sep 26, 2026?",yes-maker,6,97.0,0.0,100.0,3.0,3.09,109.0,4
2026-09-26T21:45:42+00:00,KXNUMREDISTRICTING-26NOV03,How many states will redistrict before the midterms?,yes-maker,7,98.0,0.0,100.0,2.0,2.04,110.0,0
2026-09-26T21:45:42+00:00,KXHIGHTHOU-26SEP27,"Highest temperature in Houston on Sep 27, 2026?",yes-maker,6,98.0,0.0,100.0,2.0,2.04,105.0,1
2026-09-26T21:45:42+00:00,KXHIGHTDAL-26SEP26,"Highest temperature in Dallas on Sep 26, 2026?",yes-maker,6,98.0,0.0,100.0,2.0,2.04,107.0,4
2026-09-26T21:45:42+00:00,KXHOUSEWINSTATE-OHD,How many House seats will Democrats win in Ohio?,yes-maker,7,99.0,0.0,100.0,1.0,1.01,120.0,0
2026-09-26T21:45:42+00:00,KXHIGHTATL-26SEP27,"Highest temperature in Atlanta on Sep 27, 2026?",yes-maker,6,99.0,0.0,100.0,1.0,1.01,102.0,0
2026-09-26T21:45:42+00:00,KXHIGHDEN-26SEP27,"Highest temperature in Denver on Sep 27, 2026?",yes-maker,6,99.0,0.0,100.0,1.0,1.01,101.0,0
2026-09-26T21:45:42+00:00,KXLOWTBOS-26SEP26,"Lowest temperature in Boston on Sep 26, 2026?",yes-maker,6,99.0,0.0,100.0,1.0,1.01,110.0,4
2026-09-26T21:45:42+00:00,KXHIGHTSFO-26SEP26,"Highest temperature in San Francisco on Sep 26, 2026?",yes-maker,6,99.0,0.0,100.0,1.0,1.01,101.0,3
2026-09-27T00:07:24+00:00,KXLOWTMIN-26SEP27,"Lowest temperature in Minneapolis on Sep 27, 2026?",yes-maker,6,56.0,0.0,100.0,44.0,78.57,129.0,2
2026-09-27T00:07:24+00:00,KXGDPYEAR-36,US real GDP growth in 2036?,yes-maker,14,58.0,0.0,100.0,42.0,72.41,95.0,5
2026-09-27T00:07:24+00:00,KXLOWTBOS-26SEP27,"Lowest temperature in Boston on Sep 27, 2026?",yes-maker,6,58.0,0.0,100.0,42.0,72.41,123.0,2
2026-09-27T00:07:24+00:00,KXLOWTNOLA-26SEP27,"Lowest temperature in New Orleans on Sep 27, 2026?",yes-maker,6,59.0,0.0,100.0,41.0,69.49,118.0,1
2026-09-27T00:07:24+00:00,KXHIGHTTTN-26SEP27,"Highest temperature in Trenton on Sep 27, 2026?",yes-maker,6,65.0,0.0,100.0,35.0,53.85,119.0,1
2026-09-27T00:07:24+00:00,KXLOWTATL-26SEP27,"Lowest temperature in Atlanta on Sep 27, 2026?",yes-maker,6,72.0,0.0,100.0,28.0,38.89,107.0,0
2026-09-27T00:07:24+00:00,KXLOWTCHI-26SEP27,"Lowest temperature in Chicago on Sep 27, 2026?",yes-maker,6,73.0,0.0,100.0,27.0,36.99,121.0,2
2026-09-27T00:07:24+00:00,KXLOWTHOU-26SEP27,"Lowest temperature in Houston on Sep 27, 2026?",yes-maker,6,76.0,0.0,100.0,24.0,31.58,130.0,2
2026-09-27T00:07:24+00:00,KXLOWTSFO-26SEP27,"Lowest temperature in San Francisco on Sep 27, 2026?",yes-maker,6,77.0,0.0,100.0,23.0,29.87,129.0,0
2026-09-27T00:07:24+00:00,KXLOWTMIA-26SEP27,"Lowest temperature in Miami on Sep 27, 2026?",yes-maker,6,77.0,0.0,100.0,23.0,29.87,125.0,1
2026-09-27T00:07:24+00:00,KXLOWTPHX-26SEP27,"Lowest temperature in Phoenix on Sep 27, 2026?",yes-maker,6,78.0,0.0,100.0,22.0,28.21,110.0,1
2026-09-27T00:07:24+00:00,KXGDPYEAR-34,US real GDP growth in 2034?,yes-maker,14,79.0,0.0,100.0,21.0,26.58,119.0,0
2026-09-27T00:07:24+00:00,KXLOWTSATX-26SEP27,"Lowest temperature in San Antonio on Sep 27, 2026?",yes-maker,6,80.0,0.0,100.0,20.0,25.00,116.0,1
2026-09-27T00:07:24+00:00,KXLOWTAUS-26SEP27,"Lowest temperature in Austin on Sep 27, 2026?",yes-maker,6,80.0,0.0,100.0,20.0,25.00,125.0,0
2026-09-27T00:07:24+00:00,KXGDPYEAR-29,US real GDP growth in 2029?,yes-maker,14,82.0,0.0,100.0,18.0,21.95,129.0,1
2026-09-27T00:07:24+00:00,KXGDPYEAR-30,US real GDP growth in 2030?,yes-maker,14,84.0,0.0,100.0,16.0,19.05,117.0,3
2026-09-27T00:07:24+00:00,KXLOWTDEN-26SEP27,"Lowest temperature in Denver on Sep 27, 2026?",yes-maker,6,85.0,0.0,100.0,15.0,17.65,111.0,0
2026-09-27T00:07:24+00:00,KXEOTRUMPTERM-29JAN20,How many executive orders will Trump sign in his second term?,yes-maker,12,85.3,0.0,100.0,14.7,17.23,99.0,0
2026-09-27T00:07:24+00:00,KXGDPYEAR-28,US real GDP growth in 2028?,yes-maker,14,86.0,0.0,100.0,14.0,16.28,122.0,2
2026-09-27T00:07:24+00:00,KXLOWTPHIL-26SEP27,"Lowest temperature in Philadelphia on Sep 27, 2026?",yes-maker,6,86.0,0.0,100.0,14.0,16.28,126.0,3
2026-09-27T00:07:24+00:00,KXLOWTDC-26SEP27,"Lowest temperature in Washington DC on Sep 27, 2026?",yes-maker,6,86.0,0.0,100.0,14.0,16.28,112.0,2
2026-09-27T00:07:24+00:00,KXSOCKEYERUN-27,Bristol Bay sockeye run forecast for 2027,yes-maker,6,87.0,0.0,100.0,13.0,14.94,117.0,1
2026-09-27T00:07:24+00:00,KXLOWTNYC-26SEP27,"Lowest temperature in New York City on Sep 27, 2026?",yes-maker,6,87.0,0.0,100.0,13.0,14.94,129.0,2
2026-09-27T00:07:24+00:00,KXLOWTLAX-26SEP27,"Lowest temperature in Los Angeles on Sep 27, 2026?",yes-maker,6,88.0,0.0,100.0,12.0,13.64,112.0,2
2026-09-27T00:07:24+00:00,KXGDPYEAR-35,US real GDP growth in 2035?,yes-maker,14,91.0,0.0,100.0,9.0,9.89,129.0,0
2026-09-27T00:07:24+00:00,KXGDPYEAR-26,US real GDP growth in 2026?,yes-maker,14,92.1,0.0,100.0,7.9,8.58,118.1,9
2026-09-27T00:07:24+00:00,KXTRUTHSOCIAL-26SEP26,Trump Truth Social posts this week? (9/20-9/26),yes-maker,10,93.0,0.0,100.0,7.0,7.53,121.0,6
2026-09-27T00:07:24+00:00,KXHOUSEWINSTATE-MID,How many House seats will Democrats win in Michigan?,yes-maker,7,94.0,0.0,100.0,6.0,6.38,114.0,2
2026-09-27T00:07:24+00:00,KXHOUSEWINSTATE-GAD,How many House seats will Democrats win in Georgia?,yes-maker,5,94.0,0.0,100.0,6.0,6.38,119.0,0
2026-09-27T00:07:24+00:00,KXHIGHTPHX-26SEP27,"Highest temperature in Phoenix on Sep 27, 2026?",yes-maker,6,95.0,0.0,100.0,5.0,5.26,96.0,0
2026-09-27T00:07:24+00:00,KXLOWTDC-26SEP26,"Lowest temperature in Washington DC on Sep 26, 2026?",yes-maker,6,95.0,0.0,100.0,5.0,5.26,108.0,2
2026-09-27T00:07:24+00:00,KXCAHOUSEDEM-26NOV03,How many House seats will Democrats win in California?,yes-maker,8,95.1,0.0,100.0,4.9,5.15,111.9,0
2026-09-27T00:07:24+00:00,KXHOUSEWINSTATE-AZD,How many House seats will Democrats win in Arizona?,yes-maker,6,96.0,0.0,100.0,4.0,4.17,110.0,1
2026-09-27T00:07:24+00:00,KXLOWTLV-26SEP27,"Lowest temperature in Las Vegas on Sep 27, 2026?",yes-maker,6,96.0,0.0,100.0,4.0,4.17,128.0,2
2026-09-27T00:07:24+00:00,KXLOWTTTN-26SEP26,"Lowest temperature in Trenton on Sep 26, 2026?",yes-maker,6,96.0,0.0,100.0,4.0,4.17,119.0,4
2026-09-27T00:07:24+00:00,KXTXHOUSEDEMSEATS-26NOV03,How many House seats will Democrats win in Texas?,yes-maker,8,96.3,0.0,100.0,3.7,3.84,119.0,0
2026-09-27T00:07:24+00:00,KXNUMREDISTRICTING-26NOV03,How many states will redistrict before the midterms?,yes-maker,7,97.0,0.0,100.0,3.0,3.09,115.0,0
2026-09-27T00:07:24+00:00,KXLOWTSEA-26SEP27,"Lowest temperature in Seattle on Sep 27, 2026?",yes-maker,6,97.0,0.0,100.0,3.0,3.09,129.0,2
2026-09-27T00:07:24+00:00,KXHIGHTDC-26SEP27,"Highest temperature in Washington DC on Sep 27, 2026?",yes-maker,6,97.0,0.0,100.0,3.0,3.09,99.0,0
2026-09-27T00:07:24+00:00,KXHIGHTMIN-26SEP26,"Highest temperature in Minneapolis on Sep 26, 2026?",yes-maker,6,97.0,0.0,100.0,3.0,3.09,110.0,4
2026-09-27T00:07:24+00:00,KXETHY-27JAN0100,Ethereum price at the end of 2026,yes-maker,18,97.1,0.0,100.0,2.9,2.99,97.1,0
2026-09-27T00:07:24+00:00,KXHIGHPHIL-26SEP27,"Highest temperature in Philadelphia on Sep 27, 2026?",yes-maker,6,98.0,0.0,100.0,2.0,2.04,101.0,0
2026-09-27T00:07:24+00:00,KXLOWTSAN-26SEP26,"Lowest temperature in San Diego on Sep 26, 2026?",yes-maker,6,98.0,0.0,100.0,2.0,2.04,115.0,5
2026-09-27T00:07:24+00:00,KXHOUSEWINSTATE-OHD,How many House seats will Democrats win in Ohio?,yes-maker,7,99.0,0.0,100.0,1.0,1.01,119.0,0
2026-09-27T00:07:24+00:00,KXHIGHTMIN-26SEP27,"Highest temperature in Minneapolis on Sep 27, 2026?",yes-maker,6,99.0,0.0,100.0,1.0,1.01,105.0,0
2026-09-27T00:07:24+00:00,KXLOWTMIN-26SEP26,"Lowest temperature in Minneapolis on Sep 26, 2026?",yes-maker,6,99.0,0.0,100.0,1.0,1.01,110.0,4
2026-09-27T05:31:12+00:00,KXLOWTMIN-26SEP27,"Lowest temperature in Minneapolis on Sep 27, 2026?",yes-maker,6,53.0,0.0,100.0,47.0,88.68,127.0,2
2026-09-27T05:31:12+00:00,KXLOWTCHI-26SEP27,"Lowest temperature in Chicago on Sep 27, 2026?",yes-maker,6,55.0,0.0,100.0,45.0,81.82,121.0,2
2026-09-27T05:31:12+00:00,KXGDPYEAR-36,US real GDP growth in 2036?,yes-maker,14,59.0,0.0,100.0,41.0,69.49,102.0,4
2026-09-27T05:31:12+00:00,KXLOWTLAX-26SEP27,"Lowest temperature in Los Angeles on Sep 27, 2026?",yes-maker,6,61.0,0.0,100.0,39.0,63.93,106.0,2
2026-09-27T05:31:12+00:00,KXLOWTOKC-26SEP27,"Lowest temperature in Oklahoma City on Sep 27, 2026?",yes-maker,6,69.0,0.0,100.0,31.0,44.93,126.0,0
2026-09-27T05:31:12+00:00,KXGDPYEAR-34,US real GDP growth in 2034?,yes-maker,14,71.0,0.0,100.0,29.0,40.85,118.0,0
2026-09-27T05:31:12+00:00,KXLOWTNOLA-26SEP27,"Lowest temperature in New Orleans on Sep 27, 2026?",yes-maker,6,71.0,0.0,100.0,29.0,40.85,122.0,0
2026-09-27T05:31:12+00:00,KXLOWTATL-26SEP27,"Lowest temperature in Atlanta on Sep 27, 2026?",yes-maker,6,72.0,0.0,100.0,28.0,38.89,116.0,0
2026-09-27T05:31:12+00:00,KXLOWTSFO-26SEP27,"Lowest temperature in San Francisco on Sep 27, 2026?",yes-maker,6,81.0,0.0,100.0,19.0,23.46,118.0,2
2026-09-27T05:31:12+00:00,KXGDPYEAR-30,US real GDP growth in 2030?,yes-maker,14,82.0,0.0,100.0,18.0,21.95,119.0,3
2026-09-27T05:31:12+00:00,KXGDPYEAR-29,US real GDP growth in 2029?,yes-maker,14,82.0,0.0,100.0,18.0,21.95,129.0,1
2026-09-27T05:31:12+00:00,KXHIGHTTTN-26SEP27,"Highest temperature in Trenton on Sep 27, 2026?",yes-maker,6,83.0,0.0,100.0,17.0,20.48,123.0,1
2026-09-27T05:31:12+00:00,KXGDPYEAR-35,US real GDP growth in 2035?,yes-maker,14,85.0,0.0,100.0,15.0,17.65,128.0,0
2026-09-27T05:31:12+00:00,KXEOTRUMPTERM-29JAN20,How many executive orders will Trump sign in his second term?,yes-maker,12,85.3,0.0,100.0,14.7,17.23,99.0,0
2026-09-27T05:31:12+00:00,KXGDPYEAR-28,US real GDP growth in 2028?,yes-maker,14,86.0,0.0,100.0,14.0,16.28,122.0,2
2026-09-27T05:31:12+00:00,KXLOWTPHX-26SEP27,"Lowest temperature in Phoenix on Sep 27, 2026?",yes-maker,6,86.0,0.0,100.0,14.0,16.28,113.0,0
2026-09-27T05:31:12+00:00,KXSOCKEYERUN-27,Bristol Bay sockeye run forecast for 2027,yes-maker,6,87.0,0.0,100.0,13.0,14.94,119.0,1
2026-09-27T05:31:12+00:00,KXGDPYEAR-27,US real GDP growth in 2027?,yes-maker,14,91.0,0.0,100.0,9.0,9.89,128.0,1
2026-09-27T05:31:12+00:00,KXHOUSEWINSTATE-FLD,How many House seats will Democrats win in Florida?,yes-maker,9,91.0,0.0,100.0,9.0,9.89,127.0,1
2026-09-27T05:31:12+00:00,KXCAHOUSEDEM-26NOV03,How many House seats will Democrats win in California?,yes-maker,8,91.1,0.0,100.0,8.9,9.77,113.4,0
2026-09-27T05:31:12+00:00,KXHOUSEWINSTATE-AZD,How many House seats will Democrats win in Arizona?,yes-maker,6,92.0,0.0,100.0,8.0,8.70,115.0,1
2026-09-27T05:31:12+00:00,KXLOWTSATX-26SEP27,"Lowest temperature in San Antonio on Sep 27, 2026?",yes-maker,6,92.0,0.0,100.0,8.0,8.70,127.0,0
2026-09-27T05:31:12+00:00,KXGDPYEAR-26,US real GDP growth in 2026?,yes-maker,14,92.1,0.0,100.0,7.9,8.58,118.1,9
2026-09-27T05:31:12+00:00,KXLOWTBOS-26SEP27,"Lowest temperature in Boston on Sep 27, 2026?",yes-maker,6,93.0,0.0,100.0,7.0,7.53,107.0,3
2026-09-27T05:31:12+00:00,KXHOUSEWINSTATE-MID,How many House seats will Democrats win in Michigan?,yes-maker,7,94.0,0.0,100.0,6.0,6.38,112.0,2
2026-09-27T05:31:12+00:00,KXHOUSEWINSTATE-GAD,How many House seats will Democrats win in Georgia?,yes-maker,5,94.0,0.0,100.0,6.0,6.38,118.0,0
2026-09-27T05:31:12+00:00,KXHIGHTMIN-26SEP26,"Highest temperature in Minneapolis on Sep 26, 2026?",yes-maker,6,96.0,0.0,100.0,4.0,4.17,114.0,4
2026-09-27T05:31:12+00:00,KXTXHOUSEDEMSEATS-26NOV03,How many House seats will Democrats win in Texas?,yes-maker,8,96.3,0.0,100.0,3.7,3.84,119.0,0
2026-09-27T05:31:12+00:00,KXETHY-27JAN0100,Ethereum price at the end of 2026,yes-maker,18,96.8,0.0,100.0,3.2,3.31,96.8,0
2026-09-27T05:31:12+00:00,KXNUMREDISTRICTING-26NOV03,How many states will redistrict before the midterms?,yes-maker,7,97.0,0.0,100.0,3.0,3.09,113.0,0
2026-09-27T05:31:12+00:00,KXLOWTNYC-26SEP27,"Lowest temperature in New York City on Sep 27, 2026?",yes-maker,6,97.0,0.0,100.0,3.0,3.09,122.0,3
2026-09-27T05:31:12+00:00,KXHIGHTDC-26SEP27,"Highest temperature in Washington DC on Sep 27, 2026?",yes-maker,6,97.0,0.0,100.0,3.0,3.09,97.0,1
2026-09-27T05:31:12+00:00,KXHIGHTBOS-26SEP27,"Highest temperature in Boston on Sep 27, 2026?",yes-maker,6,97.0,0.0,100.0,3.0,3.09,103.0,2
2026-09-27T05:31:12+00:00,KXHIGHTEWR-26SEP27,"Highest temperature in Newark on Sep 27, 2026?",yes-maker,6,98.0,0.0,100.0,2.0,2.04,124.0,2
2026-09-27T05:31:12+00:00,KXHOUSEWINSTATE-OHD,How many House seats will Democrats win in Ohio?,yes-maker,7,99.0,0.0,100.0,1.0,1.01,120.0,0
2026-09-27T05:31:12+00:00,KXHIGHTNOLA-26SEP27,"Highest temperature in New Orleans on Sep 27, 2026?",yes-maker,6,99.0,0.0,100.0,1.0,1.01,100.0,2
2026-09-27T05:31:12+00:00,KXBTCY-27JAN0100,Bitcoin price at the end of 2026,yes-maker,28,99.9,0.0,100.0,0.1,0.10,99.9,0
2026-09-27T11:13:59+00:00,KXLOWTSDF-26SEP27,"Lowest temperature in Louisville on Sep 27, 2026?",yes-maker,6,13.0,0.0,100.0,87.0,669.23,130.0,3
2026-09-27T11:13:59+00:00,KXGDPYEAR-36,US real GDP growth in 2036?,yes-maker,14,66.0,0.0,100.0,34.0,51.52,103.0,2
2026-09-27T11:13:59+00:00,KXGDPYEAR-34,US real GDP growth in 2034?,yes-maker,14,75.0,0.0,100.0,25.0,33.33,120.0,0
2026-09-27T11:13:59+00:00,KXGDPYEAR-32,US real GDP growth in 2032?,yes-maker,14,75.0,0.0,100.0,25.0,33.33,127.0,2
2026-09-27T11:13:59+00:00,KXGDPYEAR-29,US real GDP growth in 2029?,yes-maker,14,83.0,0.0,100.0,17.0,20.48,129.0,1
2026-09-27T11:13:59+00:00,KXLOWTSEA-26SEP27,"Lowest temperature in Seattle on Sep 27, 2026?",yes-maker,6,84.0,0.0,100.0,16.0,19.05,122.0,3
2026-09-27T11:13:59+00:00,KXGDPYEAR-30,US real GDP growth in 2030?,yes-maker,14,85.0,0.0,100.0,15.0,17.65,117.0,3
2026-09-27T11:13:59+00:00,KXEOTRUMPTERM-29JAN20,How many executive orders will Trump sign in his second term?,yes-maker,12,85.3,0.0,100.0,14.7,17.23,99.0,0
2026-09-27T11:13:59+00:00,KXGDPYEAR-28,US real GDP growth in 2028?,yes-maker,14,87.0,0.0,100.0,13.0,14.94,122.0,2
2026-09-27T11:13:59+00:00,KXSOCKEYERUN-27,Bristol Bay sockeye run forecast for 2027,yes-maker,6,87.0,0.0,100.0,13.0,14.94,113.0,1
2026-09-27T11:13:59+00:00,KXLOWTSATX-26SEP27,"Lowest temperature in San Antonio on Sep 27, 2026?",yes-maker,6,87.0,0.0,100.0,13.0,14.94,119.0,2
2026-09-27T11:13:59+00:00,KXLOWTDEN-26SEP27,"Lowest temperature in Denver on Sep 27, 2026?",yes-maker,6,87.0,0.0,100.0,13.0,14.94,123.0,1
2026-09-27T11:13:59+00:00,KXGDPYEAR-35,US real GDP growth in 2035?,yes-maker,14,88.0,0.0,100.0,12.0,13.64,128.0,0
2026-09-27T11:13:59+00:00,KXHOUSEWINSTATE-AZD,How many House seats will Democrats win in Arizona?,yes-maker,6,90.0,0.0,100.0,10.0,11.11,112.0,1
2026-09-27T11:13:59+00:00,KXLOWTBOS-26SEP27,"Lowest temperature in Boston on Sep 27, 2026?",yes-maker,6,90.0,0.0,100.0,10.0,11.11,116.0,3
2026-09-27T11:13:59+00:00,KXHIGHTTTN-26SEP27,"Highest temperature in Trenton on Sep 27, 2026?",yes-maker,6,90.0,0.0,100.0,10.0,11.11,119.0,1
2026-09-27T11:13:59+00:00,KXHIGHTEWR-26SEP27,"Highest temperature in Newark on Sep 27, 2026?",yes-maker,6,90.0,0.0,100.0,10.0,11.11,111.0,2
2026-09-27T11:13:59+00:00,KXGDPYEAR-27,US real GDP growth in 2027?,yes-maker,14,91.0,0.0,100.0,9.0,9.89,128.0,1
2026-09-27T11:13:59+00:00,KXLOWTSFO-26SEP27,"Lowest temperature in San Francisco on Sep 27, 2026?",yes-maker,6,91.0,0.0,100.0,9.0,9.89,119.0,2
2026-09-27T11:13:59+00:00,KXLOWTLAX-26SEP27,"Lowest temperature in Los Angeles on Sep 27, 2026?",yes-maker,6,91.0,0.0,100.0,9.0,9.89,120.0,1
2026-09-27T11:13:59+00:00,KXCAHOUSEDEM-26NOV03,How many House seats will Democrats win in California?,yes-maker,8,91.1,0.0,100.0,8.9,9.77,112.4,0
2026-09-27T11:13:59+00:00,KXGDPYEAR-26,US real GDP growth in 2026?,yes-maker,14,91.2,0.0,100.0,8.8,9.65,118.1,9
2026-09-27T11:13:59+00:00,KXLOWTNYC-26SEP27,"Lowest temperature in New York City on Sep 27, 2026?",yes-maker,6,92.0,0.0,100.0,8.0,8.70,116.0,3
2026-09-27T11:13:59+00:00,KXHIGHTSDF-26SEP27,"Highest temperature in Louisville on Sep 27, 2026?",yes-maker,6,92.0,0.0,100.0,8.0,8.70,103.0,1
2026-09-27T11:13:59+00:00,KXHOUSEWINSTATE-GAD,How many House seats will Democrats win in Georgia?,yes-maker,5,94.0,0.0,100.0,6.0,6.38,118.0,0
2026-09-27T11:13:59+00:00,KXLOWTAUS-26SEP27,"Lowest temperature in Austin on Sep 27, 2026?",yes-maker,6,94.0,0.0,100.0,6.0,6.38,110.0,4
2026-09-27T11:13:59+00:00,KXHOUSEWINSTATE-MID,How many House seats will Democrats win in Michigan?,yes-maker,7,95.0,0.0,100.0,5.0,5.26,111.0,2
2026-09-27T11:13:59+00:00,KXTXHOUSEDEMSEATS-26NOV03,How many House seats will Democrats win in Texas?,yes-maker,8,95.3,0.0,100.0,4.7,4.93,119.0,0
2026-09-27T11:13:59+00:00,KXHOUSEWINSTATE-NCD,How many House seats will Democrats win in North Carolina?,yes-maker,7,96.0,0.0,100.0,4.0,4.17,114.0,1
2026-09-27T11:13:59+00:00,KXETHY-27JAN0100,Ethereum price at the end of 2026,yes-maker,18,96.6,0.0,100.0,3.4,3.52,96.60000000000001,0
2026-09-27T11:13:59+00:00,KXNUMREDISTRICTING-26NOV03,How many states will redistrict before the midterms?,yes-maker,7,97.0,0.0,100.0,3.0,3.09,109.0,0
2026-09-27T11:13:59+00:00,KXLOWTATL-26SEP27,"Lowest temperature in Atlanta on Sep 27, 2026?",yes-maker,6,97.0,0.0,100.0,3.0,3.09,117.0,2
2026-09-27T11:13:59+00:00,KXHIGHTSAN-26SEP27,"Highest temperature in San Diego on Sep 27, 2026?",yes-maker,6,97.0,0.0,100.0,3.0,3.09,125.0,1
2026-09-27T11:13:59+00:00,KXHOUSEWINSTATE-OHD,How many House seats will Democrats win in Ohio?,yes-maker,7,99.0,0.0,100.0,1.0,1.01,119.0,0
2026-09-27T11:13:59+00:00,KXHIGHTSEA-26SEP27,"Highest temperature in Seattle on Sep 27, 2026?",yes-maker,6,99.0,0.0,100.0,1.0,1.01,99.0,2
2026-09-27T11:13:59+00:00,KXHIGHTDC-26SEP27,"Highest temperature in Washington DC on Sep 27, 2026?",yes-maker,6,99.0,0.0,100.0,1.0,1.01,103.0,1
2026-09-27T15:43:40+00:00,KXGDPYEAR-36,US real GDP growth in 2036?,yes-maker,14,66.0,0.0,100.0,34.0,51.52,103.0,2
2026-09-27T15:43:40+00:00,KXLOWTBOS-26SEP27,"Lowest temperature in Boston on Sep 27, 2026?",yes-maker,6,66.0,0.0,100.0,34.0,51.52,120.0,3
2026-09-27T15:43:40+00:00,KXGDPYEAR-34,US real GDP growth in 2034?,yes-maker,14,75.0,0.0,100.0,25.0,33.33,119.0,0
2026-09-27T15:43:40+00:00,KXLOWTLV-26SEP28,"Lowest temperature in Las Vegas on Sep 28, 2026?",yes-maker,6,75.0,0.0,100.0,25.0,33.33,113.0,1
2026-09-27T15:43:40+00:00,KXGDPYEAR-32,US real GDP growth in 2032?,yes-maker,14,77.0,0.0,100.0,23.0,29.87,126.0,2
2026-09-27T15:43:40+00:00,KXGDPYEAR-30,US real GDP growth in 2030?,yes-maker,14,79.0,0.0,100.0,21.0,26.58,116.0,3
2026-09-27T15:43:40+00:00,KXLOWTPHIL-26SEP28,"Lowest temperature in Philadelphia on Sep 28, 2026?",yes-maker,6,81.0,0.0,100.0,19.0,23.46,120.0,1
2026-09-27T15:43:40+00:00,KXLOWTOKC-26SEP28,"Lowest temperature in Oklahoma City on Sep 28, 2026?",yes-maker,6,81.0,0.0,100.0,19.0,23.46,117.0,0
2026-09-27T15:43:40+00:00,KXGDPYEAR-29,US real GDP growth in 2029?,yes-maker,14,83.0,0.0,100.0,17.0,20.48,129.0,1
2026-09-27T15:43:40+00:00,KXHIGHTSAN-26SEP27,"Highest temperature in San Diego on Sep 27, 2026?",yes-maker,6,84.0,0.0,100.0,16.0,19.05,127.0,2
2026-09-27T15:43:40+00:00,KXLOWTMIA-26SEP28,"Lowest temperature in Miami on Sep 28, 2026?",yes-maker,6,85.0,0.0,100.0,15.0,17.65,119.0,0
2026-09-27T15:43:40+00:00,KXLOWTLAX-26SEP27,"Lowest temperature in Los Angeles on Sep 27, 2026?",yes-maker,6,85.0,0.0,100.0,15.0,17.65,122.0,4
2026-09-27T15:43:40+00:00,KXEOTRUMPTERM-29JAN20,How many executive orders will Trump sign in his second term?,yes-maker,12,85.3,0.0,100.0,14.7,17.23,99.0,0
2026-09-27T15:43:40+00:00,KXLOWTCHI-26SEP28,"Lowest temperature in Chicago on Sep 28, 2026?",yes-maker,6,86.0,0.0,100.0,14.0,16.28,128.0,0
2026-09-27T15:43:40+00:00,KXHIGHTSDF-26SEP28,"Highest temperature in Louisville on Sep 28, 2026?",yes-maker,6,86.0,0.0,100.0,14.0,16.28,128.0,1
2026-09-27T15:43:40+00:00,KXGDPYEAR-28,US real GDP growth in 2028?,yes-maker,14,87.0,0.0,100.0,13.0,14.94,122.0,2
2026-09-27T15:43:40+00:00,KXSOCKEYERUN-27,Bristol Bay sockeye run forecast for 2027,yes-maker,6,87.0,0.0,100.0,13.0,14.94,119.0,1
2026-09-27T15:43:40+00:00,KXLOWTPHX-26SEP28,"Lowest temperature in Phoenix on Sep 28, 2026?",yes-maker,6,87.0,0.0,100.0,13.0,14.94,111.0,0
2026-09-27T15:43:40+00:00,KXLOWTMIN-26SEP28,"Lowest temperature in Minneapolis on Sep 28, 2026?",yes-maker,6,87.0,0.0,100.0,13.0,14.94,123.0,0
2026-09-27T15:43:40+00:00,KXLOWTATL-26SEP28,"Lowest temperature in Atlanta on Sep 28, 2026?",yes-maker,6,87.0,0.0,100.0,13.0,14.94,124.0,1
2026-09-27T15:43:40+00:00,KXGDPYEAR-35,US real GDP growth in 2035?,yes-maker,14,88.0,0.0,100.0,12.0,13.64,127.0,0
2026-09-27T15:43:40+00:00,KXLOWTAUS-26SEP28,"Lowest temperature in Austin on Sep 28, 2026?",yes-maker,6,88.0,0.0,100.0,12.0,13.64,128.0,0
2026-09-27T15:43:40+00:00,KXLOWTLV-26SEP27,"Lowest temperature in Las Vegas on Sep 27, 2026?",yes-maker,6,88.0,0.0,100.0,12.0,13.64,118.0,3
2026-09-27T15:43:40+00:00,KXLOWTSEA-26SEP28,"Lowest temperature in Seattle on Sep 28, 2026?",yes-maker,6,89.0,0.0,100.0,11.0,12.36,123.0,1
2026-09-27T15:43:40+00:00,KXLOWTSFO-26SEP27,"Lowest temperature in San Francisco on Sep 27, 2026?",yes-maker,6,89.0,0.0,100.0,11.0,12.36,129.0,3
2026-09-27T15:43:40+00:00,KXCAHOUSEDEM-26NOV03,How many House seats will Democrats win in California?,yes-maker,8,89.1,0.0,100.0,10.9,12.23,112.4,0
2026-09-27T15:43:40+00:00,KXHOUSEWINSTATE-AZD,How many House seats will Democrats win in Arizona?,yes-maker,6,90.0,0.0,100.0,10.0,11.11,115.0,1
2026-09-27T15:43:40+00:00,KXLOWTNYC-26SEP28,"Lowest temperature in New York City on Sep 28, 2026?",yes-maker,6,90.0,0.0,100.0,10.0,11.11,116.0,0
2026-09-27T15:43:40+00:00,KXGDPYEAR-27,US real GDP growth in 2027?,yes-maker,14,91.0,0.0,100.0,9.0,9.89,128.0,1
2026-09-27T15:43:40+00:00,KXLOWTNOLA-26SEP28,"Lowest temperature in New Orleans on Sep 28, 2026?",yes-maker,6,92.0,0.0,100.0,8.0,8.70,128.0,1
2026-09-27T15:43:40+00:00,KXLOWTHOU-26SEP28,"Lowest temperature in Houston on Sep 28, 2026?",yes-maker,6,92.0,0.0,100.0,8.0,8.70,121.0,1
2026-09-27T15:43:40+00:00,KXLOWTNOLA-26SEP27,"Lowest temperature in New Orleans on Sep 27, 2026?",yes-maker,6,92.0,0.0,100.0,8.0,8.70,108.0,5
2026-09-27T15:43:40+00:00,KXGDPYEAR-26,US real GDP growth in 2026?,yes-maker,14,92.1,0.0,100.0,7.9,8.58,118.1,9
2026-09-27T15:43:40+00:00,KXLOWTLAX-26SEP28,"Lowest temperature in Los Angeles on Sep 28, 2026?",yes-maker,6,93.0,0.0,100.0,7.0,7.53,117.0,2
2026-09-27T15:43:40+00:00,KXLOWTDEN-26SEP28,"Lowest temperature in Denver on Sep 28, 2026?",yes-maker,6,93.0,0.0,100.0,7.0,7.53,112.0,1
2026-09-27T15:43:40+00:00,KXLOWTDC-26SEP28,"Lowest temperature in Washington DC on Sep 28, 2026?",yes-maker,6,93.0,0.0,100.0,7.0,7.53,115.0,1
2026-09-27T15:43:40+00:00,KXHIGHTSEA-26SEP28,"Highest temperature in Seattle on Sep 28, 2026?",yes-maker,6,93.0,0.0,100.0,7.0,7.53,106.0,0
2026-09-27T15:43:40+00:00,KXHOUSEWINSTATE-GAD,How many House seats will Democrats win in Georgia?,yes-maker,5,94.0,0.0,100.0,6.0,6.38,120.0,0
2026-09-27T15:43:40+00:00,KXTRUTHSOCIAL-26OCT03,Trump Truth Social posts this week? (9/27-10/3),yes-maker,10,94.0,0.0,100.0,6.0,6.38,100.0,0
2026-09-27T15:43:40+00:00,KXLOWTMIN-26SEP27,"Lowest temperature in Minneapolis on Sep 27, 2026?",yes-maker,6,94.0,0.0,100.0,6.0,6.38,119.0,3
2026-09-27T15:43:40+00:00,KXTXHOUSEDEMSEATS-26NOV03,How many House seats will Democrats win in Texas?,yes-maker,8,94.3,0.0,100.0,5.7,6.04,119.0,0
2026-09-27T15:43:40+00:00,KXHOUSEWINSTATE-MID,How many House seats will Democrats win in Michigan?,yes-maker,7,95.0,0.0,100.0,5.0,5.26,111.0,2
2026-09-27T15:43:40+00:00,KXLOWTSATX-26SEP27,"Lowest temperature in San Antonio on Sep 27, 2026?",yes-maker,6,95.0,0.0,100.0,5.0,5.26,110.0,4
2026-09-27T15:43:40+00:00,KXHIGHTSFO-26SEP28,"Highest temperature in San Francisco on Sep 28, 2026?",yes-maker,6,96.0,0.0,100.0,4.0,4.17,110.0,0
2026-09-27T15:43:40+00:00,KXHIGHTLV-26SEP28,"Highest temperature in Las Vegas on Sep 28, 2026?",yes-maker,6,96.0,0.0,100.0,4.0,4.17,121.0,0
2026-09-27T15:43:40+00:00,KXHIGHTSDF-26SEP27,"Highest temperature in Louisville on Sep 27, 2026?",yes-maker,6,96.0,0.0,100.0,4.0,4.17,121.0,3
2026-09-27T15:43:40+00:00,KXETHY-27JAN0100,Ethereum price at the end of 2026,yes-maker,18,96.7,0.0,100.0,3.3,3.41,96.9,0
2026-09-27T15:43:40+00:00,KXNUMREDISTRICTING-26NOV03,How many states will redistrict before the midterms?,yes-maker,7,97.0,0.0,100.0,3.0,3.09,110.0,0
2026-09-27T15:43:40+00:00,KXLOWTBOS-26SEP28,"Lowest temperature in Boston on Sep 28, 2026?",yes-maker,6,97.0,0.0,100.0,3.0,3.09,117.0,0
2026-09-27T15:43:40+00:00,KXLOWTMIA-26SEP27,"Lowest temperature in Miami on Sep 27, 2026?",yes-maker,6,97.0,0.0,100.0,3.0,3.09,110.0,3
2026-09-27T15:43:40+00:00,KXHIGHTNOLA-26SEP27,"Highest temperature in New Orleans on Sep 27, 2026?",yes-maker,6,97.0,0.0,100.0,3.0,3.09,100.0,2
2026-09-27T15:43:40+00:00,KXHIGHTATL-26SEP28,"Highest temperature in Atlanta on Sep 28, 2026?",yes-maker,6,98.0,0.0,100.0,2.0,2.04,106.0,2
2026-09-27T15:43:40+00:00,KXLOWTPHX-26SEP27,"Lowest temperature in Phoenix on Sep 27, 2026?",yes-maker,6,98.0,0.0,100.0,2.0,2.04,110.0,4
2026-09-27T15:43:40+00:00,KXHIGHTBOS-26SEP27,"Highest temperature in Boston on Sep 27, 2026?",yes-maker,6,98.0,0.0,100.0,2.0,2.04,100.0,3
2026-09-27T15:43:40+00:00,KXHIGHAUS-26SEP27,"Highest temperature in Austin on Sep 27, 2026?",yes-maker,6,98.0,0.0,100.0,2.0,2.04,98.0,2
2026-09-27T15:43:40+00:00,KXBTCY-27JAN0100,Bitcoin price at the end of 2026,yes-maker,28,99.0,0.0,100.0,1.0,1.01,99.0,0
2026-09-27T15:43:40+00:00,KXHOUSEWINSTATE-OHD,How many House seats will Democrats win in Ohio?,yes-maker,7,99.0,0.0,100.0,1.0,1.01,117.0,0
2026-09-27T15:43:40+00:00,KXHOUSEWINSTATE-NCD,How many House seats will Democrats win in North Carolina?,yes-maker,7,99.0,0.0,100.0,1.0,1.01,116.0,1
2026-09-27T15:43:40+00:00,KXHIGHCHI-26SEP28,"Highest temperature in Chicago on Sep 28, 2026?",yes-maker,6,99.0,0.0,100.0,1.0,1.01,99.0,0
2026-09-27T15:43:40+00:00,KXLOWTDEN-26SEP27,"Lowest temperature in Denver on Sep 27, 2026?",yes-maker,6,99.0,0.0,100.0,1.0,1.01,115.0,3
2026-09-27T15:43:40+00:00,KXLOWTDAL-26SEP27,"Lowest temperature in Dallas on Sep 27, 2026?",yes-maker,6,99.0,0.0,100.0,1.0,1.01,113.0,4
2026-09-27T15:43:40+00:00,KXHIGHTSEA-26SEP27,"Highest temperature in Seattle on Sep 27, 2026?",yes-maker,6,99.0,0.0,100.0,1.0,1.01,99.0,2
2026-09-27T15:43:40+00:00,KXHIGHTMIN-26SEP27,"Highest temperature in Minneapolis on Sep 27, 2026?",yes-maker,6,99.0,0.0,100.0,1.0,1.01,104.0,0
2026-09-27T15:43:40+00:00,KXHIGHTEWR-26SEP27,"Highest temperature in Newark on Sep 27, 2026?",yes-maker,6,99.0,0.0,100.0,1.0,1.01,123.0,2
2026-09-27T19:27:53+00:00,KXLOWTSAN-26SEP27,"Lowest temperature in San Diego on Sep 27, 2026?",yes-maker,6,13.0,0.0,100.0,87.0,669.23,125.0,2
2026-09-27T19:27:53+00:00,KXLOWTMIN-26SEP28,"Lowest temperature in Minneapolis on Sep 28, 2026?",yes-maker,6,61.0,0.0,100.0,39.0,63.93,127.0,1
2026-09-27T19:27:53+00:00,KXGDPYEAR-36,US real GDP growth in 2036?,yes-maker,14,66.0,0.0,100.0,34.0,51.52,103.0,2
2026-09-27T19:27:53+00:00,KXLOWTBOS-26SEP27,"Lowest temperature in Boston on Sep 27, 2026?",yes-maker,6,70.0,0.0,100.0,30.0,42.86,120.0,3
2026-09-27T19:27:53+00:00,KXLOWTMIA-26SEP28,"Lowest temperature in Miami on Sep 28, 2026?",yes-maker,6,72.0,0.0,100.0,28.0,38.89,113.0,1
2026-09-27T19:27:53+00:00,KXGDPYEAR-34,US real GDP growth in 2034?,yes-maker,14,75.0,0.0,100.0,25.0,33.33,119.0,0
2026-09-27T19:27:53+00:00,KXGDPYEAR-32,US real GDP growth in 2032?,yes-maker,14,77.0,0.0,100.0,23.0,29.87,126.0,2
2026-09-27T19:27:53+00:00,KXLOWTCHI-26SEP28,"Lowest temperature in Chicago on Sep 28, 2026?",yes-maker,6,78.0,0.0,100.0,22.0,28.21,112.0,2
2026-09-27T19:27:53+00:00,KXGDPYEAR-30,US real GDP growth in 2030?,yes-maker,14,79.0,0.0,100.0,21.0,26.58,116.0,3
2026-09-27T19:27:53+00:00,KXLOWTNYC-26SEP28,"Lowest temperature in New York City on Sep 28, 2026?",yes-maker,6,81.0,0.0,100.0,19.0,23.46,121.0,0
2026-09-27T19:27:53+00:00,KXHIGHTSDF-26SEP28,"Highest temperature in Louisville on Sep 28, 2026?",yes-maker,6,81.0,0.0,100.0,19.0,23.46,127.0,1
2026-09-27T19:27:53+00:00,KXLOWTSFO-26SEP28,"Lowest temperature in San Francisco on Sep 28, 2026?",yes-maker,6,82.0,0.0,100.0,18.0,21.95,122.0,2
2026-09-27T19:27:53+00:00,KXGDPYEAR-29,US real GDP growth in 2029?,yes-maker,14,83.0,0.0,100.0,17.0,20.48,129.0,1
2026-09-27T19:27:53+00:00,KXLOWTDAL-26SEP28,"Lowest temperature in Dallas on Sep 28, 2026?",yes-maker,6,84.0,0.0,100.0,16.0,19.05,126.0,1
2026-09-27T19:27:53+00:00,KXLOWTDC-26SEP27,"Lowest temperature in Washington DC on Sep 27, 2026?",yes-maker,6,84.0,0.0,100.0,16.0,19.05,127.0,4
2026-09-27T19:27:53+00:00,KXEOTRUMPTERM-29JAN20,How many executive orders will Trump sign in his second term?,yes-maker,12,85.3,0.0,100.0,14.7,17.23,99.0,0
2026-09-27T19:27:53+00:00,KXLOWTDEN-26SEP28,"Lowest temperature in Denver on Sep 28, 2026?",yes-maker,6,86.0,0.0,100.0,14.0,16.28,120.0,1
2026-09-27T19:27:53+00:00,KXLOWTATL-26SEP28,"Lowest temperature in Atlanta on Sep 28, 2026?",yes-maker,6,86.0,0.0,100.0,14.0,16.28,118.0,2
2026-09-27T19:27:53+00:00,KXHIGHTTTN-26SEP27,"Highest temperature in Trenton on Sep 27, 2026?",yes-maker,6,86.0,0.0,100.0,14.0,16.28,129.0,3
2026-09-27T19:27:53+00:00,KXHIGHTSAN-26SEP27,"Highest temperature in San Diego on Sep 27, 2026?",yes-maker,6,86.0,0.0,100.0,14.0,16.28,111.0,3
2026-09-27T19:27:53+00:00,KXGDPYEAR-35,US real GDP growth in 2035?,yes-maker,14,87.0,0.0,100.0,13.0,14.94,126.0,0
2026-09-27T19:27:53+00:00,KXGDPYEAR-28,US real GDP growth in 2028?,yes-maker,14,87.0,0.0,100.0,13.0,14.94,122.0,2
2026-09-27T19:27:53+00:00,KXSOCKEYERUN-27,Bristol Bay sockeye run forecast for 2027,yes-maker,6,87.0,0.0,100.0,13.0,14.94,113.0,1
2026-09-27T19:27:53+00:00,KXLOWTOKC-26SEP28,"Lowest temperature in Oklahoma City on Sep 28, 2026?",yes-maker,6,87.0,0.0,100.0,13.0,14.94,122.0,0
2026-09-27T19:27:53+00:00,KXLOWTLAX-26SEP28,"Lowest temperature in Los Angeles on Sep 28, 2026?",yes-maker,6,88.0,0.0,100.0,12.0,13.64,120.0,2
2026-09-27T19:27:53+00:00,KXHOUSEWINSTATE-FLD,How many House seats will Democrats win in Florida?,yes-maker,9,90.0,0.0,100.0,10.0,11.11,129.0,1
2026-09-27T19:27:53+00:00,KXLOWTPHIL-26SEP28,"Lowest temperature in Philadelphia on Sep 28, 2026?",yes-maker,6,90.0,0.0,100.0,10.0,11.11,114.0,3
2026-09-27T19:27:53+00:00,KXHIGHTMIN-26SEP27,"Highest temperature in Minneapolis on Sep 27, 2026?",yes-maker,6,90.0,0.0,100.0,10.0,11.11,96.0,1
2026-09-27T19:27:53+00:00,KXTXHOUSEDEMSEATS-26NOV03,How many House seats will Democrats win in Texas?,yes-maker,8,90.3,0.0,100.0,9.7,10.74,117.0,0
2026-09-27T19:27:53+00:00,KXGDPYEAR-27,US real GDP growth in 2027?,yes-maker,14,91.0,0.0,100.0,9.0,9.89,126.0,1
2026-09-27T19:27:53+00:00,KXLOWTPHX-26SEP28,"Lowest temperature in Phoenix on Sep 28, 2026?",yes-maker,6,92.0,0.0,100.0,8.0,8.70,105.0,0
2026-09-27T19:27:53+00:00,KXHIGHTEWR-26SEP28,"Highest temperature in Newark on Sep 28, 2026?",yes-maker,6,92.0,0.0,100.0,8.0,8.70,125.0,1
2026-09-27T19:27:53+00:00,KXCAHOUSEDEM-26NOV03,How many House seats will Democrats win in California?,yes-maker,8,92.1,0.0,100.0,7.9,8.58,111.0,0
2026-09-27T19:27:53+00:00,KXGDPYEAR-26,US real GDP growth in 2026?,yes-maker,14,92.1,0.0,100.0,7.9,8.58,118.1,9
2026-09-27T19:27:53+00:00,KXHOUSEWINSTATE-AZD,How many House seats will Democrats win in Arizona?,yes-maker,6,93.0,0.0,100.0,7.0,7.53,109.0,1
2026-09-27T19:27:53+00:00,KXHOUSEWINSTATE-NCD,How many House seats will Democrats win in North Carolina?,yes-maker,7,93.0,0.0,100.0,7.0,7.53,111.0,1
2026-09-27T19:27:53+00:00,KXLOWTHOU-26SEP28,"Lowest temperature in Houston on Sep 28, 2026?",yes-maker,6,93.0,0.0,100.0,7.0,7.53,126.0,2
2026-09-27T19:27:53+00:00,KXLOWTLV-26SEP27,"Lowest temperature in Las Vegas on Sep 27, 2026?",yes-maker,6,93.0,0.0,100.0,7.0,7.53,114.0,3
2026-09-27T19:27:53+00:00,KXHOUSEWINSTATE-GAD,How many House seats will Democrats win in Georgia?,yes-maker,5,94.0,0.0,100.0,6.0,6.38,118.0,0
2026-09-27T19:27:53+00:00,KXHOUSEWINSTATE-OHD,How many House seats will Democrats win in Ohio?,yes-maker,7,94.0,0.0,100.0,6.0,6.38,116.0,0
2026-09-27T19:27:53+00:00,KXLOWTDC-26SEP28,"Lowest temperature in Washington DC on Sep 28, 2026?",yes-maker,6,94.0,0.0,100.0,6.0,6.38,116.0,1
2026-09-27T19:27:53+00:00,KXLOWTSFO-26SEP27,"Lowest temperature in San Francisco on Sep 27, 2026?",yes-maker,6,94.0,0.0,100.0,6.0,6.38,116.0,4
2026-09-27T19:27:53+00:00,KXHIGHTSEA-26SEP27,"Highest temperature in Seattle on Sep 27, 2026?",yes-maker,6,95.0,0.0,100.0,5.0,5.26,102.0,2
2026-09-27T19:27:53+00:00,KXLOWTLAX-26SEP27,"Lowest temperature in Los Angeles on Sep 27, 2026?",yes-maker,6,96.0,0.0,100.0,4.0,4.17,115.0,4
2026-09-27T19:27:53+00:00,KXHIGHTSDF-26SEP27,"Highest temperature in Louisville on Sep 27, 2026?",yes-maker,6,96.0,0.0,100.0,4.0,4.17,97.0,4
2026-09-27T19:27:53+00:00,KXHIGHTPHX-26SEP27,"Highest temperature in Phoenix on Sep 27, 2026?",yes-maker,6,96.0,0.0,100.0,4.0,4.17,100.0,2
2026-09-27T19:27:53+00:00,KXETHY-27JAN0100,Ethereum price at the end of 2026,yes-maker,18,96.4,0.0,100.0,3.6,3.73,96.7,0
2026-09-27T19:27:53+00:00,KXNUMREDISTRICTING-26NOV03,How many states will redistrict before the midterms?,yes-maker,7,97.0,0.0,100.0,3.0,3.09,109.0,0
2026-09-27T19:27:53+00:00,KXHOUSEWINSTATE-MID,How many House seats will Democrats win in Michigan?,yes-maker,7,97.0,0.0,100.0,3.0,3.09,110.0,2
2026-09-27T19:27:53+00:00,KXLOWTEWR-26SEP27,"Lowest temperature in Newark on Sep 27, 2026?",yes-maker,6,97.0,0.0,100.0,3.0,3.09,122.0,5
2026-09-27T19:27:53+00:00,KXHIGHTSATX-26SEP27,"Highest temperature in San Antonio on Sep 27, 2026?",yes-maker,6,97.0,0.0,100.0,3.0,3.09,104.0,3
2026-09-27T19:27:53+00:00,KXLOWTBOS-26SEP28,"Lowest temperature in Boston on Sep 28, 2026?",yes-maker,6,98.0,0.0,100.0,2.0,2.04,123.0,2
2026-09-27T19:27:53+00:00,KXLOWTTTN-26SEP27,"Lowest temperature in Trenton on Sep 27, 2026?",yes-maker,6,98.0,0.0,100.0,2.0,2.04,121.0,5
2026-09-27T19:27:53+00:00,KXHIGHLAX-26SEP27,"Highest temperature in Los Angeles on Sep 27, 2026?",yes-maker,6,98.0,0.0,100.0,2.0,2.04,115.0,4
2026-09-27T19:27:53+00:00,KXHIGHCHI-26SEP27,"Highest temperature in Chicago on Sep 27, 2026?",yes-maker,6,98.0,0.0,100.0,2.0,2.04,109.0,3
2026-09-27T19:27:53+00:00,KXBTCY-27JAN0100,Bitcoin price at the end of 2026,yes-maker,28,99.0,0.0,100.0,1.0,1.01,99.0,0
2026-09-27T19:27:53+00:00,KXHIGHTDC-26SEP28,"Highest temperature in Washington DC on Sep 28, 2026?",yes-maker,6,99.0,0.0,100.0,1.0,1.01,108.0,0
2026-09-27T19:27:53+00:00,KXLOWTNYC-26SEP27,"Lowest temperature in New York City on Sep 27, 2026?",yes-maker,6,99.0,0.0,100.0,1.0,1.01,106.0,4
2026-09-27T22:28:15+00:00,KXLOWTSAN-26SEP27,"Lowest temperature in San Diego on Sep 27, 2026?",yes-maker,6,10.0,0.0,100.0,90.0,900.00,121.0,4
2026-09-27T22:28:15+00:00,KXLOWTLV-26SEP28,"Lowest temperature in Las Vegas on Sep 28, 2026?",yes-maker,6,60.0,0.0,100.0,40.0,66.67,116.0,1
2026-09-27T22:28:15+00:00,KXGDPYEAR-36,US real GDP growth in 2036?,yes-maker,14,66.0,0.0,100.0,34.0,51.52,103.0,2
2026-09-27T22:28:15+00:00,KXGDPYEAR-34,US real GDP growth in 2034?,yes-maker,14,75.0,0.0,100.0,25.0,33.33,119.0,0
2026-09-27T22:28:15+00:00,KXLOWTATL-26SEP28,"Lowest temperature in Atlanta on Sep 28, 2026?",yes-maker,6,76.0,0.0,100.0,24.0,31.58,104.0,2
2026-09-27T22:28:15+00:00,KXGDPYEAR-32,US real GDP growth in 2032?,yes-maker,14,77.0,0.0,100.0,23.0,29.87,126.0,2
2026-09-27T22:28:15+00:00,KXLOWTPHIL-26SEP28,"Lowest temperature in Philadelphia on Sep 28, 2026?",yes-maker,6,79.0,0.0,100.0,21.0,26.58,114.0,2
2026-09-27T22:28:15+00:00,KXLOWTOKC-26SEP28,"Lowest temperature in Oklahoma City on Sep 28, 2026?",yes-maker,6,80.0,0.0,100.0,20.0,25.00,124.0,0
2026-09-27T22:28:15+00:00,KXLOWTAUS-26SEP28,"Lowest temperature in Austin on Sep 28, 2026?",yes-maker,6,82.0,0.0,100.0,18.0,21.95,110.0,0
2026-09-27T22:28:15+00:00,KXGDPYEAR-30,US real GDP growth in 2030?,yes-maker,14,83.0,0.0,100.0,17.0,20.48,116.0,3
2026-09-27T22:28:15+00:00,KXGDPYEAR-29,US real GDP growth in 2029?,yes-maker,14,83.0,0.0,100.0,17.0,20.48,129.0,1
2026-09-27T22:28:15+00:00,KXLOWTDEN-26SEP28,"Lowest temperature in Denver on Sep 28, 2026?",yes-maker,6,84.0,0.0,100.0,16.0,19.05,110.0,1
2026-09-27T22:28:15+00:00,KXHIGHTSDF-26SEP28,"Highest temperature in Louisville on Sep 28, 2026?",yes-maker,6,84.0,0.0,100.0,16.0,19.05,114.0,1
2026-09-27T22:28:15+00:00,KXUSDJPY-26SEP2810,"USD/JPY price on Sep 28, 2026 at 10am EDT?",yes-maker,15,84.0,0.0,100.0,16.0,19.05,113.0,1
2026-09-27T22:28:15+00:00,KXLOWTMIA-26SEP28,"Lowest temperature in Miami on Sep 28, 2026?",yes-maker,6,85.0,0.0,100.0,15.0,17.65,105.0,1
2026-09-27T22:28:15+00:00,KXLOWTLAX-26SEP28,"Lowest temperature in Los Angeles on Sep 28, 2026?",yes-maker,6,85.0,0.0,100.0,15.0,17.65,106.0,3
2026-09-27T22:28:15+00:00,KXEOTRUMPTERM-29JAN20,How many executive orders will Trump sign in his second term?,yes-maker,12,85.3,0.0,100.0,14.7,17.23,99.0,0
2026-09-27T22:28:15+00:00,KXLOWTDAL-26SEP28,"Lowest temperature in Dallas on Sep 28, 2026?",yes-maker,6,86.0,0.0,100.0,14.0,16.28,115.0,2
2026-09-27T22:28:15+00:00,KXLOWTSFO-26SEP27,"Lowest temperature in San Francisco on Sep 27, 2026?",yes-maker,6,86.0,0.0,100.0,14.0,16.28,122.0,4
2026-09-27T22:28:15+00:00,KXGDPYEAR-35,US real GDP growth in 2035?,yes-maker,14,87.0,0.0,100.0,13.0,14.94,126.0,0
2026-09-27T22:28:15+00:00,KXGDPYEAR-28,US real GDP growth in 2028?,yes-maker,14,87.0,0.0,100.0,13.0,14.94,122.0,2
2026-09-27T22:28:15+00:00,KXHOUSEWINSTATE-AZD,How many House seats will Democrats win in Arizona?,yes-maker,6,87.0,0.0,100.0,13.0,14.94,113.0,1
2026-09-27T22:28:15+00:00,KXSOCKEYERUN-27,Bristol Bay sockeye run forecast for 2027,yes-maker,6,87.0,0.0,100.0,13.0,14.94,113.0,1
2026-09-27T22:28:15+00:00,KXLOWTSATX-26SEP28,"Lowest temperature in San Antonio on Sep 28, 2026?",yes-maker,6,88.0,0.0,100.0,12.0,13.64,117.0,2
2026-09-27T22:28:15+00:00,KXLOWTPHX-26SEP28,"Lowest temperature in Phoenix on Sep 28, 2026?",yes-maker,6,88.0,0.0,100.0,12.0,13.64,105.0,1
2026-09-27T22:28:15+00:00,KXHIGHTEWR-26SEP28,"Highest temperature in Newark on Sep 28, 2026?",yes-maker,6,88.0,0.0,100.0,12.0,13.64,114.0,1
2026-09-27T22:28:15+00:00,KXLOWTDC-26SEP27,"Lowest temperature in Washington DC on Sep 27, 2026?",yes-maker,6,88.0,0.0,100.0,12.0,13.64,122.0,4
2026-09-27T22:28:15+00:00,KXHOUSEWINSTATE-NCD,How many House seats will Democrats win in North Carolina?,yes-maker,7,89.0,0.0,100.0,11.0,12.36,111.0,1
2026-09-27T22:28:15+00:00,KXLOWTCHI-26SEP28,"Lowest temperature in Chicago on Sep 28, 2026?",yes-maker,6,89.0,0.0,100.0,11.0,12.36,107.0,2
2026-09-27T22:28:15+00:00,KXLOWTLV-26SEP27,"Lowest temperature in Las Vegas on Sep 27, 2026?",yes-maker,6,89.0,0.0,100.0,11.0,12.36,117.0,4
2026-09-27T22:28:15+00:00,KXCAHOUSEDEM-26NOV03,How many House seats will Democrats win in California?,yes-maker,8,89.1,0.0,100.0,10.9,12.23,113.4,0
2026-09-27T22:28:15+00:00,KXLOWTSFO-26SEP28,"Lowest temperature in San Francisco on Sep 28, 2026?",yes-maker,6,90.0,0.0,100.0,10.0,11.11,130.0,2
2026-09-27T22:28:15+00:00,KXLOWTSEA-26SEP28,"Lowest temperature in Seattle on Sep 28, 2026?",yes-maker,6,90.0,0.0,100.0,10.0,11.11,129.0,3
2026-09-27T22:28:15+00:00,KXLOWTNYC-26SEP28,"Lowest temperature in New York City on Sep 28, 2026?",yes-maker,6,90.0,0.0,100.0,10.0,11.11,116.0,1
2026-09-27T22:28:15+00:00,KXGDPYEAR-27,US real GDP growth in 2027?,yes-maker,14,91.0,0.0,100.0,9.0,9.89,128.0,1
2026-09-27T22:28:15+00:00,KXHOUSEWINSTATE-FLD,How many House seats will Democrats win in Florida?,yes-maker,9,91.0,0.0,100.0,9.0,9.89,123.0,1
2026-09-27T22:28:15+00:00,KXLOWTBOS-26SEP27,"Lowest temperature in Boston on Sep 27, 2026?",yes-maker,6,91.0,0.0,100.0,9.0,9.89,117.0,3
2026-09-27T22:28:15+00:00,KXTXHOUSEDEMSEATS-26NOV03,How many House seats will Democrats win in Texas?,yes-maker,8,91.3,0.0,100.0,8.7,9.53,117.0,0
2026-09-27T22:28:15+00:00,KXGDPYEAR-26,US real GDP growth in 2026?,yes-maker,14,92.1,0.0,100.0,7.9,8.58,118.1,9
2026-09-27T22:28:15+00:00,KXHOUSEWINSTATE-OHD,How many House seats will Democrats win in Ohio?,yes-maker,7,93.0,0.0,100.0,7.0,7.53,120.0,0
2026-09-27T22:28:15+00:00,KXLOWTHOU-26SEP28,"Lowest temperature in Houston on Sep 28, 2026?",yes-maker,6,93.0,0.0,100.0,7.0,7.53,122.0,3
2026-09-27T22:28:15+00:00,KXHIGHTTTN-26SEP28,"Highest temperature in Trenton on Sep 28, 2026?",yes-maker,6,93.0,0.0,100.0,7.0,7.53,119.0,3
2026-09-27T22:28:15+00:00,KXHOUSEWINSTATE-GAD,How many House seats will Democrats win in Georgia?,yes-maker,5,94.0,0.0,100.0,6.0,6.38,118.0,0
2026-09-27T22:28:15+00:00,KXHIGHTLV-26SEP28,"Highest temperature in Las Vegas on Sep 28, 2026?",yes-maker,6,94.0,0.0,100.0,6.0,6.38,99.0,0
2026-09-27T22:28:15+00:00,KXHOUSEWINSTATE-PAD,How many House seats will Democrats win in Pennsylvania?,yes-maker,8,95.0,0.0,100.0,5.0,5.26,116.0,1
2026-09-27T22:28:15+00:00,KXHOUSEWINSTATE-MID,How many House seats will Democrats win in Michigan?,yes-maker,7,95.0,0.0,100.0,5.0,5.26,110.0,2
2026-09-27T22:28:15+00:00,KXLOWTNOLA-26SEP28,"Lowest temperature in New Orleans on Sep 28, 2026?",yes-maker,6,95.0,0.0,100.0,5.0,5.26,123.0,2
2026-09-27T22:28:15+00:00,KXETHY-27JAN0100,Ethereum price at the end of 2026,yes-maker,18,96.2,0.0,100.0,3.8,3.95,96.5,0
2026-09-27T22:28:15+00:00,KXNUMREDISTRICTING-26NOV03,How many states will redistrict before the midterms?,yes-maker,7,97.0,0.0,100.0,3.0,3.09,109.0,0
2026-09-27T22:28:15+00:00,KXLOWTEWR-26SEP27,"Lowest temperature in Newark on Sep 27, 2026?",yes-maker,6,97.0,0.0,100.0,3.0,3.09,117.0,5
2026-09-27T22:28:15+00:00,KXLOWTBOS-26SEP28,"Lowest temperature in Boston on Sep 28, 2026?",yes-maker,6,98.0,0.0,100.0,2.0,2.04,111.0,3
2026-09-27T22:28:15+00:00,KXHIGHTNOLA-26SEP27,"Highest temperature in New Orleans on Sep 27, 2026?",yes-maker,6,98.0,0.0,100.0,2.0,2.04,105.0,4
2026-09-27T22:28:15+00:00,KXHIGHPHIL-26SEP28,"Highest temperature in Philadelphia on Sep 28, 2026?",yes-maker,6,99.0,0.0,100.0,1.0,1.01,102.0,0
2026-09-27T22:28:15+00:00,KXBTCY-27JAN0100,Bitcoin price at the end of 2026,yes-maker,28,99.5,0.0,100.0,0.5,0.50,99.5,0
2026-09-28T01:02:39+00:00,KXLOWTSAN-26SEP27,"Lowest temperature in San Diego on Sep 27, 2026?",yes-maker,6,9.0,0.0,100.0,91.0,1011.11,118.0,4
2026-09-28T01:02:39+00:00,KXLOWTDC-26SEP28,"Lowest temperature in Washington DC on Sep 28, 2026?",yes-maker,6,51.0,0.0,100.0,49.0,96.08,107.0,3
2026-09-28T01:02:39+00:00,KXGDPYEAR-36,US real GDP growth in 2036?,yes-maker,14,66.0,0.0,100.0,34.0,51.52,103.0,2
2026-09-28T01:02:39+00:00,KXLOWTDAL-26SEP28,"Lowest temperature in Dallas on Sep 28, 2026?",yes-maker,6,67.0,0.0,100.0,33.0,49.25,114.0,2
2026-09-28T01:02:39+00:00,KXLOWTAUS-26SEP28,"Lowest temperature in Austin on Sep 28, 2026?",yes-maker,6,68.0,0.0,100.0,32.0,47.06,108.0,0
2026-09-28T01:02:39+00:00,KXLOWTOKC-26SEP28,"Lowest temperature in Oklahoma City on Sep 28, 2026?",yes-maker,6,71.0,0.0,100.0,29.0,40.85,128.0,0
2026-09-28T01:02:39+00:00,KXLOWTMIA-26SEP28,"Lowest temperature in Miami on Sep 28, 2026?",yes-maker,6,73.0,0.0,100.0,27.0,36.99,125.0,1
2026-09-28T01:02:39+00:00,KXLOWTCHI-26SEP28,"Lowest temperature in Chicago on Sep 28, 2026?",yes-maker,6,73.0,0.0,100.0,27.0,36.99,120.00000000000001,0
2026-09-28T01:02:39+00:00,KXGDPYEAR-34,US real GDP growth in 2034?,yes-maker,14,75.0,0.0,100.0,25.0,33.33,119.0,0
2026-09-28T01:02:39+00:00,KXLOWTHOU-26SEP28,"Lowest temperature in Houston on Sep 28, 2026?",yes-maker,6,75.0,0.0,100.0,25.0,33.33,122.0,2
2026-09-28T01:02:39+00:00,KXLOWTDEN-26SEP28,"Lowest temperature in Denver on Sep 28, 2026?",yes-maker,6,75.0,0.0,100.0,25.0,33.33,119.0,1
2026-09-28T01:02:39+00:00,KXLOWTPHX-26SEP28,"Lowest temperature in Phoenix on Sep 28, 2026?",yes-maker,6,76.0,0.0,100.0,24.0,31.58,112.0,0
2026-09-28T01:02:39+00:00,KXGDPYEAR-32,US real GDP growth in 2032?,yes-maker,14,77.0,0.0,100.0,23.0,29.87,126.0,2
2026-09-28T01:02:39+00:00,KXLOWTSEA-26SEP27,"Lowest temperature in Seattle on Sep 27, 2026?",yes-maker,6,78.0,0.0,100.0,22.0,28.21,105.0,5
2026-09-28T01:02:39+00:00,KXLOWTNYC-26SEP28,"Lowest temperature in New York City on Sep 28, 2026?",yes-maker,6,81.0,0.0,100.0,19.0,23.46,121.0,1
2026-09-28T01:02:39+00:00,KXGDPYEAR-30,US real GDP growth in 2030?,yes-maker,14,83.0,0.0,100.0,17.0,20.48,116.0,3
2026-09-28T01:02:39+00:00,KXGDPYEAR-29,US real GDP growth in 2029?,yes-maker,14,83.0,0.0,100.0,17.0,20.48,129.0,1
2026-09-28T01:02:39+00:00,KXLOWTPHIL-26SEP28,"Lowest temperature in Philadelphia on Sep 28, 2026?",yes-maker,6,84.0,0.0,100.0,16.0,19.05,123.0,3
2026-09-28T01:02:39+00:00,KXHIGHTSDF-26SEP28,"Highest temperature in Louisville on Sep 28, 2026?",yes-maker,6,84.0,0.0,100.0,16.0,19.05,121.0,0
2026-09-28T01:02:39+00:00,KXEOTRUMPTERM-29JAN20,How many executive orders will Trump sign in his second term?,yes-maker,12,85.3,0.0,100.0,14.7,17.23,99.0,0
2026-09-28T01:02:39+00:00,KXLOWTSFO-26SEP27,"Lowest temperature in San Francisco on Sep 27, 2026?",yes-maker,6,86.0,0.0,100.0,14.0,16.28,109.0,4
2026-09-28T01:02:39+00:00,KXGDPYEAR-35,US real GDP growth in 2035?,yes-maker,14,87.0,0.0,100.0,13.0,14.94,126.0,0
2026-09-28T01:02:39+00:00,KXGDPYEAR-28,US real GDP growth in 2028?,yes-maker,14,87.0,0.0,100.0,13.0,14.94,122.0,2
2026-09-28T01:02:39+00:00,KXSOCKEYERUN-27,Bristol Bay sockeye run forecast for 2027,yes-maker,6,87.0,0.0,100.0,13.0,14.94,113.0,1
2026-09-28T01:02:39+00:00,KXLOWTMIN-26SEP28,"Lowest temperature in Minneapolis on Sep 28, 2026?",yes-maker,6,87.0,0.0,100.0,13.0,14.94,128.0,1
2026-09-28T01:02:39+00:00,KXHIGHTTTN-26SEP28,"Highest temperature in Trenton on Sep 28, 2026?",yes-maker,6,87.0,0.0,100.0,13.0,14.94,123.0,3
2026-09-28T01:02:39+00:00,KXLOWTDC-26SEP27,"Lowest temperature in Washington DC on Sep 27, 2026?",yes-maker,6,87.0,0.0,100.0,13.0,14.94,123.0,4
2026-09-28T01:02:39+00:00,KXEURUSD-26SEP2810,"EUR/USD price range on Sep 28, 2026 at 10am EDT?",yes-maker,15,87.0,0.0,100.0,13.0,14.94,124.0,7
2026-09-28T01:02:39+00:00,KXHIGHTSAN-26SEP28,"Highest temperature in San Diego on Sep 28, 2026?",yes-maker,6,88.0,0.0,100.0,12.0,13.64,129.0,0
2026-09-28T01:02:39+00:00,KXHIGHTLV-26SEP28,"Highest temperature in Las Vegas on Sep 28, 2026?",yes-maker,6,88.0,0.0,100.0,12.0,13.64,98.0,0
2026-09-28T01:02:39+00:00,KXHIGHTEWR-26SEP28,"Highest temperature in Newark on Sep 28, 2026?",yes-maker,6,88.0,0.0,100.0,12.0,13.64,113.0,1
2026-09-28T01:02:39+00:00,KXCAHOUSEDEM-26NOV03,How many House seats will Democrats win in California?,yes-maker,8,90.1,0.0,100.0,9.9,10.99,111.2,0
2026-09-28T01:02:39+00:00,KXGDPYEAR-27,US real GDP growth in 2027?,yes-maker,14,91.0,0.0,100.0,9.0,9.89,128.0,1
2026-09-28T01:02:39+00:00,KXHOUSEWINSTATE-FLD,How many House seats will Democrats win in Florida?,yes-maker,9,91.0,0.0,100.0,9.0,9.89,130.0,1
2026-09-28T01:02:39+00:00,KXHOUSEWINSTATE-NCD,How many House seats will Democrats win in North Carolina?,yes-maker,7,91.0,0.0,100.0,9.0,9.89,111.0,1
2026-09-28T01:02:39+00:00,KXLOWTBOS-26SEP27,"Lowest temperature in Boston on Sep 27, 2026?",yes-maker,6,91.0,0.0,100.0,9.0,9.89,124.0,4
2026-09-28T01:02:39+00:00,KXGDPYEAR-26,US real GDP growth in 2026?,yes-maker,14,92.1,0.0,100.0,7.9,8.58,118.1,9
2026-09-28T01:02:39+00:00,KXHOUSEWINSTATE-AZD,How many House seats will Democrats win in Arizona?,yes-maker,6,93.0,0.0,100.0,7.0,7.53,109.0,1
2026-09-28T01:02:39+00:00,KXHOUSEWINSTATE-OHD,How many House seats will Democrats win in Ohio?,yes-maker,7,93.0,0.0,100.0,7.0,7.53,120.0,0
2026-09-28T01:02:39+00:00,KXHOUSEWINSTATE-GAD,How many House seats will Democrats win in Georgia?,yes-maker,5,94.0,0.0,100.0,6.0,6.38,118.0,0
2026-09-28T01:02:39+00:00,KXTXHOUSEDEMSEATS-26NOV03,How many House seats will Democrats win in Texas?,yes-maker,8,94.3,0.0,100.0,5.7,6.04,118.0,0
2026-09-28T01:02:39+00:00,KXLOWTEWR-26SEP27,"Lowest temperature in Newark on Sep 27, 2026?",yes-maker,6,96.0,0.0,100.0,4.0,4.17,119.0,5
2026-09-28T01:02:39+00:00,KXNUMREDISTRICTING-26NOV03,How many states will redistrict before the midterms?,yes-maker,7,97.0,0.0,100.0,3.0,3.09,109.0,0
2026-09-28T01:02:39+00:00,KXHOUSEWINSTATE-MID,How many House seats will Democrats win in Michigan?,yes-maker,7,97.0,0.0,100.0,3.0,3.09,110.0,2
2026-09-28T01:02:39+00:00,KXLOWTBOS-26SEP28,"Lowest temperature in Boston on Sep 28, 2026?",yes-maker,6,97.0,0.0,100.0,3.0,3.09,114.0,3
2026-09-28T01:02:39+00:00,KXUSDJPY-26SEP2810,"USD/JPY price on Sep 28, 2026 at 10am EDT?",yes-maker,15,97.0,0.0,100.0,3.0,3.09,116.0,0
2026-09-28T01:02:39+00:00,KXETHY-27JAN0100,Ethereum price at the end of 2026,yes-maker,18,97.1,0.0,100.0,2.9,2.99,97.39999999999999,0
2026-09-28T01:02:39+00:00,KXBTCY-27JAN0100,Bitcoin price at the end of 2026,yes-maker,28,98.7,0.0,100.0,1.3,1.32,98.7,0
2026-09-28T01:02:39+00:00,KXHIGHTOKC-26SEP28,"Highest temperature in Oklahoma City on Sep 28, 2026?",yes-maker,6,99.0,0.0,100.0,1.0,1.01,101.0,1
2026-09-28T07:14:15+00:00,KXLOWTOKC-26SEP28,"Lowest temperature in Oklahoma City on Sep 28, 2026?",yes-maker,6,53.0,0.0,100.0,47.0,88.68,129.0,0
2026-09-28T07:14:15+00:00,KXGDPYEAR-36,US real GDP growth in 2036?,yes-maker,14,66.0,0.0,100.0,34.0,51.52,102.0,2
2026-09-28T07:14:15+00:00,KXLOWTAUS-26SEP28,"Lowest temperature in Austin on Sep 28, 2026?",yes-maker,6,70.0,0.0,100.0,30.0,42.86,109.0,2
2026-09-28T07:14:15+00:00,KXLOWTLV-26SEP28,"Lowest temperature in Las Vegas on Sep 28, 2026?",yes-maker,6,72.0,0.0,100.0,28.0,38.89,126.0,0
2026-09-28T07:14:15+00:00,KXLOWTNOLA-26SEP28,"Lowest temperature in New Orleans on Sep 28, 2026?",yes-maker,6,73.0,0.0,100.0,27.0,36.99,97.0,2
2026-09-28T07:14:15+00:00,KXGDPYEAR-34,US real GDP growth in 2034?,yes-maker,14,75.0,0.0,100.0,25.0,33.33,119.0,0
2026-09-28T07:14:15+00:00,KXLOWTCHI-26SEP28,"Lowest temperature in Chicago on Sep 28, 2026?",yes-maker,6,75.0,0.0,100.0,25.0,33.33,102.0,2
2026-09-28T07:14:15+00:00,KXLOWTDAL-26SEP28,"Lowest temperature in Dallas on Sep 28, 2026?",yes-maker,6,76.0,0.0,100.0,24.0,31.58,123.0,2
2026-09-28T07:14:15+00:00,KXGDPYEAR-32,US real GDP growth in 2032?,yes-maker,14,77.0,0.0,100.0,23.0,29.87,126.0,2
2026-09-28T07:14:15+00:00,KXLOWTSEA-26SEP27,"Lowest temperature in Seattle on Sep 27, 2026?",yes-maker,6,77.0,0.0,100.0,23.0,29.87,106.0,5
2026-09-28T07:14:15+00:00,KXHIGHTSDF-26SEP28,"Highest temperature in Louisville on Sep 28, 2026?",yes-maker,6,78.0,0.0,100.0,22.0,28.21,115.0,0
2026-09-28T07:14:15+00:00,KXLOWTDEN-26SEP28,"Lowest temperature in Denver on Sep 28, 2026?",yes-maker,6,79.0,0.0,100.0,21.0,26.58,125.0,1
2026-09-28T07:14:15+00:00,KXLOWTATL-26SEP28,"Lowest temperature in Atlanta on Sep 28, 2026?",yes-maker,6,79.0,0.0,100.0,21.0,26.58,128.0,3
2026-09-28T07:14:15+00:00,KXLOWTMIA-26SEP28,"Lowest temperature in Miami on Sep 28, 2026?",yes-maker,6,80.0,0.0,100.0,20.0,25.00,127.0,1
2026-09-28T07:14:15+00:00,KXLOWTMIN-26SEP28,"Lowest temperature in Minneapolis on Sep 28, 2026?",yes-maker,6,81.0,0.0,100.0,19.0,23.46,105.0,2
2026-09-28T07:14:15+00:00,KXHIGHTTTN-26SEP28,"Highest temperature in Trenton on Sep 28, 2026?",yes-maker,6,81.0,0.0,100.0,19.0,23.46,118.0,2
2026-09-28T07:14:15+00:00,KXLOWTPHIL-26SEP28,"Lowest temperature in Philadelphia on Sep 28, 2026?",yes-maker,6,82.0,0.0,100.0,18.0,21.95,116.0,2
2026-09-28T07:14:15+00:00,KXHIGHTSAN-26SEP28,"Highest temperature in San Diego on Sep 28, 2026?",yes-maker,6,82.0,0.0,100.0,18.0,21.95,123.00000000000001,0
2026-09-28T07:14:15+00:00,KXGDPYEAR-30,US real GDP growth in 2030?,yes-maker,14,83.0,0.0,100.0,17.0,20.48,119.0,3
2026-09-28T07:14:15+00:00,KXGDPYEAR-29,US real GDP growth in 2029?,yes-maker,14,83.0,0.0,100.0,17.0,20.48,129.0,1
2026-09-28T07:14:15+00:00,KXLOWTLAX-26SEP28,"Lowest temperature in Los Angeles on Sep 28, 2026?",yes-maker,6,84.0,0.0,100.0,16.0,19.05,119.0,1
2026-09-28T07:14:15+00:00,KXLOWTDC-26SEP28,"Lowest temperature in Washington DC on Sep 28, 2026?",yes-maker,6,84.0,0.0,100.0,16.0,19.05,117.0,1
2026-09-28T07:14:15+00:00,KXEOTRUMPTERM-29JAN20,How many executive orders will Trump sign in his second term?,yes-maker,12,85.3,0.0,100.0,14.7,17.23,99.0,0
2026-09-28T07:14:15+00:00,KXLOWTNYC-26SEP28,"Lowest temperature in New York City on Sep 28, 2026?",yes-maker,6,86.0,0.0,100.0,14.0,16.28,114.0,3
2026-09-28T07:14:15+00:00,KXGDPYEAR-35,US real GDP growth in 2035?,yes-maker,14,87.0,0.0,100.0,13.0,14.94,127.0,0
2026-09-28T07:14:15+00:00,KXGDPYEAR-28,US real GDP growth in 2028?,yes-maker,14,87.0,0.0,100.0,13.0,14.94,122.0,2
2026-09-28T07:14:15+00:00,KXSOCKEYERUN-27,Bristol Bay sockeye run forecast for 2027,yes-maker,6,87.0,0.0,100.0,13.0,14.94,113.0,1
2026-09-28T07:14:15+00:00,KXLOWTPHX-26SEP28,"Lowest temperature in Phoenix on Sep 28, 2026?",yes-maker,6,87.0,0.0,100.0,13.0,14.94,108.0,0
2026-09-28T07:14:15+00:00,KXUSDJPY-26SEP2810,"USD/JPY price on Sep 28, 2026 at 10am EDT?",yes-maker,15,87.0,0.0,100.0,13.0,14.94,111.0,3
2026-09-28T07:14:15+00:00,KXCAHOUSEDEM-26NOV03,How many House seats will Democrats win in California?,yes-maker,8,88.1,0.0,100.0,11.9,13.51,114.4,0
2026-09-28T07:14:15+00:00,KXHOUSEWINSTATE-AZD,How many House seats will Democrats win in Arizona?,yes-maker,6,90.0,0.0,100.0,10.0,11.11,109.0,1
2026-09-28T07:14:15+00:00,KXGDPYEAR-27,US real GDP growth in 2027?,yes-maker,14,91.0,0.0,100.0,9.0,9.89,128.0,1
2026-09-28T07:14:15+00:00,KXHOUSEWINSTATE-NCD,How many House seats will Democrats win in North Carolina?,yes-maker,7,91.0,0.0,100.0,9.0,9.89,109.0,1
2026-09-28T07:14:15+00:00,KXHIGHTEWR-26SEP28,"Highest temperature in Newark on Sep 28, 2026?",yes-maker,6,91.0,0.0,100.0,9.0,9.89,106.0,3
2026-09-28T07:14:15+00:00,KXHIGHTPHX-26SEP28,"Highest temperature in Phoenix on Sep 28, 2026?",yes-maker,6,92.0,0.0,100.0,8.0,8.70,97.0,1
2026-09-28T07:14:15+00:00,KXGDPYEAR-26,US real GDP growth in 2026?,yes-maker,14,92.1,0.0,100.0,7.9,8.58,118.1,9
2026-09-28T07:14:15+00:00,KXTXHOUSEDEMSEATS-26NOV03,How many House seats will Democrats win in Texas?,yes-maker,8,92.3,0.0,100.0,7.7,8.34,117.0,0
2026-09-28T07:14:15+00:00,KXHOUSEWINSTATE-OHD,How many House seats will Democrats win in Ohio?,yes-maker,7,93.0,0.0,100.0,7.0,7.53,119.0,0
2026-09-28T07:14:15+00:00,KXHOUSEWINSTATE-GAD,How many House seats will Democrats win in Georgia?,yes-maker,5,94.0,0.0,100.0,6.0,6.38,118.0,0
2026-09-28T07:14:15+00:00,KXLOWTLAX-26SEP27,"Lowest temperature in Los Angeles on Sep 27, 2026?",yes-maker,6,94.0,0.0,100.0,6.0,6.38,117.0,4
2026-09-28T07:14:15+00:00,KXHOUSEWINSTATE-FLD,How many House seats will Democrats win in Florida?,yes-maker,9,95.0,0.0,100.0,5.0,5.26,127.0,1
2026-09-28T07:14:15+00:00,KXHOUSEWINSTATE-PAD,How many House seats will Democrats win in Pennsylvania?,yes-maker,8,95.0,0.0,100.0,5.0,5.26,119.0,1
2026-09-28T07:14:15+00:00,KXHOUSEWINSTATE-MID,How many House seats will Democrats win in Michigan?,yes-maker,7,95.0,0.0,100.0,5.0,5.26,111.0,2
2026-09-28T07:14:15+00:00,KXLOWTBOS-26SEP28,"Lowest temperature in Boston on Sep 28, 2026?",yes-maker,6,95.0,0.0,100.0,5.0,5.26,116.0,4
2026-09-28T07:14:15+00:00,KXNUMREDISTRICTING-26NOV03,How many states will redistrict before the midterms?,yes-maker,7,97.0,0.0,100.0,3.0,3.09,109.0,0
2026-09-28T07:14:15+00:00,KXBTCY-27JAN0100,Bitcoin price at the end of 2026,yes-maker,28,98.7,0.0,100.0,1.3,1.32,98.7,0
2026-09-28T07:14:15+00:00,KXETHY-27JAN0100,Ethereum price at the end of 2026,yes-maker,18,98.9,0.0,100.0,1.1,1.11,99.3,0
2026-09-28T15:43:02+00:00,KXLOWTDEN-26SEP28,"Lowest temperature in Denver on Sep 28, 2026?",yes-maker,6,59.0,0.0,100.0,41.0,69.49,125.0,1
2026-09-28T15:43:02+00:00,KXLOWTLV-26SEP28,"Lowest temperature in Las Vegas on Sep 28, 2026?",yes-maker,6,67.0,0.0,100.0,33.0,49.25,104.0,0
2026-09-28T15:43:02+00:00,KXGDPYEAR-36,US real GDP growth in 2036?,yes-maker,14,70.0,0.0,100.0,30.0,42.86,106.0,2
2026-09-28T15:43:02+00:00,KXHIGHTTTN-26SEP28,"Highest temperature in Trenton on Sep 28, 2026?",yes-maker,6,75.0,0.0,100.0,25.0,33.33,113.0,3
2026-09-28T15:43:02+00:00,KXLOWTBOS-26SEP28,"Lowest temperature in Boston on Sep 28, 2026?",yes-maker,6,77.0,0.0,100.0,23.0,29.87,113.0,4
2026-09-28T15:43:02+00:00,KXGDPYEAR-32,US real GDP growth in 2032?,yes-maker,14,81.0,0.0,100.0,19.0,23.46,122.0,0
2026-09-28T15:43:02+00:00,KXGDPYEAR-34,US real GDP growth in 2034?,yes-maker,14,83.0,0.0,100.0,17.0,20.48,119.0,0
2026-09-28T15:43:02+00:00,KXLOWTNYC-26SEP29,"Lowest temperature in New York City on Sep 29, 2026?",yes-maker,6,83.0,0.0,100.0,17.0,20.48,107.0,0
2026-09-28T15:43:02+00:00,KXGDPYEAR-30,US real GDP growth in 2030?,yes-maker,14,84.0,0.0,100.0,16.0,19.05,115.0,3
2026-09-28T15:43:02+00:00,KXHIGHTEWR-26SEP28,"Highest temperature in Newark on Sep 28, 2026?",yes-maker,6,84.0,0.0,100.0,16.0,19.05,110.0,3
2026-09-28T15:43:02+00:00,KXGDPYEAR-29,US real GDP growth in 2029?,yes-maker,14,85.0,0.0,100.0,15.0,17.65,129.0,1
2026-09-28T15:43:02+00:00,KXHIGHTEWR-26SEP29,"Highest temperature in Newark on Sep 29, 2026?",yes-maker,6,85.0,0.0,100.0,15.0,17.65,129.0,0
2026-09-28T15:43:02+00:00,KXEOTRUMPTERM-29JAN20,How many executive orders will Trump sign in his second term?,yes-maker,12,85.3,0.0,100.0,14.7,17.23,99.0,0
2026-09-28T15:43:02+00:00,KXLOWTEWR-26SEP28,"Lowest temperature in Newark on Sep 28, 2026?",yes-maker,6,86.0,0.0,100.0,14.0,16.28,114.0,4
2026-09-28T15:43:02+00:00,KXHOUSEWINSTATE-FLD,How many House seats will Democrats win in Florida?,yes-maker,9,87.0,0.0,100.0,13.0,14.94,130.0,1
2026-09-28T15:43:02+00:00,KXSOCKEYERUN-27,Bristol Bay sockeye run forecast for 2027,yes-maker,6,87.0,0.0,100.0,13.0,14.94,112.0,1
2026-09-28T15:43:02+00:00,KXGDPYEAR-28,US real GDP growth in 2028?,yes-maker,14,88.0,0.0,100.0,12.0,13.64,122.0,2
2026-09-28T15:43:02+00:00,KXHIGHTSAN-26SEP28,"Highest temperature in San Diego on Sep 28, 2026?",yes-maker,6,88.0,0.0,100.0,12.0,13.64,110.0,1
2026-09-28T15:43:02+00:00,KXCAHOUSEDEM-26NOV03,How many House seats will Democrats win in California?,yes-maker,8,88.1,0.0,100.0,11.9,13.51,113.4,0
2026-09-28T15:43:02+00:00,KXHOUSEWINSTATE-AZD,How many House seats will Democrats win in Arizona?,yes-maker,6,89.0,0.0,100.0,11.0,12.36,108.0,1
2026-09-28T15:43:02+00:00,KXLOWTLAX-26SEP28,"Lowest temperature in Los Angeles on Sep 28, 2026?",yes-maker,6,89.0,0.0,100.0,11.0,12.36,110.0,3
2026-09-28T15:43:02+00:00,KXLOWTDEN-26SEP29,"Lowest temperature in Denver on Sep 29, 2026?",yes-maker,6,90.0,0.0,100.0,10.0,11.11,106.0,1
2026-09-28T15:43:02+00:00,KXHIGHTHOU-26SEP29,"Highest temperature in Houston on Sep 29, 2026?",yes-maker,6,90.0,0.0,100.0,10.0,11.11,102.0,0
2026-09-28T15:43:02+00:00,KXUSDJPY-26SEP2910,"USD/JPY price on Sep 29, 2026 at 10am EDT?",yes-maker,15,90.0,0.0,100.0,10.0,11.11,109.0,0
2026-09-28T15:43:02+00:00,KXGDPYEAR-27,US real GDP growth in 2027?,yes-maker,14,91.0,0.0,100.0,9.0,9.89,127.0,1
2026-09-28T15:43:02+00:00,KXHOUSEWINSTATE-NCD,How many House seats will Democrats win in North Carolina?,yes-maker,7,91.0,0.0,100.0,9.0,9.89,109.0,1
2026-09-28T15:43:02+00:00,KXLOWTLV-26SEP29,"Lowest temperature in Las Vegas on Sep 29, 2026?",yes-maker,6,91.0,0.0,100.0,9.0,9.89,113.0,1
2026-09-28T15:43:02+00:00,KXLOWTSEA-26SEP28,"Lowest temperature in Seattle on Sep 28, 2026?",yes-maker,6,91.0,0.0,100.0,9.0,9.89,114.0,5
2026-09-28T15:43:02+00:00,KXGDPYEAR-35,US real GDP growth in 2035?,yes-maker,14,92.0,0.0,100.0,8.0,8.70,127.0,0
2026-09-28T15:43:02+00:00,KXHOUSEWINSTATE-PAD,How many House seats will Democrats win in Pennsylvania?,yes-maker,8,92.0,0.0,100.0,8.0,8.70,115.0,1
2026-09-28T15:43:02+00:00,KXLOWTPHX-26SEP29,"Lowest temperature in Phoenix on Sep 29, 2026?",yes-maker,6,92.0,0.0,100.0,8.0,8.70,111.0,1
2026-09-28T15:43:02+00:00,KXHIGHTDC-26SEP29,"Highest temperature in Washington DC on Sep 29, 2026?",yes-maker,6,92.0,0.0,100.0,8.0,8.70,103.0,1
2026-09-28T15:43:02+00:00,KXLOWTSFO-26SEP28,"Lowest temperature in San Francisco on Sep 28, 2026?",yes-maker,6,92.0,0.0,100.0,8.0,8.70,126.0,1
2026-09-28T15:43:02+00:00,KXLOWTSFO-26SEP29,"Lowest temperature in San Francisco on Sep 29, 2026?",yes-maker,6,93.0,0.0,100.0,7.0,7.53,122.00000000000001,1
2026-09-28T15:43:02+00:00,KXLOWTNOLA-26SEP29,"Lowest temperature in New Orleans on Sep 29, 2026?",yes-maker,6,93.0,0.0,100.0,7.0,7.53,115.0,1
2026-09-28T15:43:02+00:00,KXLOWTATL-26SEP29,"Lowest temperature in Atlanta on Sep 29, 2026?",yes-maker,6,93.0,0.0,100.0,7.0,7.53,114.0,0
2026-09-28T15:43:02+00:00,KXHIGHTPHX-26SEP29,"Highest temperature in Phoenix on Sep 29, 2026?",yes-maker,6,93.0,0.0,100.0,7.0,7.53,107.0,0
2026-09-28T15:43:02+00:00,KXLOWTTTN-26SEP28,"Lowest temperature in Trenton on Sep 28, 2026?",yes-maker,6,93.0,0.0,100.0,7.0,7.53,127.0,3
2026-09-28T15:43:02+00:00,KXHIGHTSDF-26SEP28,"Highest temperature in Louisville on Sep 28, 2026?",yes-maker,6,93.0,0.0,100.0,7.0,7.53,113.0,0
2026-09-28T15:43:02+00:00,KXGDPYEAR-26,US real GDP growth in 2026?,yes-maker,14,93.2,0.0,100.0,6.8,7.30,118.1,9
2026-09-28T15:43:02+00:00,KXHOUSEWINSTATE-GAD,How many House seats will Democrats win in Georgia?,yes-maker,5,94.0,0.0,100.0,6.0,6.38,118.0,0
2026-09-28T15:43:02+00:00,KXHOUSEWINSTATE-OHD,How many House seats will Democrats win in Ohio?,yes-maker,7,94.0,0.0,100.0,6.0,6.38,119.0,0
2026-09-28T15:43:02+00:00,KXLOWTBOS-26SEP29,"Lowest temperature in Boston on Sep 29, 2026?",yes-maker,6,94.0,0.0,100.0,6.0,6.38,122.0,2
2026-09-28T15:43:02+00:00,KXHOUSEWINSTATE-MID,How many House seats will Democrats win in Michigan?,yes-maker,7,95.0,0.0,100.0,5.0,5.26,108.0,2
2026-09-28T15:43:02+00:00,KXLOWTDAL-26SEP29,"Lowest temperature in Dallas on Sep 29, 2026?",yes-maker,6,95.0,0.0,100.0,5.0,5.26,111.0,2
2026-09-28T15:43:02+00:00,KXLOWTAUS-26SEP28,"Lowest temperature in Austin on Sep 28, 2026?",yes-maker,6,95.0,0.0,100.0,5.0,5.26,116.0,4
2026-09-28T15:43:02+00:00,KXTXHOUSEDEMSEATS-26NOV03,How many House seats will Democrats win in Texas?,yes-maker,8,95.2,0.0,100.0,4.8,5.04,117.0,0
2026-09-28T15:43:02+00:00,KXLOWTHOU-26SEP29,"Lowest temperature in Houston on Sep 29, 2026?",yes-maker,6,96.0,0.0,100.0,4.0,4.17,112.0,2
2026-09-28T15:43:02+00:00,KXHIGHTSEA-26SEP29,"Highest temperature in Seattle on Sep 29, 2026?",yes-maker,6,96.0,0.0,100.0,4.0,4.17,107.0,0
2026-09-28T15:43:02+00:00,KXHIGHTDC-26SEP28,"Highest temperature in Washington DC on Sep 28, 2026?",yes-maker,6,96.0,0.0,100.0,4.0,4.17,105.0,2
2026-09-28T15:43:02+00:00,KXNUMREDISTRICTING-26NOV03,How many states will redistrict before the midterms?,yes-maker,7,97.0,0.0,100.0,3.0,3.09,111.0,0
2026-09-28T15:43:02+00:00,KXLOWTSATX-26SEP29,"Lowest temperature in San Antonio on Sep 29, 2026?",yes-maker,6,97.0,0.0,100.0,3.0,3.09,127.0,2
2026-09-28T15:43:02+00:00,KXLOWTLAX-26SEP29,"Lowest temperature in Los Angeles on Sep 29, 2026?",yes-maker,6,97.0,0.0,100.0,3.0,3.09,117.0,2
2026-09-28T15:43:02+00:00,KXLOWTCHI-26SEP29,"Lowest temperature in Chicago on Sep 29, 2026?",yes-maker,6,97.0,0.0,100.0,3.0,3.09,101.0,1
2026-09-28T15:43:02+00:00,KXHIGHTDAL-26SEP28,"Highest temperature in Dallas on Sep 28, 2026?",yes-maker,6,97.0,0.0,100.0,3.0,3.09,98.0,2
2026-09-28T15:43:02+00:00,KXLOWTMIA-26SEP29,"Lowest temperature in Miami on Sep 29, 2026?",yes-maker,6,98.0,0.0,100.0,2.0,2.04,118.0,0
2026-09-28T15:43:02+00:00,KXHIGHTSFO-26SEP29,"Highest temperature in San Francisco on Sep 29, 2026?",yes-maker,6,98.0,0.0,100.0,2.0,2.04,103.0,0
2026-09-28T15:43:02+00:00,KXHIGHTBOS-26SEP29,"Highest temperature in Boston on Sep 29, 2026?",yes-maker,6,98.0,0.0,100.0,2.0,2.04,102.0,0
2026-09-28T15:43:02+00:00,KXLOWTSATX-26SEP28,"Lowest temperature in San Antonio on Sep 28, 2026?",yes-maker,6,98.0,0.0,100.0,2.0,2.04,106.0,5
2026-09-28T15:43:02+00:00,KXHIGHTBOS-26SEP28,"Highest temperature in Boston on Sep 28, 2026?",yes-maker,6,98.0,0.0,100.0,2.0,2.04,102.0,2
2026-09-28T15:43:02+00:00,KXETHY-27JAN0100,Ethereum price at the end of 2026,yes-maker,18,98.7,0.0,100.0,1.3,1.32,99.1,0
2026-09-28T15:43:02+00:00,KXHIGHTATL-26SEP29,"Highest temperature in Atlanta on Sep 29, 2026?",yes-maker,6,99.0,0.0,100.0,1.0,1.01,105.0,2
2026-09-28T15:43:02+00:00,KXHIGHTSATX-26SEP28,"Highest temperature in San Antonio on Sep 28, 2026?",yes-maker,6,99.0,0.0,100.0,1.0,1.01,102.0,2
2026-09-28T15:43:02+00:00,KXHIGHTNOLA-26SEP28,"Highest temperature in New Orleans on Sep 28, 2026?",yes-maker,6,99.0,0.0,100.0,1.0,1.01,102.0,2
2026-09-28T15:43:02+00:00,KXHIGHAUS-26SEP28,"Highest temperature in Austin on Sep 28, 2026?",yes-maker,6,99.0,0.0,100.0,1.0,1.01,100.0,2
2026-09-28T21:31:47+00:00,KXHIGHTSAN-26SEP28,"Highest temperature in San Diego on Sep 28, 2026?",yes-maker,6,19.0,0.0,100.0,81.0,426.32,118.0,3
2026-09-28T21:31:47+00:00,KXHIGHTSAN-26SEP29,"Highest temperature in San Diego on Sep 29, 2026?",yes-maker,6,44.0,0.0,100.0,56.0,127.27,110.0,0
2026-09-28T21:31:47+00:00,KXLOWTEWR-26SEP29,"Lowest temperature in Newark on Sep 29, 2026?",yes-maker,6,50.0,0.0,100.0,50.0,100.00,104.0,0
2026-09-28T21:31:47+00:00,KXLOWTBOS-26SEP29,"Lowest temperature in Boston on Sep 29, 2026?",yes-maker,6,58.0,0.0,100.0,42.0,72.41,110.0,2
2026-09-28T21:31:47+00:00,KXGDPYEAR-36,US real GDP growth in 2036?,yes-maker,14,70.0,0.0,100.0,30.0,42.86,106.0,2
2026-09-28T21:31:47+00:00,KXHIGHTSDF-26SEP29,"Highest temperature in Louisville on Sep 29, 2026?",yes-maker,6,73.0,0.0,100.0,27.0,36.99,112.0,1
2026-09-28T21:31:47+00:00,KXLOWTSEA-26SEP29,"Lowest temperature in Seattle on Sep 29, 2026?",yes-maker,6,75.0,0.0,100.0,25.0,33.33,128.0,2
2026-09-28T21:31:47+00:00,KXHIGHTEWR-26SEP29,"Highest temperature in Newark on Sep 29, 2026?",yes-maker,6,75.0,0.0,100.0,25.0,33.33,117.0,1
2026-09-28T21:31:47+00:00,KXLOWTSAN-26SEP28,"Lowest temperature in San Diego on Sep 28, 2026?",yes-maker,6,75.0,0.0,100.0,25.0,33.33,118.0,2
2026-09-28T21:31:47+00:00,KXLOWTPHX-26SEP29,"Lowest temperature in Phoenix on Sep 29, 2026?",yes-maker,6,78.0,0.0,100.0,22.0,28.21,100.0,1
2026-09-28T21:31:47+00:00,KXLOWTMIN-26SEP29,"Lowest temperature in Minneapolis on Sep 29, 2026?",yes-maker,6,79.0,0.0,100.0,21.0,26.58,109.0,0
2026-09-28T21:31:47+00:00,KXLOWTCHI-26SEP29,"Lowest temperature in Chicago on Sep 29, 2026?",yes-maker,6,80.0,0.0,100.0,20.0,25.00,119.0,0
2026-09-28T21:31:47+00:00,KXLOWTATL-26SEP29,"Lowest temperature in Atlanta on Sep 29, 2026?",yes-maker,6,80.0,0.0,100.0,20.0,25.00,117.0,2
2026-09-28T21:31:47+00:00,KXGDPYEAR-32,US real GDP growth in 2032?,yes-maker,14,81.0,0.0,100.0,19.0,23.46,122.0,0
2026-09-28T21:31:47+00:00,KXLOWTMIA-26SEP29,"Lowest temperature in Miami on Sep 29, 2026?",yes-maker,6,81.0,0.0,100.0,19.0,23.46,122.0,0
2026-09-28T21:31:47+00:00,KXLOWTDAL-26SEP29,"Lowest temperature in Dallas on Sep 29, 2026?",yes-maker,6,82.0,0.0,100.0,18.0,21.95,125.0,2
2026-09-28T21:31:47+00:00,KXHIGHTTTN-26SEP29,"Highest temperature in Trenton on Sep 29, 2026?",yes-maker,6,82.0,0.0,100.0,18.0,21.95,118.0,2
2026-09-28T21:31:47+00:00,KXLOWTDEN-26SEP29,"Lowest temperature in Denver on Sep 29, 2026?",yes-maker,6,83.0,0.0,100.0,17.0,20.48,113.0,1
2026-09-28T21:31:47+00:00,KXGDPYEAR-34,US real GDP growth in 2034?,yes-maker,14,84.0,0.0,100.0,16.0,19.05,119.0,0
2026-09-28T21:31:47+00:00,KXGDPYEAR-30,US real GDP growth in 2030?,yes-maker,14,84.0,0.0,100.0,16.0,19.05,115.0,3
2026-09-28T21:31:47+00:00,KXLOWTTTN-26SEP28,"Lowest temperature in Trenton on Sep 28, 2026?",yes-maker,6,84.0,0.0,100.0,16.0,19.05,122.0,3
2026-09-28T21:31:47+00:00,KXGDPYEAR-29,US real GDP growth in 2029?,yes-maker,14,85.0,0.0,100.0,15.0,17.65,129.0,1
2026-09-28T21:31:47+00:00,KXHOUSEWINSTATE-NCD,How many House seats will Democrats win in North Carolina?,yes-maker,7,85.0,0.0,100.0,15.0,17.65,109.0,1
2026-09-28T21:31:47+00:00,KXUSDJPY-26SEP2910,"USD/JPY price on Sep 29, 2026 at 10am EDT?",yes-maker,15,85.0,0.0,100.0,15.0,17.65,121.0,0
2026-09-28T21:31:47+00:00,KXEOTRUMPTERM-29JAN20,How many executive orders will Trump sign in his second term?,yes-maker,12,85.3,0.0,100.0,14.7,17.23,99.0,0
2026-09-28T21:31:47+00:00,KXHOUSEWINSTATE-AZD,How many House seats will Democrats win in Arizona?,yes-maker,6,87.0,0.0,100.0,13.0,14.94,106.0,1
2026-09-28T21:31:47+00:00,KXSOCKEYERUN-27,Bristol Bay sockeye run forecast for 2027,yes-maker,6,87.0,0.0,100.0,13.0,14.94,112.0,1
2026-09-28T21:31:47+00:00,KXLOWTAUS-26SEP29,"Lowest temperature in Austin on Sep 29, 2026?",yes-maker,6,87.0,0.0,100.0,13.0,14.94,120.0,0
2026-09-28T21:31:47+00:00,KXGDPYEAR-28,US real GDP growth in 2028?,yes-maker,14,88.0,0.0,100.0,12.0,13.64,122.0,2
2026-09-28T21:31:47+00:00,KXLOWTSFO-26SEP28,"Lowest temperature in San Francisco on Sep 28, 2026?",yes-maker,6,88.0,0.0,100.0,12.0,13.64,115.0,3
2026-09-28T21:31:47+00:00,KXHOUSEWINSTATE-FLD,How many House seats will Democrats win in Florida?,yes-maker,9,89.0,0.0,100.0,11.0,12.36,129.0,1
2026-09-28T21:31:47+00:00,KXLOWTSATX-26SEP29,"Lowest temperature in San Antonio on Sep 29, 2026?",yes-maker,6,89.0,0.0,100.0,11.0,12.36,119.0,1
2026-09-28T21:31:47+00:00,KXLOWTNOLA-26SEP29,"Lowest temperature in New Orleans on Sep 29, 2026?",yes-maker,6,89.0,0.0,100.0,11.0,12.36,117.0,1
2026-09-28T21:31:47+00:00,KXLOWTDC-26SEP29,"Lowest temperature in Washington DC on Sep 29, 2026?",yes-maker,6,90.0,0.0,100.0,10.0,11.11,128.0,3
2026-09-28T21:31:47+00:00,KXGDPYEAR-27,US real GDP growth in 2027?,yes-maker,14,91.0,0.0,100.0,9.0,9.89,127.0,1
2026-09-28T21:31:47+00:00,KXGDPYEAR-35,US real GDP growth in 2035?,yes-maker,14,92.0,0.0,100.0,8.0,8.70,127.0,0
2026-09-28T21:31:47+00:00,KXHOUSEWINSTATE-PAD,How many House seats will Democrats win in Pennsylvania?,yes-maker,8,92.0,0.0,100.0,8.0,8.70,112.0,1
2026-09-28T21:31:47+00:00,KXLOWTLV-26SEP29,"Lowest temperature in Las Vegas on Sep 29, 2026?",yes-maker,6,92.0,0.0,100.0,8.0,8.70,105.0,1
2026-09-28T21:31:47+00:00,KXLOWTSFO-26SEP29,"Lowest temperature in San Francisco on Sep 29, 2026?",yes-maker,6,93.0,0.0,100.0,7.0,7.53,114.0,2
2026-09-28T21:31:47+00:00,KXLOWTOKC-26SEP29,"Lowest temperature in Oklahoma City on Sep 29, 2026?",yes-maker,6,93.0,0.0,100.0,7.0,7.53,116.0,0
2026-09-28T21:31:47+00:00,KXLOWTLAX-26SEP29,"Lowest temperature in Los Angeles on Sep 29, 2026?",yes-maker,6,93.0,0.0,100.0,7.0,7.53,109.0,2
2026-09-28T21:31:47+00:00,KXLOWTLV-26SEP28,"Lowest temperature in Las Vegas on Sep 28, 2026?",yes-maker,6,93.0,0.0,100.0,7.0,7.53,102.0,0
2026-09-28T21:31:47+00:00,KXGDPYEAR-26,US real GDP growth in 2026?,yes-maker,14,93.2,0.0,100.0,6.8,7.30,118.3,9
2026-09-28T21:31:47+00:00,KXHOUSEWINSTATE-GAD,How many House seats will Democrats win in Georgia?,yes-maker,5,94.0,0.0,100.0,6.0,6.38,118.0,0
2026-09-28T21:31:47+00:00,KXHOUSEWINSTATE-MID,How many House seats will Democrats win in Michigan?,yes-maker,7,95.0,0.0,100.0,5.0,5.26,110.0,2
2026-09-28T21:31:47+00:00,KXHOUSEWINSTATE-OHD,How many House seats will Democrats win in Ohio?,yes-maker,7,95.0,0.0,100.0,5.0,5.26,118.0,0
2026-09-28T21:31:47+00:00,KXHIGHTEWR-26SEP28,"Highest temperature in Newark on Sep 28, 2026?",yes-maker,6,95.0,0.0,100.0,5.0,5.26,105.0,4
2026-09-28T21:31:47+00:00,KXLOWTHOU-26SEP29,"Lowest temperature in Houston on Sep 29, 2026?",yes-maker,6,96.0,0.0,100.0,4.0,4.17,104.0,2
2026-09-28T21:31:47+00:00,KXLOWTLAX-26SEP28,"Lowest temperature in Los Angeles on Sep 28, 2026?",yes-maker,6,96.0,0.0,100.0,4.0,4.17,110.0,4
2026-09-28T21:31:47+00:00,KXLOWTBOS-26SEP28,"Lowest temperature in Boston on Sep 28, 2026?",yes-maker,6,96.0,0.0,100.0,4.0,4.17,113.0,4
2026-09-28T21:31:47+00:00,KXHIGHTBOS-26SEP29,"Highest temperature in Boston on Sep 29, 2026?",yes-maker,6,97.0,0.0,100.0,3.0,3.09,97.0,0
2026-09-28T21:31:47+00:00,KXETHY-27JAN0100,Ethereum price at the end of 2026,yes-maker,18,98.0,0.0,100.0,2.0,2.04,98.30000000000001,0
2026-09-28T21:31:47+00:00,KXHIGHTSEA-26SEP29,"Highest temperature in Seattle on Sep 29, 2026?",yes-maker,6,98.0,0.0,100.0,2.0,2.04,102.0,0
2026-09-28T21:31:47+00:00,KXHIGHTLV-26SEP28,"Highest temperature in Las Vegas on Sep 28, 2026?",yes-maker,6,98.0,0.0,100.0,2.0,2.04,105.0,3
2026-09-28T21:31:47+00:00,KXNUMREDISTRICTING-26NOV03,How many states will redistrict before the midterms?,yes-maker,7,99.0,0.0,100.0,1.0,1.01,110.0,0
2026-09-28T21:31:47+00:00,KXLOWTNYC-26SEP28,"Lowest temperature in New York City on Sep 28, 2026?",yes-maker,6,99.0,0.0,100.0,1.0,1.01,112.0,3
2026-09-28T21:31:47+00:00,KXLOWTAUS-26SEP28,"Lowest temperature in Austin on Sep 28, 2026?",yes-maker,6,99.0,0.0,100.0,1.0,1.01,113.0,4
2026-09-29T01:24:59+00:00,KXLOWTEWR-26SEP29,"Lowest temperature in Newark on Sep 29, 2026?",yes-maker,6,28.0,0.0,100.0,72.0,257.14,101.0,2
2026-09-29T01:24:59+00:00,KXLOWTLAX-26SEP29,"Lowest temperature in Los Angeles on Sep 29, 2026?",yes-maker,6,61.0,0.0,100.0,39.0,63.93,123.0,2
2026-09-29T01:24:59+00:00,KXLOWTMIA-26SEP29,"Lowest temperature in Miami on Sep 29, 2026?",yes-maker,6,64.0,0.0,100.0,36.0,56.25,120.0,0
2026-09-29T01:24:59+00:00,KXLOWTDEN-26SEP28,"Lowest temperature in Denver on Sep 28, 2026?",yes-maker,6,66.0,0.0,100.0,34.0,51.52,120.0,1
2026-09-29T01:24:59+00:00,KXGDPYEAR-36,US real GDP growth in 2036?,yes-maker,14,70.0,0.0,100.0,30.0,42.86,105.0,2
2026-09-29T01:24:59+00:00,KXLOWTCHI-26SEP29,"Lowest temperature in Chicago on Sep 29, 2026?",yes-maker,6,71.0,0.0,100.0,29.0,40.85,121.0,1
2026-09-29T01:24:59+00:00,KXLOWTMIN-26SEP29,"Lowest temperature in Minneapolis on Sep 29, 2026?",yes-maker,6,72.0,0.0,100.0,28.0,38.89,126.0,0
2026-09-29T01:24:59+00:00,KXLOWTOKC-26SEP29,"Lowest temperature in Oklahoma City on Sep 29, 2026?",yes-maker,6,74.0,0.0,100.0,26.0,35.14,122.0,0
2026-09-29T01:24:59+00:00,KXLOWTDAL-26SEP29,"Lowest temperature in Dallas on Sep 29, 2026?",yes-maker,6,74.0,0.0,100.0,26.0,35.14,126.0,1
2026-09-29T01:24:59+00:00,KXLOWTBOS-26SEP29,"Lowest temperature in Boston on Sep 29, 2026?",yes-maker,6,75.0,0.0,100.0,25.0,33.33,109.0,2
2026-09-29T01:24:59+00:00,KXHIGHTEWR-26SEP29,"Highest temperature in Newark on Sep 29, 2026?",yes-maker,6,77.0,0.0,100.0,23.0,29.87,110.0,1
2026-09-29T01:24:59+00:00,KXLOWTATL-26SEP29,"Lowest temperature in Atlanta on Sep 29, 2026?",yes-maker,6,78.0,0.0,100.0,22.0,28.21,123.0,2
2026-09-29T01:24:59+00:00,KXLOWTSEA-26SEP29,"Lowest temperature in Seattle on Sep 29, 2026?",yes-maker,6,79.0,0.0,100.0,21.0,26.58,125.0,1
2026-09-29T01:24:59+00:00,KXGDPYEAR-32,US real GDP growth in 2032?,yes-maker,14,81.0,0.0,100.0,19.0,23.46,122.0,0
2026-09-29T01:24:59+00:00,KXHIGHTSDF-26SEP29,"Highest temperature in Louisville on Sep 29, 2026?",yes-maker,6,81.0,0.0,100.0,19.0,23.46,109.0,1
2026-09-29T01:24:59+00:00,KXGDPYEAR-30,US real GDP growth in 2030?,yes-maker,14,82.0,0.0,100.0,18.0,21.95,113.0,3
2026-09-29T01:24:59+00:00,KXHOUSEWINSTATE-NCD,How many House seats will Democrats win in North Carolina?,yes-maker,7,83.0,0.0,100.0,17.0,20.48,110.0,1
2026-09-29T01:24:59+00:00,KXLOWTHOU-26SEP29,"Lowest temperature in Houston on Sep 29, 2026?",yes-maker,6,83.0,0.0,100.0,17.0,20.48,124.0,2
2026-09-29T01:24:59+00:00,KXLOWTSAN-26SEP28,"Lowest temperature in San Diego on Sep 28, 2026?",yes-maker,6,83.0,0.0,100.0,17.0,20.48,115.0,2
2026-09-29T01:24:59+00:00,KXGDPYEAR-34,US real GDP growth in 2034?,yes-maker,14,84.0,0.0,100.0,16.0,19.05,119.0,0
2026-09-29T01:24:59+00:00,KXLOWTLAX-26SEP28,"Lowest temperature in Los Angeles on Sep 28, 2026?",yes-maker,6,84.0,0.0,100.0,16.0,19.05,111.0,3
2026-09-29T01:24:59+00:00,KXGDPYEAR-29,US real GDP growth in 2029?,yes-maker,14,85.0,0.0,100.0,15.0,17.65,129.0,1
2026-09-29T01:24:59+00:00,KXEOTRUMPTERM-29JAN20,How many executive orders will Trump sign in his second term?,yes-maker,12,85.3,0.0,100.0,14.7,17.23,99.0,0
2026-09-29T01:24:59+00:00,KXLOWTDEN-26SEP29,"Lowest temperature in Denver on Sep 29, 2026?",yes-maker,6,86.0,0.0,100.0,14.0,16.28,109.0,1
2026-09-29T01:24:59+00:00,KXHIGHTTTN-26SEP29,"Highest temperature in Trenton on Sep 29, 2026?",yes-maker,6,86.0,0.0,100.0,14.0,16.28,111.0,1
2026-09-29T01:24:59+00:00,KXLOWTSFO-26SEP28,"Lowest temperature in San Francisco on Sep 28, 2026?",yes-maker,6,86.0,0.0,100.0,14.0,16.28,120.0,3
2026-09-29T01:24:59+00:00,KXSOCKEYERUN-27,Bristol Bay sockeye run forecast for 2027,yes-maker,6,87.0,0.0,100.0,13.0,14.94,115.0,1
2026-09-29T01:24:59+00:00,KXLOWTTTN-26SEP28,"Lowest temperature in Trenton on Sep 28, 2026?",yes-maker,6,87.0,0.0,100.0,13.0,14.94,129.0,3
2026-09-29T01:24:59+00:00,KXGDPYEAR-28,US real GDP growth in 2028?,yes-maker,14,88.0,0.0,100.0,12.0,13.64,122.0,2
2026-09-29T01:24:59+00:00,KXHOUSEWINSTATE-AZD,How many House seats will Democrats win in Arizona?,yes-maker,6,88.0,0.0,100.0,12.0,13.64,112.0,1
2026-09-29T01:24:59+00:00,KXLOWTSATX-26SEP29,"Lowest temperature in San Antonio on Sep 29, 2026?",yes-maker,6,88.0,0.0,100.0,12.0,13.64,126.0,2
2026-09-29T01:24:59+00:00,KXLOWTBOS-26SEP28,"Lowest temperature in Boston on Sep 28, 2026?",yes-maker,6,88.0,0.0,100.0,12.0,13.64,124.0,4
2026-09-29T01:24:59+00:00,KXGDPYEAR-35,US real GDP growth in 2035?,yes-maker,14,90.0,0.0,100.0,10.0,11.11,125.0,0
2026-09-29T01:24:59+00:00,KXUSDJPY-26SEP2910,"USD/JPY price on Sep 29, 2026 at 10am EDT?",yes-maker,15,90.0,0.0,100.0,10.0,11.11,116.0,0
2026-09-29T01:24:59+00:00,KXGDPYEAR-27,US real GDP growth in 2027?,yes-maker,14,91.0,0.0,100.0,9.0,9.89,127.0,1
2026-09-29T01:24:59+00:00,KXLOWTDC-26SEP29,"Lowest temperature in Washington DC on Sep 29, 2026?",yes-maker,6,91.0,0.0,100.0,9.0,9.89,119.0,3
2026-09-29T01:24:59+00:00,KXLOWTLV-26SEP28,"Lowest temperature in Las Vegas on Sep 28, 2026?",yes-maker,6,91.0,0.0,100.0,9.0,9.89,106.0,0
2026-09-29T01:24:59+00:00,KXGDPYEAR-26,US real GDP growth in 2026?,yes-maker,14,92.0,0.0,100.0,8.0,8.70,116.1,9
2026-09-29T01:24:59+00:00,KXHOUSEWINSTATE-PAD,How many House seats will Democrats win in Pennsylvania?,yes-maker,8,92.0,0.0,100.0,8.0,8.70,114.0,1
2026-09-29T01:24:59+00:00,KXLOWTLV-26SEP29,"Lowest temperature in Las Vegas on Sep 29, 2026?",yes-maker,6,92.0,0.0,100.0,8.0,8.70,110.0,1
2026-09-29T01:24:59+00:00,KXLOWTSDF-26SEP29,"Lowest temperature in Louisville on Sep 29, 2026?",yes-maker,6,93.0,0.0,100.0,7.0,7.53,127.0,1
2026-09-29T01:24:59+00:00,KXHOUSEWINSTATE-GAD,How many House seats will Democrats win in Georgia?,yes-maker,5,94.0,0.0,100.0,6.0,6.38,120.0,0
2026-09-29T01:24:59+00:00,KXLOWTSFO-26SEP29,"Lowest temperature in San Francisco on Sep 29, 2026?",yes-maker,6,95.0,0.0,100.0,5.0,5.26,111.0,2
2026-09-29T01:24:59+00:00,KXHOUSEWINSTATE-MID,How many House seats will Democrats win in Michigan?,yes-maker,7,96.0,0.0,100.0,4.0,4.17,110.0,2
2026-09-29T01:24:59+00:00,KXLOWTNYC-26SEP28,"Lowest temperature in New York City on Sep 28, 2026?",yes-maker,6,96.0,0.0,100.0,4.0,4.17,118.0,4
2026-09-29T01:24:59+00:00,KXETHY-27JAN0100,Ethereum price at the end of 2026,yes-maker,18,98.3,0.0,100.0,1.7,1.73,98.30000000000001,0
2026-09-29T01:24:59+00:00,KXNUMREDISTRICTING-26NOV03,How many states will redistrict before the midterms?,yes-maker,7,99.0,0.0,100.0,1.0,1.01,110.0,0
2026-09-29T01:24:59+00:00,KXHOUSEWINSTATE-OHD,How many House seats will Democrats win in Ohio?,yes-maker,7,99.0,0.0,100.0,1.0,1.01,120.0,0
2026-09-29T01:24:59+00:00,KXHIGHCHI-26SEP29,"Highest temperature in Chicago on Sep 29, 2026?",yes-maker,6,99.0,0.0,100.0,1.0,1.01,100.0,0
2026-09-29T01:24:59+00:00,KXBTCY-27JAN0100,Bitcoin price at the end of 2026,yes-maker,28,99.7,0.0,100.0,0.3,0.30,99.7,0
2026-09-29T07:11:54+00:00,KXLOWTLAX-26SEP29,"Lowest temperature in Los Angeles on Sep 29, 2026?",yes-maker,6,30.0,0.0,100.0,70.0,233.33,122.0,2
2026-09-29T07:11:54+00:00,KXGDPYEAR-36,US real GDP growth in 2036?,yes-maker,14,70.0,0.0,100.0,30.0,42.86,109.0,2
2026-09-29T07:11:54+00:00,KXLOWTNYC-26SEP29,"Lowest temperature in New York City on Sep 29, 2026?",yes-maker,6,73.0,0.0,100.0,27.0,36.99,109.0,3
2026-09-29T07:11:54+00:00,KXLOWTNOLA-26SEP29,"Lowest temperature in New Orleans on Sep 29, 2026?",yes-maker,6,76.0,0.0,100.0,24.0,31.58,120.0,1
2026-09-29T07:11:54+00:00,KXLOWTMIA-26SEP29,"Lowest temperature in Miami on Sep 29, 2026?",yes-maker,6,77.0,0.0,100.0,23.0,29.87,127.0,1
2026-09-29T07:11:54+00:00,KXLOWTBOS-26SEP29,"Lowest temperature in Boston on Sep 29, 2026?",yes-maker,6,78.0,0.0,100.0,22.0,28.21,129.0,4
2026-09-29T07:11:54+00:00,KXLOWTAUS-26SEP29,"Lowest temperature in Austin on Sep 29, 2026?",yes-maker,6,79.0,0.0,100.0,21.0,26.58,119.0,0
2026-09-29T07:11:54+00:00,KXGDPYEAR-34,US real GDP growth in 2034?,yes-maker,14,80.0,0.0,100.0,20.0,25.00,118.0,0
2026-09-29T07:11:54+00:00,KXGDPYEAR-30,US real GDP growth in 2030?,yes-maker,14,80.0,0.0,100.0,20.0,25.00,113.0,3
2026-09-29T07:11:54+00:00,KXLOWTCHI-26SEP29,"Lowest temperature in Chicago on Sep 29, 2026?",yes-maker,6,80.0,0.0,100.0,20.0,25.00,112.0,0
2026-09-29T07:11:54+00:00,KXGDPYEAR-32,US real GDP growth in 2032?,yes-maker,14,82.0,0.0,100.0,18.0,21.95,113.0,0
2026-09-29T07:11:54+00:00,KXHIGHTSAN-26SEP29,"Highest temperature in San Diego on Sep 29, 2026?",yes-maker,6,82.0,0.0,100.0,18.0,21.95,119.0,1
2026-09-29T07:11:54+00:00,KXLOWTLAX-26SEP28,"Lowest temperature in Los Angeles on Sep 28, 2026?",yes-maker,6,82.0,0.0,100.0,18.0,21.95,112.0,3
2026-09-29T07:11:54+00:00,KXGDPYEAR-35,US real GDP growth in 2035?,yes-maker,14,83.0,0.0,100.0,17.0,20.48,129.0,0
2026-09-29T07:11:54+00:00,KXLOWTMIN-26SEP29,"Lowest temperature in Minneapolis on Sep 29, 2026?",yes-maker,6,83.0,0.0,100.0,17.0,20.48,105.0,0
2026-09-29T07:11:54+00:00,KXLOWTDC-26SEP29,"Lowest temperature in Washington DC on Sep 29, 2026?",yes-maker,6,84.0,0.0,100.0,16.0,19.05,130.0,3
2026-09-29T07:11:54+00:00,KXHIGHTEWR-26SEP29,"Highest temperature in Newark on Sep 29, 2026?",yes-maker,6,84.0,0.0,100.0,16.0,19.05,119.0,1
2026-09-29T07:11:54+00:00,KXGDPYEAR-29,US real GDP growth in 2029?,yes-maker,14,85.0,0.0,100.0,15.0,17.65,129.0,1
2026-09-29T07:11:54+00:00,KXLOWTSATX-26SEP29,"Lowest temperature in San Antonio on Sep 29, 2026?",yes-maker,6,85.0,0.0,100.0,15.0,17.65,114.0,0
2026-09-29T07:11:54+00:00,KXEOTRUMPTERM-29JAN20,How many executive orders will Trump sign in his second term?,yes-maker,12,85.3,0.0,100.0,14.7,17.23,99.0,0
2026-09-29T07:11:54+00:00,KXHOUSEWINSTATE-FLD,How many House seats will Democrats win in Florida?,yes-maker,9,86.0,0.0,100.0,14.0,16.28,127.0,1
2026-09-29T07:11:54+00:00,KXSOCKEYERUN-27,Bristol Bay sockeye run forecast for 2027,yes-maker,6,87.0,0.0,100.0,13.0,14.94,115.0,1
2026-09-29T07:11:54+00:00,KXGDPYEAR-28,US real GDP growth in 2028?,yes-maker,14,88.0,0.0,100.0,12.0,13.64,122.0,2
2026-09-29T07:11:54+00:00,KXHIGHTTTN-26SEP29,"Highest temperature in Trenton on Sep 29, 2026?",yes-maker,6,88.0,0.0,100.0,12.0,13.64,113.0,2
2026-09-29T07:11:54+00:00,KXGDPYEAR-27,US real GDP growth in 2027?,yes-maker,14,91.0,0.0,100.0,9.0,9.89,128.0,1
2026-09-29T07:11:54+00:00,KXHOUSEWINSTATE-PAD,How many House seats will Democrats win in Pennsylvania?,yes-maker,8,91.0,0.0,100.0,9.0,9.89,112.0,1
2026-09-29T07:11:54+00:00,KXLOWTSAN-26SEP28,"Lowest temperature in San Diego on Sep 28, 2026?",yes-maker,6,91.0,0.0,100.0,9.0,9.89,112.0,4
2026-09-29T07:11:54+00:00,KXGDPYEAR-26,US real GDP growth in 2026?,yes-maker,14,92.0,0.0,100.0,8.0,8.70,116.3,9
2026-09-29T07:11:54+00:00,KXHOUSEWINSTATE-MND,How many House seats will Democrats win in Minnesota?,yes-maker,5,92.0,0.0,100.0,8.0,8.70,111.0,0
2026-09-29T07:11:54+00:00,KXLOWTPHX-26SEP29,"Lowest temperature in Phoenix on Sep 29, 2026?",yes-maker,6,93.0,0.0,100.0,7.0,7.53,119.0,0
2026-09-29T07:11:54+00:00,KXHIGHTSDF-26SEP29,"Highest temperature in Louisville on Sep 29, 2026?",yes-maker,6,93.0,0.0,100.0,7.0,7.53,120.0,2
2026-09-29T07:11:54+00:00,KXHOUSEWINSTATE-GAD,How many House seats will Democrats win in Georgia?,yes-maker,5,94.0,0.0,100.0,6.0,6.38,118.0,0
2026-09-29T07:11:54+00:00,KXHOUSEWINSTATE-AZD,How many House seats will Democrats win in Arizona?,yes-maker,6,94.0,0.0,100.0,6.0,6.38,110.0,1
2026-09-29T07:11:54+00:00,KXHOUSEWINSTATE-OHD,How many House seats will Democrats win in Ohio?,yes-maker,7,95.0,0.0,100.0,5.0,5.26,124.0,0
2026-09-29T07:11:54+00:00,KXUSDJPY-26SEP2910,"USD/JPY price on Sep 29, 2026 at 10am EDT?",yes-maker,15,95.0,0.0,100.0,5.0,5.26,112.0,2
2026-09-29T07:11:54+00:00,KXHOUSEWINSTATE-MID,How many House seats will Democrats win in Michigan?,yes-maker,7,96.0,0.0,100.0,4.0,4.17,109.0,2
2026-09-29T07:11:54+00:00,KXLOWTLV-26SEP29,"Lowest temperature in Las Vegas on Sep 29, 2026?",yes-maker,6,97.0,0.0,100.0,3.0,3.09,112.0,2
2026-09-29T07:11:54+00:00,KXETHY-27JAN0100,Ethereum price at the end of 2026,yes-maker,18,98.8,0.0,100.0,1.2,1.21,98.9,0
2026-09-29T07:11:54+00:00,KXNUMREDISTRICTING-26NOV03,How many states will redistrict before the midterms?,yes-maker,7,99.0,0.0,100.0,1.0,1.01,110.0,0
2026-09-29T07:11:54+00:00,KXEURUSD-26SEP2910,"EUR/USD price range on Sep 29, 2026 at 10am EDT?",yes-maker,15,99.0,0.0,100.0,1.0,1.01,129.0,5
2026-09-29T14:12:06+00:00,KXLOWTMIA-26SEP29,"Lowest temperature in Miami on Sep 29, 2026?",yes-maker,6,59.0,0.0,100.0,41.0,69.49,119.0,1
2026-09-29T14:12:06+00:00,KXHIGHTPHX-26SEP30,"Highest temperature in Phoenix on Sep 30, 2026?",yes-maker,6,64.0,0.0,100.0,36.0,56.25,110.0,0
2026-09-29T14:12:06+00:00,KXLOWTOKC-26SEP29,"Lowest temperature in Oklahoma City on Sep 29, 2026?",yes-maker,6,71.0,0.0,100.0,29.0,40.85,118.0,3
2026-09-29T14:12:06+00:00,KXGDPYEAR-36,US real GDP growth in 2036?,yes-maker,14,73.0,0.0,100.0,27.0,36.99,107.0,2
2026-09-29T14:12:06+00:00,KXLOWTOKC-26SEP30,"Lowest temperature in Oklahoma City on Sep 30, 2026?",yes-maker,6,73.0,0.0,100.0,27.0,36.99,122.0,0
2026-09-29T14:12:06+00:00,KXUSDJPY-26SEP3010,"USD/JPY price on Sep 30, 2026 at 10am EDT?",yes-maker,15,75.0,0.0,100.0,25.0,33.33,126.0,0
2026-09-29T14:12:06+00:00,KXLOWTSAN-26SEP29,"Lowest temperature in San Diego on Sep 29, 2026?",yes-maker,6,78.0,0.0,100.0,22.0,28.21,102.0,3
2026-09-29T14:12:06+00:00,KXGDPYEAR-30,US real GDP growth in 2030?,yes-maker,14,79.0,0.0,100.0,21.0,26.58,111.0,3
2026-09-29T14:12:06+00:00,KXHIGHTSEA-26SEP30,"Highest temperature in Seattle on Sep 30, 2026?",yes-maker,6,79.0,0.0,100.0,21.0,26.58,121.0,0
2026-09-29T14:12:06+00:00,KXGDPYEAR-34,US real GDP growth in 2034?,yes-maker,14,81.0,0.0,100.0,19.0,23.46,113.0,0
2026-09-29T14:12:06+00:00,KXLOWTATL-26SEP30,"Lowest temperature in Atlanta on Sep 30, 2026?",yes-maker,6,81.0,0.0,100.0,19.0,23.46,130.0,1
2026-09-29T14:12:06+00:00,KXGDPYEAR-32,US real GDP growth in 2032?,yes-maker,14,82.0,0.0,100.0,18.0,21.95,108.0,0
2026-09-29T14:12:06+00:00,KXLOWTDEN-26SEP30,"Lowest temperature in Denver on Sep 30, 2026?",yes-maker,6,83.0,0.0,100.0,17.0,20.48,130.0,0
2026-09-29T14:12:06+00:00,KXLOWTDEN-26SEP29,"Lowest temperature in Denver on Sep 29, 2026?",yes-maker,6,83.0,0.0,100.0,17.0,20.48,130.0,1
2026-09-29T14:12:06+00:00,KXGDPYEAR-35,US real GDP growth in 2035?,yes-maker,14,85.0,0.0,100.0,15.0,17.65,126.0,0
2026-09-29T14:12:06+00:00,KXEOTRUMPTERM-29JAN20,How many executive orders will Trump sign in his second term?,yes-maker,12,85.3,0.0,100.0,14.7,17.23,99.0,0
2026-09-29T14:12:06+00:00,KXGDPYEAR-29,US real GDP growth in 2029?,yes-maker,14,86.0,0.0,100.0,14.0,16.28,129.0,1
2026-09-29T14:12:06+00:00,KXHIGHDEN-26SEP30,"Highest temperature in Denver on Sep 30, 2026?",yes-maker,6,86.0,0.0,100.0,14.0,16.28,105.0,0
2026-09-29T14:12:06+00:00,KXHOUSEWINSTATE-AZD,How many House seats will Democrats win in Arizona?,yes-maker,6,87.0,0.0,100.0,13.0,14.94,113.0,1
2026-09-29T14:12:06+00:00,KXSOCKEYERUN-27,Bristol Bay sockeye run forecast for 2027,yes-maker,6,87.0,0.0,100.0,13.0,14.94,123.0,1
2026-09-29T14:12:06+00:00,KXGDPYEAR-28,US real GDP growth in 2028?,yes-maker,14,89.0,0.0,100.0,11.0,12.36,122.0,2
2026-09-29T14:12:06+00:00,KXLOWTPHIL-26SEP30,"Lowest temperature in Philadelphia on Sep 30, 2026?",yes-maker,6,89.0,0.0,100.0,11.0,12.36,127.0,1
2026-09-29T14:12:06+00:00,KXHIGHTLV-26SEP30,"Highest temperature in Las Vegas on Sep 30, 2026?",yes-maker,6,89.0,0.0,100.0,11.0,12.36,116.0,0
2026-09-29T14:12:06+00:00,KXLOWTNYC-26SEP30,"Lowest temperature in New York City on Sep 30, 2026?",yes-maker,6,90.0,0.0,100.0,10.0,11.11,130.0,0
2026-09-29T14:12:06+00:00,KXLOWTSFO-26SEP29,"Lowest temperature in San Francisco on Sep 29, 2026?",yes-maker,6,90.0,0.0,100.0,10.0,11.11,115.0,4
2026-09-29T14:12:06+00:00,KXLOWTCHI-26SEP29,"Lowest temperature in Chicago on Sep 29, 2026?",yes-maker,6,90.0,0.0,100.0,10.0,11.11,128.0,4
2026-09-29T14:12:06+00:00,KXHIGHTSDF-26SEP29,"Highest temperature in Louisville on Sep 29, 2026?",yes-maker,6,90.0,0.0,100.0,10.0,11.11,96.0,0
2026-09-29T14:12:06+00:00,KXHIGHTSAN-26SEP29,"Highest temperature in San Diego on Sep 29, 2026?",yes-maker,6,90.0,0.0,100.0,10.0,11.11,110.0,3
2026-09-29T14:12:06+00:00,KXHIGHTEWR-26SEP29,"Highest temperature in Newark on Sep 29, 2026?",yes-maker,6,90.0,0.0,100.0,10.0,11.11,106.0,1
2026-09-29T14:12:06+00:00,KXGDPYEAR-27,US real GDP growth in 2027?,yes-maker,14,91.0,0.0,100.0,9.0,9.89,128.0,1
2026-09-29T14:12:06+00:00,KXHOUSEWINSTATE-PAD,How many House seats will Democrats win in Pennsylvania?,yes-maker,8,91.0,0.0,100.0,9.0,9.89,109.0,1
2026-09-29T14:12:06+00:00,KXHIGHTMIN-26SEP30,"Highest temperature in Minneapolis on Sep 30, 2026?",yes-maker,6,91.0,0.0,100.0,9.0,9.89,101.0,0
2026-09-29T14:12:06+00:00,KXLOWTPHX-26SEP29,"Lowest temperature in Phoenix on Sep 29, 2026?",yes-maker,6,91.0,0.0,100.0,9.0,9.89,114.0,2
2026-09-29T14:12:06+00:00,KXGDPYEAR-26,US real GDP growth in 2026?,yes-maker,14,92.0,0.0,100.0,8.0,8.70,114.89999999999999,9
2026-09-29T14:12:06+00:00,KXHOUSEWINSTATE-MND,How many House seats will Democrats win in Minnesota?,yes-maker,5,92.0,0.0,100.0,8.0,8.70,111.0,0
2026-09-29T14:12:06+00:00,KXLOWTSEA-26SEP29,"Lowest temperature in Seattle on Sep 29, 2026?",yes-maker,6,92.0,0.0,100.0,8.0,8.70,99.0,3
2026-09-29T14:12:06+00:00,KXHOUSEWINSTATE-GAD,How many House seats will Democrats win in Georgia?,yes-maker,5,94.0,0.0,100.0,6.0,6.38,118.0,0
2026-09-29T14:12:06+00:00,KXLOWTDC-26SEP29,"Lowest temperature in Washington DC on Sep 29, 2026?",yes-maker,6,94.0,0.0,100.0,6.0,6.38,117.0,3
2026-09-29T14:12:06+00:00,KXHIGHTSFO-26SEP30,"Highest temperature in San Francisco on Sep 30, 2026?",yes-maker,6,95.0,0.0,100.0,5.0,5.26,105.0,0
2026-09-29T14:12:06+00:00,KXHOUSEWINSTATE-MID,How many House seats will Democrats win in Michigan?,yes-maker,7,96.0,0.0,100.0,4.0,4.17,110.0,2
2026-09-29T14:12:06+00:00,KXHIGHTSATX-26SEP30,"Highest temperature in San Antonio on Sep 30, 2026?",yes-maker,6,96.0,0.0,100.0,4.0,4.17,107.0,0
2026-09-29T14:12:06+00:00,KXHIGHAUS-26SEP30,"Highest temperature in Austin on Sep 30, 2026?",yes-maker,6,96.0,0.0,100.0,4.0,4.17,107.0,0
2026-09-29T14:12:06+00:00,KXLOWTEWR-26SEP29,"Lowest temperature in Newark on Sep 29, 2026?",yes-maker,6,96.0,0.0,100.0,4.0,4.17,116.0,5
2026-09-29T14:12:06+00:00,KXHIGHTNOLA-26SEP29,"Highest temperature in New Orleans on Sep 29, 2026?",yes-maker,6,96.0,0.0,100.0,4.0,4.17,99.0,3
2026-09-29T14:12:06+00:00,KXHOUSEWINSTATE-OHD,How many House seats will Democrats win in Ohio?,yes-maker,7,97.0,0.0,100.0,3.0,3.09,123.0,0
2026-09-29T14:12:06+00:00,KXLOWTSFO-26SEP30,"Lowest temperature in San Francisco on Sep 30, 2026?",yes-maker,6,97.0,0.0,100.0,3.0,3.09,121.0,1
2026-09-29T14:12:06+00:00,KXLOWTHOU-26SEP30,"Lowest temperature in Houston on Sep 30, 2026?",yes-maker,6,98.0,0.0,100.0,2.0,2.04,129.0,1
2026-09-29T14:12:06+00:00,KXLOWTMIN-26SEP29,"Lowest temperature in Minneapolis on Sep 29, 2026?",yes-maker,6,98.0,0.0,100.0,2.0,2.04,112.0,4
2026-09-29T14:12:06+00:00,KXLOWTLAX-26SEP29,"Lowest temperature in Los Angeles on Sep 29, 2026?",yes-maker,6,98.0,0.0,100.0,2.0,2.04,108.0,4
2026-09-29T14:12:06+00:00,KXLOWTATL-26SEP29,"Lowest temperature in Atlanta on Sep 29, 2026?",yes-maker,6,98.0,0.0,100.0,2.0,2.04,111.0,4
2026-09-29T14:12:06+00:00,KXHIGHTTTN-26SEP29,"Highest temperature in Trenton on Sep 29, 2026?",yes-maker,6,98.0,0.0,100.0,2.0,2.04,100.0,2
2026-09-29T14:12:06+00:00,KXHIGHTMIN-26SEP29,"Highest temperature in Minneapolis on Sep 29, 2026?",yes-maker,6,98.0,0.0,100.0,2.0,2.04,98.0,0
2026-09-29T14:12:06+00:00,KXETHY-27JAN0100,Ethereum price at the end of 2026,yes-maker,18,98.9,0.0,100.0,1.1,1.11,98.9,0
2026-09-29T14:12:06+00:00,KXNUMREDISTRICTING-26NOV03,How many states will redistrict before the midterms?,yes-maker,7,99.0,0.0,100.0,1.0,1.01,109.0,0
2026-09-29T14:12:06+00:00,KXHIGHTDC-26SEP30,"Highest temperature in Washington DC on Sep 30, 2026?",yes-maker,6,99.0,0.0,100.0,1.0,1.01,109.0,0
2026-09-29T14:12:06+00:00,KXHIGHLAX-26SEP30,"Highest temperature in Los Angeles on Sep 30, 2026?",yes-maker,6,99.0,0.0,100.0,1.0,1.01,104.0,0
2026-09-29T14:12:06+00:00,KXLOWTHOU-26SEP29,"Lowest temperature in Houston on Sep 29, 2026?",yes-maker,6,99.0,0.0,100.0,1.0,1.01,106.0,5
2026-09-29T19:31:41+00:00,KXHIGHTSAN-26SEP29,"Highest temperature in San Diego on Sep 29, 2026?",yes-maker,6,34.0,0.0,100.0,66.0,194.12,124.0,3
2026-09-29T19:31:41+00:00,KXGDPYEAR-36,US real GDP growth in 2036?,yes-maker,14,73.0,0.0,100.0,27.0,36.99,105.0,2
2026-09-29T19:31:41+00:00,KXLOWTDEN-26SEP29,"Lowest temperature in Denver on Sep 29, 2026?",yes-maker,6,76.0,0.0,100.0,24.0,31.58,120.0,3
2026-09-29T19:31:41+00:00,KXGDPYEAR-30,US real GDP growth in 2030?,yes-maker,14,80.0,0.0,100.0,20.0,25.00,109.0,3
2026-09-29T19:31:41+00:00,KXGDPYEAR-32,US real GDP growth in 2032?,yes-maker,14,81.0,0.0,100.0,19.0,23.46,108.0,0
2026-09-29T19:31:41+00:00,KXVHGCB-26OCT02,"Generic congressional ballot on Oct 2, 2026?",yes-maker,7,82.0,0.0,100.0,18.0,21.95,124.0,0
2026-09-29T19:31:41+00:00,KXLOWTDC-26SEP30,"Lowest temperature in Washington DC on Sep 30, 2026?",yes-maker,6,83.0,0.0,100.0,17.0,20.48,121.0,2
2026-09-29T19:31:41+00:00,KXLOWTBOS-26SEP30,"Lowest temperature in Boston on Sep 30, 2026?",yes-maker,6,84.0,0.0,100.0,16.0,19.05,100.0,1
2026-09-29T19:31:41+00:00,KXLOWTATL-26SEP30,"Lowest temperature in Atlanta on Sep 30, 2026?",yes-maker,6,85.0,0.0,100.0,15.0,17.65,106.0,1
2026-09-29T19:31:41+00:00,KXEOTRUMPTERM-29JAN20,How many executive orders will Trump sign in his second term?,yes-maker,12,85.3,0.0,100.0,14.7,17.23,99.0,0
2026-09-29T19:31:41+00:00,KXGDPYEAR-34,US real GDP growth in 2034?,yes-maker,14,86.0,0.0,100.0,14.0,16.28,109.0,0
2026-09-29T19:31:41+00:00,KXGDPYEAR-29,US real GDP growth in 2029?,yes-maker,14,86.0,0.0,100.0,14.0,16.28,129.0,1
2026-09-29T19:31:41+00:00,KXLOWTSATX-26SEP30,"Lowest temperature in San Antonio on Sep 30, 2026?",yes-maker,6,86.0,0.0,100.0,14.0,16.28,113.0,1
2026-09-29T19:31:41+00:00,KXHOUSEWINSTATE-AZD,How many House seats will Democrats win in Arizona?,yes-maker,6,87.0,0.0,100.0,13.0,14.94,116.0,1
2026-09-29T19:31:41+00:00,KXSOCKEYERUN-27,Bristol Bay sockeye run forecast for 2027,yes-maker,6,87.0,0.0,100.0,13.0,14.94,123.0,1
2026-09-29T19:31:41+00:00,KXLOWTNOLA-26SEP30,"Lowest temperature in New Orleans on Sep 30, 2026?",yes-maker,6,87.0,0.0,100.0,13.0,14.94,123.0,2
2026-09-29T19:31:41+00:00,KXLOWTMIA-26SEP30,"Lowest temperature in Miami on Sep 30, 2026?",yes-maker,6,88.0,0.0,100.0,12.0,13.64,118.0,0
2026-09-29T19:31:41+00:00,KXLOWTDAL-26SEP30,"Lowest temperature in Dallas on Sep 30, 2026?",yes-maker,6,88.0,0.0,100.0,12.0,13.64,116.0,3
2026-09-29T19:31:41+00:00,KXUSDJPY-26SEP3010,"USD/JPY price on Sep 30, 2026 at 10am EDT?",yes-maker,15,88.0,0.0,100.0,12.0,13.64,106.0,0
2026-09-29T19:31:41+00:00,KXGDPYEAR-28,US real GDP growth in 2028?,yes-maker,14,89.0,0.0,100.0,11.0,12.36,122.0,2
2026-09-29T19:31:41+00:00,KXGDPYEAR-35,US real GDP growth in 2035?,yes-maker,14,90.0,0.0,100.0,10.0,11.11,122.0,0
2026-09-29T19:31:41+00:00,KXGDPYEAR-27,US real GDP growth in 2027?,yes-maker,14,90.0,0.0,100.0,10.0,11.11,128.0,1
2026-09-29T19:31:41+00:00,KXLOWTNYC-26SEP30,"Lowest temperature in New York City on Sep 30, 2026?",yes-maker,6,90.0,0.0,100.0,10.0,11.11,110.0,0
2026-09-29T19:31:41+00:00,KXLOWTLV-26SEP30,"Lowest temperature in Las Vegas on Sep 30, 2026?",yes-maker,6,90.0,0.0,100.0,10.0,11.11,128.0,1
2026-09-29T19:31:41+00:00,KXHOUSEWINSTATE-PAD,How many House seats will Democrats win in Pennsylvania?,yes-maker,8,91.0,0.0,100.0,9.0,9.89,118.0,1
2026-09-29T19:31:41+00:00,KXGDPYEAR-26,US real GDP growth in 2026?,yes-maker,14,91.9,0.0,100.0,8.1,8.81,113.6,9
2026-09-29T19:31:41+00:00,KXLOWTLAX-26SEP30,"Lowest temperature in Los Angeles on Sep 30, 2026?",yes-maker,6,92.0,0.0,100.0,8.0,8.70,100.0,0
2026-09-29T19:31:41+00:00,KXHIGHTSDF-26SEP30,"Highest temperature in Louisville on Sep 30, 2026?",yes-maker,6,92.0,0.0,100.0,8.0,8.70,129.0,1
2026-09-29T19:31:41+00:00,KXHOUSEWINSTATE-MND,How many House seats will Democrats win in Minnesota?,yes-maker,5,93.0,0.0,100.0,7.0,7.53,111.0,0
2026-09-29T19:31:41+00:00,KXHOUSEWINSTATE-GAD,How many House seats will Democrats win in Georgia?,yes-maker,5,94.0,0.0,100.0,6.0,6.38,119.0,0
2026-09-29T19:31:41+00:00,KXLOWTPHX-26SEP30,"Lowest temperature in Phoenix on Sep 30, 2026?",yes-maker,6,94.0,0.0,100.0,6.0,6.38,111.0,2
2026-09-29T19:31:41+00:00,KXHOUSEWINSTATE-MID,How many House seats will Democrats win in Michigan?,yes-maker,7,96.0,0.0,100.0,4.0,4.17,112.0,2
2026-09-29T19:31:41+00:00,KXLOWTSFO-26SEP30,"Lowest temperature in San Francisco on Sep 30, 2026?",yes-maker,6,96.0,0.0,100.0,4.0,4.17,112.0,3
2026-09-29T19:31:41+00:00,KXLOWTEWR-26SEP29,"Lowest temperature in Newark on Sep 29, 2026?",yes-maker,6,96.0,0.0,100.0,4.0,4.17,113.0,5
2026-09-29T19:31:41+00:00,KXHIGHTTTN-26SEP29,"Highest temperature in Trenton on Sep 29, 2026?",yes-maker,6,96.0,0.0,100.0,4.0,4.17,117.0,4
2026-09-29T19:31:41+00:00,KXHIGHTSFO-26SEP29,"Highest temperature in San Francisco on Sep 29, 2026?",yes-maker,6,96.0,0.0,100.0,4.0,4.17,112.0,2
2026-09-29T19:31:41+00:00,KXHIGHDEN-26SEP29,"Highest temperature in Denver on Sep 29, 2026?",yes-maker,6,96.0,0.0,100.0,4.0,4.17,102.0,3
2026-09-29T19:31:41+00:00,KXHOUSEWINSTATE-OHD,How many House seats will Democrats win in Ohio?,yes-maker,7,97.0,0.0,100.0,3.0,3.09,124.0,0
2026-09-29T19:31:41+00:00,KXLOWTHOU-26SEP29,"Lowest temperature in Houston on Sep 29, 2026?",yes-maker,6,97.0,0.0,100.0,3.0,3.09,103.0,5
2026-09-29T19:31:41+00:00,KXLOWTMIN-26SEP30,"Lowest temperature in Minneapolis on Sep 30, 2026?",yes-maker,6,98.0,0.0,100.0,2.0,2.04,112.0,0
2026-09-29T19:31:41+00:00,KXHIGHTDC-26SEP30,"Highest temperature in Washington DC on Sep 30, 2026?",yes-maker,6,98.0,0.0,100.0,2.0,2.04,102.0,1
2026-09-29T19:31:41+00:00,KXHIGHTSDF-26SEP29,"Highest temperature in Louisville on Sep 29, 2026?",yes-maker,6,98.0,0.0,100.0,2.0,2.04,111.0,3
2026-09-29T19:31:41+00:00,KXHIGHCHI-26SEP29,"Highest temperature in Chicago on Sep 29, 2026?",yes-maker,6,98.0,0.0,100.0,2.0,2.04,106.0,4
2026-09-29T19:31:41+00:00,KXETHY-27JAN0100,Ethereum price at the end of 2026,yes-maker,18,98.8,0.0,100.0,1.2,1.21,98.8,0
2026-09-29T19:31:41+00:00,KXNUMREDISTRICTING-26NOV03,How many states will redistrict before the midterms?,yes-maker,7,99.0,0.0,100.0,1.0,1.01,114.0,0
2026-09-29T19:31:41+00:00,KXLOWTSEA-26SEP30,"Lowest temperature in Seattle on Sep 30, 2026?",yes-maker,6,99.0,0.0,100.0,1.0,1.01,120.0,3
2026-09-29T19:31:41+00:00,KXHIGHTSEA-26SEP30,"Highest temperature in Seattle on Sep 30, 2026?",yes-maker,6,99.0,0.0,100.0,1.0,1.01,102.0,0
2026-09-29T19:31:41+00:00,KXHIGHTMIN-26SEP30,"Highest temperature in Minneapolis on Sep 30, 2026?",yes-maker,6,99.0,0.0,100.0,1.0,1.01,100.0,0
2026-09-29T19:31:41+00:00,KXHIGHMIA-26SEP30,"Highest temperature in Miami on Sep 30, 2026?",yes-maker,6,99.0,0.0,100.0,1.0,1.01,102.0,0
2026-09-29T19:31:41+00:00,KXLOWTSEA-26SEP29,"Lowest temperature in Seattle on Sep 29, 2026?",yes-maker,6,99.0,0.0,100.0,1.0,1.01,118.0,3
2026-09-29T19:31:41+00:00,KXLOWTMIA-26SEP29,"Lowest temperature in Miami on Sep 29, 2026?",yes-maker,6,99.0,0.0,100.0,1.0,1.01,111.0,5
2026-09-29T19:31:41+00:00,KXLOWTLV-26SEP29,"Lowest temperature in Las Vegas on Sep 29, 2026?",yes-maker,6,99.0,0.0,100.0,1.0,1.01,105.0,5
2026-09-29T19:31:41+00:00,KXHIGHTOKC-26SEP29,"Highest temperature in Oklahoma City on Sep 29, 2026?",yes-maker,6,99.0,0.0,100.0,1.0,1.01,104.0,2
2026-09-29T23:22:11+00:00,KXLOWTSDF-26SEP30,"Lowest temperature in Louisville on Sep 30, 2026?",yes-maker,6,63.0,0.0,100.0,37.0,58.73,119.0,1
2026-09-29T23:22:11+00:00,KXLOWTMIA-26SEP30,"Lowest temperature in Miami on Sep 30, 2026?",yes-maker,6,69.0,0.0,100.0,31.0,44.93,114.0,0
2026-09-29T23:22:11+00:00,KXLOWTATL-26SEP30,"Lowest temperature in Atlanta on Sep 30, 2026?",yes-maker,6,69.0,0.0,100.0,31.0,44.93,122.0,1
2026-09-29T23:22:11+00:00,KXGDPYEAR-36,US real GDP growth in 2036?,yes-maker,14,73.0,0.0,100.0,27.0,36.99,105.0,2
2026-09-29T23:22:11+00:00,KXLOWTNOLA-26SEP30,"Lowest temperature in New Orleans on Sep 30, 2026?",yes-maker,6,76.0,0.0,100.0,24.0,31.58,126.0,2
2026-09-29T23:22:11+00:00,KXLOWTDEN-26SEP29,"Lowest temperature in Denver on Sep 29, 2026?",yes-maker,6,76.0,0.0,100.0,24.0,31.58,130.0,3
2026-09-29T23:22:11+00:00,KXLOWTDC-26SEP30,"Lowest temperature in Washington DC on Sep 30, 2026?",yes-maker,6,77.0,0.0,100.0,23.0,29.87,123.0,2
2026-09-29T23:22:11+00:00,KXGDPYEAR-30,US real GDP growth in 2030?,yes-maker,14,80.0,0.0,100.0,20.0,25.00,109.0,3
2026-09-29T23:22:11+00:00,KXLOWTSEA-26SEP29,"Lowest temperature in Seattle on Sep 29, 2026?",yes-maker,6,80.0,0.0,100.0,20.0,25.00,122.0,4
2026-09-29T23:22:11+00:00,KXGDPYEAR-32,US real GDP growth in 2032?,yes-maker,14,81.0,0.0,100.0,19.0,23.46,108.0,0
2026-09-29T23:22:11+00:00,KXVHGCB-26OCT02,"Generic congressional ballot on Oct 2, 2026?",yes-maker,7,82.0,0.0,100.0,18.0,21.95,117.0,0
2026-09-29T23:22:11+00:00,KXLOWTOKC-26SEP30,"Lowest temperature in Oklahoma City on Sep 30, 2026?",yes-maker,6,83.0,0.0,100.0,17.0,20.48,127.0,0
2026-09-29T23:22:11+00:00,KXLOWTNYC-26SEP30,"Lowest temperature in New York City on Sep 30, 2026?",yes-maker,6,83.0,0.0,100.0,17.0,20.48,109.0,2
2026-09-29T23:22:11+00:00,KXLOWTLV-26SEP30,"Lowest temperature in Las Vegas on Sep 30, 2026?",yes-maker,6,83.0,0.0,100.0,17.0,20.48,107.0,1
2026-09-29T23:22:11+00:00,KXLOWTCHI-26SEP30,"Lowest temperature in Chicago on Sep 30, 2026?",yes-maker,6,83.0,0.0,100.0,17.0,20.48,118.0,1
2026-09-29T23:22:11+00:00,KXGDPYEAR-34,US real GDP growth in 2034?,yes-maker,14,84.0,0.0,100.0,16.0,19.05,106.0,0
2026-09-29T23:22:11+00:00,KXLOWTDEN-26SEP30,"Lowest temperature in Denver on Sep 30, 2026?",yes-maker,6,84.0,0.0,100.0,16.0,19.05,125.0,0
2026-09-29T23:22:11+00:00,KXEOTRUMPTERM-29JAN20,How many executive orders will Trump sign in his second term?,yes-maker,12,85.3,0.0,100.0,14.7,17.23,99.0,0
2026-09-29T23:22:11+00:00,KXGDPYEAR-29,US real GDP growth in 2029?,yes-maker,14,86.0,0.0,100.0,14.0,16.28,129.0,1
2026-09-29T23:22:11+00:00,KXHOUSEWINSTATE-AZD,How many House seats will Democrats win in Arizona?,yes-maker,6,87.0,0.0,100.0,13.0,14.94,112.0,1
2026-09-29T23:22:11+00:00,KXSOCKEYERUN-27,Bristol Bay sockeye run forecast for 2027,yes-maker,6,87.0,0.0,100.0,13.0,14.94,123.0,1
2026-09-29T23:22:11+00:00,KXGDPYEAR-35,US real GDP growth in 2035?,yes-maker,14,88.0,0.0,100.0,12.0,13.64,120.0,0
2026-09-29T23:22:11+00:00,KXGDPYEAR-28,US real GDP growth in 2028?,yes-maker,14,89.0,0.0,100.0,11.0,12.36,122.0,2
2026-09-29T23:22:11+00:00,KXHOUSEWINSTATE-FLD,How many House seats will Democrats win in Florida?,yes-maker,9,89.0,0.0,100.0,11.0,12.36,130.0,1
2026-09-29T23:22:11+00:00,KXLOWTBOS-26SEP30,"Lowest temperature in Boston on Sep 30, 2026?",yes-maker,6,89.0,0.0,100.0,11.0,12.36,104.0,2
2026-09-29T23:22:11+00:00,KXGDPYEAR-27,US real GDP growth in 2027?,yes-maker,14,90.0,0.0,100.0,10.0,11.11,128.0,1
2026-09-29T23:22:11+00:00,KXLOWTLAX-26SEP30,"Lowest temperature in Los Angeles on Sep 30, 2026?",yes-maker,6,90.0,0.0,100.0,10.0,11.11,116.0,2
2026-09-29T23:22:11+00:00,KXUSDJPY-26SEP3010,"USD/JPY price on Sep 30, 2026 at 10am EDT?",yes-maker,15,90.0,0.0,100.0,10.0,11.11,110.0,0
2026-09-29T23:22:11+00:00,KXGDPYEAR-26,US real GDP growth in 2026?,yes-maker,14,91.8,0.0,100.0,8.2,8.93,114.5,9
2026-09-29T23:22:11+00:00,KXHIGHTSDF-26SEP30,"Highest temperature in Louisville on Sep 30, 2026?",yes-maker,6,92.0,0.0,100.0,8.0,8.70,113.0,2
2026-09-29T23:22:11+00:00,KXHOUSEWINSTATE-PAD,How many House seats will Democrats win in Pennsylvania?,yes-maker,8,93.0,0.0,100.0,7.0,7.53,113.0,1
2026-09-29T23:22:11+00:00,KXLOWTMIN-26SEP29,"Lowest temperature in Minneapolis on Sep 29, 2026?",yes-maker,6,93.0,0.0,100.0,7.0,7.53,117.0,3
2026-09-29T23:22:11+00:00,KXHOUSEWINSTATE-GAD,How many House seats will Democrats win in Georgia?,yes-maker,5,94.0,0.0,100.0,6.0,6.38,118.0,0
2026-09-29T23:22:11+00:00,KXHOUSEWINSTATE-OHD,How many House seats will Democrats win in Ohio?,yes-maker,7,94.0,0.0,100.0,6.0,6.38,118.0,0
2026-09-29T23:22:11+00:00,KXLOWTMIN-26SEP30,"Lowest temperature in Minneapolis on Sep 30, 2026?",yes-maker,6,94.0,0.0,100.0,6.0,6.38,119.0,0
2026-09-29T23:22:11+00:00,KXHOUSEWINSTATE-MID,How many House seats will Democrats win in Michigan?,yes-maker,7,96.0,0.0,100.0,4.0,4.17,110.0,2
2026-09-29T23:22:11+00:00,KXLOWTSATX-26SEP30,"Lowest temperature in San Antonio on Sep 30, 2026?",yes-maker,6,96.0,0.0,100.0,4.0,4.17,116.0,2
2026-09-29T23:22:11+00:00,KXLOWTEWR-26SEP29,"Lowest temperature in Newark on Sep 29, 2026?",yes-maker,6,96.0,0.0,100.0,4.0,4.17,112.0,5
2026-09-29T23:22:11+00:00,KXLOWTAUS-26SEP30,"Lowest temperature in Austin on Sep 30, 2026?",yes-maker,6,97.0,0.0,100.0,3.0,3.09,110.0,0
2026-09-29T23:22:11+00:00,KXETHY-27JAN0100,Ethereum price at the end of 2026,yes-maker,18,98.3,0.0,100.0,1.7,1.73,98.60000000000001,0
2026-09-29T23:22:11+00:00,KXLOWTHOU-26SEP30,"Lowest temperature in Houston on Sep 30, 2026?",yes-maker,6,99.0,0.0,100.0,1.0,1.01,115.0,2
2026-09-29T23:22:11+00:00,KXHIGHTSATX-26SEP30,"Highest temperature in San Antonio on Sep 30, 2026?",yes-maker,6,99.0,0.0,100.0,1.0,1.01,102.0,1
2026-09-29T23:22:11+00:00,KXHIGHTSFO-26SEP29,"Highest temperature in San Francisco on Sep 29, 2026?",yes-maker,6,99.0,0.0,100.0,1.0,1.01,105.0,4
2026-09-30T02:14:34+00:00,KXLOWTSDF-26SEP30,"Lowest temperature in Louisville on Sep 30, 2026?",yes-maker,6,58.0,0.0,100.0,42.0,72.41,125.0,1
2026-09-30T02:14:34+00:00,KXLOWTDEN-26SEP30,"Lowest temperature in Denver on Sep 30, 2026?",yes-maker,6,66.0,0.0,100.0,34.0,51.52,119.0,0
2026-09-30T02:14:34+00:00,KXLOWTMIA-26SEP30,"Lowest temperature in Miami on Sep 30, 2026?",yes-maker,6,72.0,0.0,100.0,28.0,38.89,117.0,0
2026-09-30T02:14:34+00:00,KXGDPYEAR-36,US real GDP growth in 2036?,yes-maker,14,75.0,0.0,100.0,25.0,33.33,102.0,2
2026-09-30T02:14:34+00:00,KXLOWTCHI-26SEP30,"Lowest temperature in Chicago on Sep 30, 2026?",yes-maker,6,75.0,0.0,100.0,25.0,33.33,103.0,1
2026-09-30T02:14:34+00:00,KXLOWTTTN-26SEP30,"Lowest temperature in Trenton on Sep 30, 2026?",yes-maker,6,76.0,0.0,100.0,24.0,31.58,130.0,3
2026-09-30T02:14:34+00:00,KXUSDJPY-26SEP3010,"USD/JPY price on Sep 30, 2026 at 10am EDT?",yes-maker,15,77.0,0.0,100.0,23.0,29.87,96.0,1
2026-09-30T02:14:34+00:00,KXLOWTDC-26SEP30,"Lowest temperature in Washington DC on Sep 30, 2026?",yes-maker,6,78.0,0.0,100.0,22.0,28.21,128.0,2
2026-09-30T02:14:34+00:00,KXHIGHTSAN-26SEP30,"Highest temperature in San Diego on Sep 30, 2026?",yes-maker,6,78.0,0.0,100.0,22.0,28.21,122.0,1
2026-09-30T02:14:34+00:00,KXGDPYEAR-30,US real GDP growth in 2030?,yes-maker,14,80.0,0.0,100.0,20.0,25.00,109.0,3
2026-09-30T02:14:34+00:00,KXLOWTMIN-26SEP30,"Lowest temperature in Minneapolis on Sep 30, 2026?",yes-maker,6,80.0,0.0,100.0,20.0,25.00,129.0,0
2026-09-30T02:14:34+00:00,KXGDPYEAR-32,US real GDP growth in 2032?,yes-maker,14,81.0,0.0,100.0,19.0,23.46,108.0,0
2026-09-30T02:14:34+00:00,KXHIGHTSDF-26SEP30,"Highest temperature in Louisville on Sep 30, 2026?",yes-maker,6,81.0,0.0,100.0,19.0,23.46,103.0,2
2026-09-30T02:14:34+00:00,KXLOWTATL-26SEP30,"Lowest temperature in Atlanta on Sep 30, 2026?",yes-maker,6,82.0,0.0,100.0,18.0,21.95,120.0,1
2026-09-30T02:14:34+00:00,KXLOWTNYC-26SEP30,"Lowest temperature in New York City on Sep 30, 2026?",yes-maker,6,83.0,0.0,100.0,17.0,20.48,114.0,2
2026-09-30T02:14:34+00:00,KXGDPYEAR-34,US real GDP growth in 2034?,yes-maker,14,84.0,0.0,100.0,16.0,19.05,106.0,0
2026-09-30T02:14:34+00:00,KXLOWTLV-26SEP30,"Lowest temperature in Las Vegas on Sep 30, 2026?",yes-maker,6,85.0,0.0,100.0,15.0,17.65,108.0,1
2026-09-30T02:14:34+00:00,KXEOTRUMPTERM-29JAN20,How many executive orders will Trump sign in his second term?,yes-maker,12,85.3,0.0,100.0,14.7,17.23,99.0,0
2026-09-30T02:14:34+00:00,KXGDPYEAR-29,US real GDP growth in 2029?,yes-maker,14,86.0,0.0,100.0,14.0,16.28,129.0,1
2026-09-30T02:14:34+00:00,KXVHGCB-26OCT02,"Generic congressional ballot on Oct 2, 2026?",yes-maker,7,86.0,0.0,100.0,14.0,16.28,113.0,0
2026-09-30T02:14:34+00:00,KXLOWTAUS-26SEP30,"Lowest temperature in Austin on Sep 30, 2026?",yes-maker,6,86.0,0.0,100.0,14.0,16.28,106.0,0
2026-09-30T02:14:34+00:00,KXHIGHTTTN-26SEP30,"Highest temperature in Trenton on Sep 30, 2026?",yes-maker,6,87.0,0.0,100.0,13.0,14.94,102.0,2
2026-09-30T02:14:34+00:00,KXGDPYEAR-35,US real GDP growth in 2035?,yes-maker,14,88.0,0.0,100.0,12.0,13.64,120.0,0
2026-09-30T02:14:34+00:00,KXGDPYEAR-28,US real GDP growth in 2028?,yes-maker,14,89.0,0.0,100.0,11.0,12.36,122.0,2
2026-09-30T02:14:34+00:00,KXHIGHTEWR-26SEP30,"Highest temperature in Newark on Sep 30, 2026?",yes-maker,6,89.0,0.0,100.0,11.0,12.36,105.0,2
2026-09-30T02:14:34+00:00,KXGDPYEAR-27,US real GDP growth in 2027?,yes-maker,14,90.0,0.0,100.0,10.0,11.11,126.0,1
2026-09-30T02:14:34+00:00,KXHOUSEWINSTATE-AZD,How many House seats will Democrats win in Arizona?,yes-maker,6,90.0,0.0,100.0,10.0,11.11,109.0,1
2026-09-30T02:14:34+00:00,KXSOCKEYERUN-27,Bristol Bay sockeye run forecast for 2027,yes-maker,6,90.0,0.0,100.0,10.0,11.11,118.0,1
2026-09-30T02:14:34+00:00,KXLOWTPHX-26SEP30,"Lowest temperature in Phoenix on Sep 30, 2026?",yes-maker,6,91.0,0.0,100.0,9.0,9.89,115.0,2
2026-09-30T02:14:34+00:00,KXGDPYEAR-31,US real GDP growth in 2031?,yes-maker,14,92.0,0.0,100.0,8.0,8.70,130.0,0
2026-09-30T02:14:34+00:00,KXGDPYEAR-26,US real GDP growth in 2026?,yes-maker,14,92.1,0.0,100.0,7.9,8.58,113.6,9
2026-09-30T02:14:34+00:00,KXLOWTSFO-26SEP30,"Lowest temperature in San Francisco on Sep 30, 2026?",yes-maker,6,93.0,0.0,100.0,7.0,7.53,108.0,1
2026-09-30T02:14:34+00:00,KXLOWTBOS-26SEP30,"Lowest temperature in Boston on Sep 30, 2026?",yes-maker,6,93.0,0.0,100.0,7.0,7.53,101.0,0
2026-09-30T02:14:34+00:00,KXHOUSEWINSTATE-GAD,How many House seats will Democrats win in Georgia?,yes-maker,5,94.0,0.0,100.0,6.0,6.38,118.0,0
2026-09-30T02:14:34+00:00,KXHOUSEWINSTATE-FLD,How many House seats will Democrats win in Florida?,yes-maker,9,95.0,0.0,100.0,5.0,5.26,128.0,1
2026-09-30T02:14:34+00:00,KXHOUSEWINSTATE-OHD,How many House seats will Democrats win in Ohio?,yes-maker,7,95.0,0.0,100.0,5.0,5.26,117.0,0
2026-09-30T02:14:34+00:00,KXLOWTLAX-26SEP30,"Lowest temperature in Los Angeles on Sep 30, 2026?",yes-maker,6,95.0,0.0,100.0,5.0,5.26,105.0,0
2026-09-30T02:14:34+00:00,KXLOWTDAL-26SEP30,"Lowest temperature in Dallas on Sep 30, 2026?",yes-maker,6,96.0,0.0,100.0,4.0,4.17,117.0,1
2026-09-30T02:14:34+00:00,KXHOUSEWINSTATE-PAD,How many House seats will Democrats win in Pennsylvania?,yes-maker,8,97.0,0.0,100.0,3.0,3.09,110.0,1
2026-09-30T02:14:34+00:00,KXHOUSEWINSTATE-MID,How many House seats will Democrats win in Michigan?,yes-maker,7,97.0,0.0,100.0,3.0,3.09,110.0,2
2026-09-30T02:14:34+00:00,KXLOWTEWR-26SEP29,"Lowest temperature in Newark on Sep 29, 2026?",yes-maker,6,97.0,0.0,100.0,3.0,3.09,111.0,4
2026-09-30T02:14:34+00:00,KXLOWTDEN-26SEP29,"Lowest temperature in Denver on Sep 29, 2026?",yes-maker,6,97.0,0.0,100.0,3.0,3.09,113.0,4
2026-09-30T02:14:34+00:00,KXETHY-27JAN0100,Ethereum price at the end of 2026,yes-maker,18,97.9,0.0,100.0,2.1,2.15,99.8,0
2026-09-30T02:14:34+00:00,KXHIGHTSEA-26SEP30,"Highest temperature in Seattle on Sep 30, 2026?",yes-maker,6,98.0,0.0,100.0,2.0,2.04,98.0,1
2026-09-30T02:14:34+00:00,KXLOWTMIN-26SEP29,"Lowest temperature in Minneapolis on Sep 29, 2026?",yes-maker,6,98.0,0.0,100.0,2.0,2.04,118.0,3
2026-09-30T02:14:34+00:00,KXHIGHTSATX-26SEP30,"Highest temperature in San Antonio on Sep 30, 2026?",yes-maker,6,99.0,0.0,100.0,1.0,1.01,100.0,1
2026-09-30T02:14:34+00:00,KXLOWTHOU-26SEP29,"Lowest temperature in Houston on Sep 29, 2026?",yes-maker,6,99.0,0.0,100.0,1.0,1.01,109.0,5
2026-09-30T08:49:02+00:00,KXLOWTCHI-26SEP30,"Lowest temperature in Chicago on Sep 30, 2026?",yes-maker,6,67.0,0.0,100.0,33.0,49.25,110.0,1
2026-09-30T08:49:02+00:00,KXLOWTMIA-26SEP30,"Lowest temperature in Miami on Sep 30, 2026?",yes-maker,6,69.0,0.0,100.0,31.0,44.93,125.00000000000001,1
2026-09-30T08:49:02+00:00,KXLOWTDC-26SEP30,"Lowest temperature in Washington DC on Sep 30, 2026?",yes-maker,6,71.0,0.0,100.0,29.0,40.85,120.0,1
2026-09-30T08:49:02+00:00,KXGDPYEAR-36,US real GDP growth in 2036?,yes-maker,14,72.0,0.0,100.0,28.0,38.89,102.0,2
2026-09-30T08:49:02+00:00,KXLOWTLV-26SEP30,"Lowest temperature in Las Vegas on Sep 30, 2026?",yes-maker,6,73.0,0.0,100.0,27.0,36.99,107.0,1
2026-09-30T08:49:02+00:00,KXGDPYEAR-29,US real GDP growth in 2029?,yes-maker,14,75.0,0.0,100.0,25.0,33.33,129.0,1
2026-09-30T08:49:02+00:00,KXLOWTNYC-26SEP30,"Lowest temperature in New York City on Sep 30, 2026?",yes-maker,6,76.0,0.0,100.0,24.0,31.58,114.0,2
2026-09-30T08:49:02+00:00,KXGDPYEAR-34,US real GDP growth in 2034?,yes-maker,14,77.0,0.0,100.0,23.0,29.87,111.0,0
2026-09-30T08:49:02+00:00,KXLOWTBOS-26SEP30,"Lowest temperature in Boston on Sep 30, 2026?",yes-maker,6,77.0,0.0,100.0,23.0,29.87,104.0,1
2026-09-30T08:49:02+00:00,KXLOWTSDF-26SEP30,"Lowest temperature in Louisville on Sep 30, 2026?",yes-maker,6,79.0,0.0,100.0,21.0,26.58,129.0,2
2026-09-30T08:49:02+00:00,KXGDPYEAR-32,US real GDP growth in 2032?,yes-maker,14,80.0,0.0,100.0,20.0,25.00,118.0,0
2026-09-30T08:49:02+00:00,KXGDPYEAR-30,US real GDP growth in 2030?,yes-maker,14,80.0,0.0,100.0,20.0,25.00,122.0,3
2026-09-30T08:49:02+00:00,KXHIGHTSDF-26SEP30,"Highest temperature in Louisville on Sep 30, 2026?",yes-maker,6,81.0,0.0,100.0,19.0,23.46,107.0,1
2026-09-30T08:49:02+00:00,KXGDPYEAR-28,US real GDP growth in 2028?,yes-maker,14,84.0,0.0,100.0,16.0,19.05,122.0,2
2026-09-30T08:49:02+00:00,KXGDPYEAR-27,US real GDP growth in 2027?,yes-maker,14,84.0,0.0,100.0,16.0,19.05,130.0,1
2026-09-30T08:49:02+00:00,KXLOWTATL-26SEP30,"Lowest temperature in Atlanta on Sep 30, 2026?",yes-maker,6,84.0,0.0,100.0,16.0,19.05,126.00000000000001,1
2026-09-30T08:49:02+00:00,KXGDPYEAR-35,US real GDP growth in 2035?,yes-maker,14,85.0,0.0,100.0,15.0,17.65,120.0,0
2026-09-30T08:49:02+00:00,KXHOUSEWINSTATE-AZD,How many House seats will Democrats win in Arizona?,yes-maker,6,85.0,0.0,100.0,15.0,17.65,112.0,1
2026-09-30T08:49:02+00:00,KXEOTRUMPTERM-29JAN20,How many executive orders will Trump sign in his second term?,yes-maker,12,85.3,0.0,100.0,14.7,17.23,99.0,0
2026-09-30T08:49:02+00:00,KXGDPYEAR-26,US real GDP growth in 2026?,yes-maker,14,85.9,0.0,100.0,14.1,16.41,111.7,9
2026-09-30T08:49:02+00:00,KXLOWTLAX-26SEP30,"Lowest temperature in Los Angeles on Sep 30, 2026?",yes-maker,6,86.0,0.0,100.0,14.0,16.28,105.0,2
2026-09-30T08:49:02+00:00,KXHIGHTTTN-26SEP30,"Highest temperature in Trenton on Sep 30, 2026?",yes-maker,6,86.0,0.0,100.0,14.0,16.28,107.0,2
2026-09-30T08:49:02+00:00,KXHIGHTSAN-26SEP30,"Highest temperature in San Diego on Sep 30, 2026?",yes-maker,6,86.0,0.0,100.0,14.0,16.28,115.0,2
2026-09-30T08:49:02+00:00,KXSOCKEYERUN-27,Bristol Bay sockeye run forecast for 2027,yes-maker,6,88.0,0.0,100.0,12.0,13.64,118.0,1
2026-09-30T08:49:02+00:00,KXHIGHTEWR-26SEP30,"Highest temperature in Newark on Sep 30, 2026?",yes-maker,6,88.0,0.0,100.0,12.0,13.64,119.0,2
2026-09-30T08:49:02+00:00,KXLOWTHOU-26SEP30,"Lowest temperature in Houston on Sep 30, 2026?",yes-maker,6,89.0,0.0,100.0,11.0,12.36,124.0,2
2026-09-30T08:49:02+00:00,KXHOUSEWINSTATE-FLD,How many House seats will Democrats win in Florida?,yes-maker,9,91.0,0.0,100.0,9.0,9.89,129.0,1
2026-09-30T08:49:02+00:00,KXVHGCB-26OCT02,"Generic congressional ballot on Oct 2, 2026?",yes-maker,7,91.0,0.0,100.0,9.0,9.89,111.0,0
2026-09-30T08:49:02+00:00,KXLOWTSATX-26SEP30,"Lowest temperature in San Antonio on Sep 30, 2026?",yes-maker,6,91.0,0.0,100.0,9.0,9.89,121.0,3
2026-09-30T08:49:02+00:00,KXHOUSEWINSTATE-GAD,How many House seats will Democrats win in Georgia?,yes-maker,5,92.0,0.0,100.0,8.0,8.70,118.0,0
2026-09-30T08:49:02+00:00,KXHOUSEWINSTATE-OHD,How many House seats will Democrats win in Ohio?,yes-maker,7,92.0,0.0,100.0,8.0,8.70,118.0,0
2026-09-30T08:49:02+00:00,KXLOWTSFO-26SEP30,"Lowest temperature in San Francisco on Sep 30, 2026?",yes-maker,6,92.0,0.0,100.0,8.0,8.70,126.0,2
2026-09-30T08:49:02+00:00,KXHOUSEWINSTATE-PAD,How many House seats will Democrats win in Pennsylvania?,yes-maker,8,93.0,0.0,100.0,7.0,7.53,113.0,1
2026-09-30T08:49:02+00:00,KXHOUSEWINSTATE-MID,How many House seats will Democrats win in Michigan?,yes-maker,7,93.0,0.0,100.0,7.0,7.53,112.0,2
2026-09-30T08:49:02+00:00,KXLOWTDEN-26SEP30,"Lowest temperature in Denver on Sep 30, 2026?",yes-maker,6,96.0,0.0,100.0,4.0,4.17,113.0,2
2026-09-30T08:49:02+00:00,KXUSDJPY-26SEP3010,"USD/JPY price on Sep 30, 2026 at 10am EDT?",yes-maker,15,97.0,0.0,100.0,3.0,3.09,117.0,0
2026-09-30T08:49:02+00:00,KXETHY-27JAN0100,Ethereum price at the end of 2026,yes-maker,18,98.1,0.0,100.0,1.9,1.94,99.9,0
2026-09-30T15:32:30+00:00,KXHIGHTSDF-26SEP30,"Highest temperature in Louisville on Sep 30, 2026?",yes-maker,6,25.0,0.0,100.0,75.0,300.00,101.0,1
2026-09-30T15:32:30+00:00,KXLOWTLV-26SEP30,"Lowest temperature in Las Vegas on Sep 30, 2026?",yes-maker,6,67.0,0.0,100.0,33.0,49.25,108.0,4
2026-09-30T15:32:30+00:00,KXGDPYEAR-36,US real GDP growth in 2036?,yes-maker,14,75.0,0.0,100.0,25.0,33.33,102.0,2
2026-09-30T15:32:30+00:00,KXLOWTPHIL-26OCT01,"Lowest temperature in Philadelphia on Oct 1, 2026?",yes-maker,6,75.0,0.0,100.0,25.0,33.33,99.99999999999999,1
2026-09-30T15:32:30+00:00,KXGDPYEAR-34,US real GDP growth in 2034?,yes-maker,14,80.0,0.0,100.0,20.0,25.00,107.0,0
2026-09-30T15:32:30+00:00,KXGDPYEAR-32,US real GDP growth in 2032?,yes-maker,14,80.0,0.0,100.0,20.0,25.00,107.0,0
2026-09-30T15:32:30+00:00,KXLOWTSEA-26OCT01,"Lowest temperature in Seattle on Oct 1, 2026?",yes-maker,6,81.0,0.0,100.0,19.0,23.46,116.0,2
2026-09-30T15:32:30+00:00,KXGDPYEAR-30,US real GDP growth in 2030?,yes-maker,14,83.0,0.0,100.0,17.0,20.48,118.0,3
2026-09-30T15:32:30+00:00,KXHIGHTTTN-26SEP30,"Highest temperature in Trenton on Sep 30, 2026?",yes-maker,6,83.0,0.0,100.0,17.0,20.48,96.0,2
2026-09-30T15:32:30+00:00,KXLOWTSATX-26OCT01,"Lowest temperature in San Antonio on Oct 1, 2026?",yes-maker,6,84.0,0.0,100.0,16.0,19.05,115.0,1
2026-09-30T15:32:30+00:00,KXLOWTAUS-26OCT01,"Lowest temperature in Austin on Oct 1, 2026?",yes-maker,6,84.0,0.0,100.0,16.0,19.05,114.0,0
2026-09-30T15:32:30+00:00,KXGDPYEAR-29,US real GDP growth in 2029?,yes-maker,14,85.0,0.0,100.0,15.0,17.65,128.0,1
2026-09-30T15:32:30+00:00,KXLOWTNOLA-26OCT01,"Lowest temperature in New Orleans on Oct 1, 2026?",yes-maker,6,85.0,0.0,100.0,15.0,17.65,100.0,1
2026-09-30T15:32:30+00:00,KXEOTRUMPTERM-29JAN20,How many executive orders will Trump sign in his second term?,yes-maker,12,85.3,0.0,100.0,14.7,17.23,99.0,0
2026-09-30T15:32:30+00:00,KXHIGHTSEA-26OCT01,"Highest temperature in Seattle on Oct 1, 2026?",yes-maker,6,87.0,0.0,100.0,13.0,14.94,104.0,0
2026-09-30T15:32:30+00:00,KXGDPYEAR-35,US real GDP growth in 2035?,yes-maker,14,88.0,0.0,100.0,12.0,13.64,119.0,0
2026-09-30T15:32:30+00:00,KXGDPYEAR-28,US real GDP growth in 2028?,yes-maker,14,88.0,0.0,100.0,12.0,13.64,122.0,2
2026-09-30T15:32:30+00:00,KXHOUSEWINSTATE-AZD,How many House seats will Democrats win in Arizona?,yes-maker,6,88.0,0.0,100.0,12.0,13.64,113.0,1
2026-09-30T15:32:30+00:00,KXLOWTBOS-26OCT01,"Lowest temperature in Boston on Oct 1, 2026?",yes-maker,6,88.0,0.0,100.0,12.0,13.64,110.0,1
2026-09-30T15:32:30+00:00,KXSOCKEYERUN-27,Bristol Bay sockeye run forecast for 2027,yes-maker,6,89.0,0.0,100.0,11.0,12.36,115.0,1
2026-09-30T15:32:30+00:00,KXHIGHTEWR-26SEP30,"Highest temperature in Newark on Sep 30, 2026?",yes-maker,6,89.0,0.0,100.0,11.0,12.36,103.0,2
2026-09-30T15:32:30+00:00,KXGDPYEAR-27,US real GDP growth in 2027?,yes-maker,14,90.0,0.0,100.0,10.0,11.11,126.0,1
2026-09-30T15:32:30+00:00,KXHOUSEWINSTATE-PAD,How many House seats will Democrats win in Pennsylvania?,yes-maker,8,90.0,0.0,100.0,10.0,11.11,109.0,1
2026-09-30T15:32:30+00:00,KXLOWTMIA-26OCT01,"Lowest temperature in Miami on Oct 1, 2026?",yes-maker,6,90.0,0.0,100.0,10.0,11.11,111.0,0
2026-09-30T15:32:30+00:00,KXHOUSEWINSTATE-MID,How many House seats will Democrats win in Michigan?,yes-maker,7,91.0,0.0,100.0,9.0,9.89,115.0,2
2026-09-30T15:32:30+00:00,KXLOWTDC-26OCT01,"Lowest temperature in Washington DC on Oct 1, 2026?",yes-maker,6,91.0,0.0,100.0,9.0,9.89,110.0,2
2026-09-30T15:32:30+00:00,KXLOWTCHI-26SEP30,"Lowest temperature in Chicago on Sep 30, 2026?",yes-maker,6,92.0,0.0,100.0,8.0,8.70,118.0,3
2026-09-30T15:32:30+00:00,KXHOUSEWINSTATE-NYD,How many House seats will Democrats win in New York?,yes-maker,10,93.0,0.0,100.0,7.0,7.53,121.0,2
2026-09-30T15:32:30+00:00,KXLOWTSFO-26OCT01,"Lowest temperature in San Francisco on Oct 1, 2026?",yes-maker,6,93.0,0.0,100.0,7.0,7.53,120.0,1
2026-09-30T15:32:30+00:00,KXLOWTLV-26OCT01,"Lowest temperature in Las Vegas on Oct 1, 2026?",yes-maker,6,93.0,0.0,100.0,7.0,7.53,111.0,1
2026-09-30T15:32:30+00:00,KXLOWTATL-26OCT01,"Lowest temperature in Atlanta on Oct 1, 2026?",yes-maker,6,93.0,0.0,100.0,7.0,7.53,112.0,0
2026-09-30T15:32:30+00:00,KXHIGHTSFO-26OCT01,"Highest temperature in San Francisco on Oct 1, 2026?",yes-maker,6,93.0,0.0,100.0,7.0,7.53,109.00000000000001,0
2026-09-30T15:32:30+00:00,KXHOUSEWINSTATE-GAD,How many House seats will Democrats win in Georgia?,yes-maker,5,94.0,0.0,100.0,6.0,6.38,119.0,0
2026-09-30T15:32:30+00:00,KXHIGHPHIL-26OCT01,"Highest temperature in Philadelphia on Oct 1, 2026?",yes-maker,6,94.0,0.0,100.0,6.0,6.38,105.0,0
2026-09-30T15:32:30+00:00,KXLOWTSATX-26SEP30,"Lowest temperature in San Antonio on Sep 30, 2026?",yes-maker,6,94.0,0.0,100.0,6.0,6.38,113.0,3
2026-09-30T15:32:30+00:00,KXHOUSEWINSTATE-OHD,How many House seats will Democrats win in Ohio?,yes-maker,7,95.0,0.0,100.0,5.0,5.26,125.0,0
2026-09-30T15:32:30+00:00,KXLOWTPHX-26OCT01,"Lowest temperature in Phoenix on Oct 1, 2026?",yes-maker,6,95.0,0.0,100.0,5.0,5.26,107.0,2
2026-09-30T15:32:30+00:00,KXHIGHTNOLA-26OCT01,"Highest temperature in New Orleans on Oct 1, 2026?",yes-maker,6,95.0,0.0,100.0,5.0,5.26,103.0,1
2026-09-30T15:32:30+00:00,KXHIGHTHOU-26OCT01,"Highest temperature in Houston on Oct 1, 2026?",yes-maker,6,95.0,0.0,100.0,5.0,5.26,107.0,1
2026-09-30T15:32:30+00:00,KXVHGCB-26OCT02,"Generic congressional ballot on Oct 2, 2026?",yes-maker,7,95.0,0.0,100.0,5.0,5.26,108.0,0
2026-09-30T15:32:30+00:00,KXLOWTMIA-26SEP30,"Lowest temperature in Miami on Sep 30, 2026?",yes-maker,6,95.0,0.0,100.0,5.0,5.26,121.0,1
2026-09-30T15:32:30+00:00,KXLOWTLAX-26SEP30,"Lowest temperature in Los Angeles on Sep 30, 2026?",yes-maker,6,95.0,0.0,100.0,5.0,5.26,109.0,3
2026-09-30T15:32:30+00:00,KXLOWTDEN-26SEP30,"Lowest temperature in Denver on Sep 30, 2026?",yes-maker,6,95.0,0.0,100.0,5.0,5.26,127.0,2
2026-09-30T15:32:30+00:00,KXUSDJPY-26OCT0110,"USD/JPY price on Oct 1, 2026 at 10am EDT?",yes-maker,15,95.0,0.0,100.0,5.0,5.26,113.0,0
2026-09-30T15:32:30+00:00,KXHIGHTDC-26OCT01,"Highest temperature in Washington DC on Oct 1, 2026?",yes-maker,6,96.0,0.0,100.0,4.0,4.17,106.0,0
2026-09-30T15:32:30+00:00,KXHIGHTBOS-26OCT01,"Highest temperature in Boston on Oct 1, 2026?",yes-maker,6,96.0,0.0,100.0,4.0,4.17,104.0,0
2026-09-30T15:32:30+00:00,KXLOWTBOS-26SEP30,"Lowest temperature in Boston on Sep 30, 2026?",yes-maker,6,96.0,0.0,100.0,4.0,4.17,119.0,1
2026-09-30T15:32:30+00:00,KXHIGHTSFO-26SEP30,"Highest temperature in San Francisco on Sep 30, 2026?",yes-maker,6,96.0,0.0,100.0,4.0,4.17,96.0,0
2026-09-30T15:32:30+00:00,KXLOWTOKC-26OCT01,"Lowest temperature in Oklahoma City on Oct 1, 2026?",yes-maker,6,97.0,0.0,100.0,3.0,3.09,112.0,0
2026-09-30T15:32:30+00:00,KXLOWTCHI-26OCT01,"Lowest temperature in Chicago on Oct 1, 2026?",yes-maker,6,97.0,0.0,100.0,3.0,3.09,117.0,0
2026-09-30T15:32:30+00:00,KXHIGHTPHX-26OCT01,"Highest temperature in Phoenix on Oct 1, 2026?",yes-maker,6,97.0,0.0,100.0,3.0,3.09,103.0,0
2026-09-30T15:32:30+00:00,KXHIGHDEN-26OCT01,"Highest temperature in Denver on Oct 1, 2026?",yes-maker,6,97.0,0.0,100.0,3.0,3.09,103.0,0
2026-09-30T15:32:30+00:00,KXLOWTPHX-26SEP30,"Lowest temperature in Phoenix on Sep 30, 2026?",yes-maker,6,97.0,0.0,100.0,3.0,3.09,111.0,4
2026-09-30T15:32:30+00:00,KXLOWTDAL-26SEP30,"Lowest temperature in Dallas on Sep 30, 2026?",yes-maker,6,97.0,0.0,100.0,3.0,3.09,115.0,0
2026-09-30T15:32:30+00:00,KXHIGHTLV-26SEP30,"Highest temperature in Las Vegas on Sep 30, 2026?",yes-maker,6,97.0,0.0,100.0,3.0,3.09,100.0,2
2026-09-30T15:32:30+00:00,KXGDPYEAR-26,US real GDP growth in 2026?,yes-maker,14,97.1,0.0,100.0,2.9,2.99,112.80000000000001,9
2026-09-30T15:32:30+00:00,KXETHY-27JAN0100,Ethereum price at the end of 2026,yes-maker,18,97.7,0.0,100.0,2.3,2.35,99.4,0
2026-09-30T15:32:30+00:00,KXHIGHTMIN-26OCT01,"Highest temperature in Minneapolis on Oct 1, 2026?",yes-maker,6,98.0,0.0,100.0,2.0,2.04,102.0,0
2026-09-30T15:32:30+00:00,KXHIGHTLV-26OCT01,"Highest temperature in Las Vegas on Oct 1, 2026?",yes-maker,6,98.0,0.0,100.0,2.0,2.04,107.0,1
2026-09-30T15:32:30+00:00,KXLOWTSFO-26SEP30,"Lowest temperature in San Francisco on Sep 30, 2026?",yes-maker,6,98.0,0.0,100.0,2.0,2.04,110.0,4
2026-09-30T15:32:30+00:00,KXLOWTDAL-26OCT01,"Lowest temperature in Dallas on Oct 1, 2026?",yes-maker,6,99.0,0.0,100.0,1.0,1.01,124.0,0
2026-09-30T15:32:30+00:00,KXHIGHMIA-26OCT01,"Highest temperature in Miami on Oct 1, 2026?",yes-maker,6,99.0,0.0,100.0,1.0,1.01,101.0,0
2026-09-30T15:32:30+00:00,KXLOWTEWR-26SEP30,"Lowest temperature in Newark on Sep 30, 2026?",yes-maker,6,99.0,0.0,100.0,1.0,1.01,110.0,5
2026-09-30T20:28:13+00:00,KXLOWTMIN-26OCT01,"Lowest temperature in Minneapolis on Oct 1, 2026?",yes-maker,6,68.0,0.0,100.0,32.0,47.06,123.0,0
2026-09-30T20:28:13+00:00,KXLOWTAUS-26OCT01,"Lowest temperature in Austin on Oct 1, 2026?",yes-maker,6,71.0,0.0,100.0,29.0,40.85,124.0,0
2026-09-30T20:28:13+00:00,KXLOWTMIA-26OCT01,"Lowest temperature in Miami on Oct 1, 2026?",yes-maker,6,72.0,0.0,100.0,28.0,38.89,121.0,0
2026-09-30T20:28:13+00:00,KXGDPYEAR-36,US real GDP growth in 2036?,yes-maker,14,76.0,0.0,100.0,24.0,31.58,99.0,2
2026-09-30T20:28:13+00:00,KXLOWTDAL-26OCT01,"Lowest temperature in Dallas on Oct 1, 2026?",yes-maker,6,76.0,0.0,100.0,24.0,31.58,129.0,0
2026-09-30T20:28:13+00:00,KXLOWTDC-26OCT01,"Lowest temperature in Washington DC on Oct 1, 2026?",yes-maker,6,77.0,0.0,100.0,23.0,29.87,119.0,2
2026-09-30T20:28:13+00:00,KXHIGHTTTN-26SEP30,"Highest temperature in Trenton on Sep 30, 2026?",yes-maker,6,77.0,0.0,100.0,23.0,29.87,107.0,4
2026-09-30T20:28:13+00:00,KXGDPYEAR-34,US real GDP growth in 2034?,yes-maker,14,79.0,0.0,100.0,21.0,26.58,106.0,0
2026-09-30T20:28:13+00:00,KXGDPYEAR-32,US real GDP growth in 2032?,yes-maker,14,80.0,0.0,100.0,20.0,25.00,106.0,0
2026-09-30T20:28:13+00:00,KXLOWTOKC-26SEP30,"Lowest temperature in Oklahoma City on Sep 30, 2026?",yes-maker,6,82.0,0.0,100.0,18.0,21.95,125.0,0
2026-09-30T20:28:13+00:00,KXLOWTSEA-26OCT01,"Lowest temperature in Seattle on Oct 1, 2026?",yes-maker,6,83.0,0.0,100.0,17.0,20.48,120.0,2
2026-09-30T20:28:13+00:00,KXLOWTNYC-26OCT01,"Lowest temperature in New York City on Oct 1, 2026?",yes-maker,6,83.0,0.0,100.0,17.0,20.48,130.0,1
2026-09-30T20:28:13+00:00,KXLOWTLV-26OCT01,"Lowest temperature in Las Vegas on Oct 1, 2026?",yes-maker,6,83.0,0.0,100.0,17.0,20.48,114.0,2
2026-09-30T20:28:13+00:00,KXGDPYEAR-30,US real GDP growth in 2030?,yes-maker,14,84.0,0.0,100.0,16.0,19.05,119.0,3
2026-09-30T20:28:13+00:00,KXGDPYEAR-29,US real GDP growth in 2029?,yes-maker,14,85.0,0.0,100.0,15.0,17.65,128.0,1
2026-09-30T20:28:13+00:00,KXEOTRUMPTERM-29JAN20,How many executive orders will Trump sign in his second term?,yes-maker,12,85.3,0.0,100.0,14.7,17.23,99.0,0
2026-09-30T20:28:13+00:00,KXGDPYEAR-35,US real GDP growth in 2035?,yes-maker,14,88.0,0.0,100.0,12.0,13.64,119.0,0
2026-09-30T20:28:13+00:00,KXGDPYEAR-28,US real GDP growth in 2028?,yes-maker,14,88.0,0.0,100.0,12.0,13.64,122.0,2
2026-09-30T20:28:13+00:00,KXSOCKEYERUN-27,Bristol Bay sockeye run forecast for 2027,yes-maker,6,88.0,0.0,100.0,12.0,13.64,115.0,1
2026-09-30T20:28:13+00:00,KXLOWTSATX-26OCT01,"Lowest temperature in San Antonio on Oct 1, 2026?",yes-maker,6,88.0,0.0,100.0,12.0,13.64,109.0,0
2026-09-30T20:28:13+00:00,KXLOWTPHIL-26OCT01,"Lowest temperature in Philadelphia on Oct 1, 2026?",yes-maker,6,90.0,0.0,100.0,10.0,11.11,124.0,3
2026-09-30T20:28:13+00:00,KXLOWTDAL-26SEP30,"Lowest temperature in Dallas on Sep 30, 2026?",yes-maker,6,90.0,0.0,100.0,10.0,11.11,112.0,0
2026-09-30T20:28:13+00:00,KXHIGHTSDF-26SEP30,"Highest temperature in Louisville on Sep 30, 2026?",yes-maker,6,90.0,0.0,100.0,10.0,11.11,102.0,3
2026-09-30T20:28:13+00:00,KXHIGHTSATX-26SEP30,"Highest temperature in San Antonio on Sep 30, 2026?",yes-maker,6,90.0,0.0,100.0,10.0,11.11,101.0,2
2026-09-30T20:28:13+00:00,KXGDPYEAR-31,US real GDP growth in 2031?,yes-maker,14,91.0,0.0,100.0,9.0,9.89,130.0,0
2026-09-30T20:28:13+00:00,KXLOWTBOS-26OCT01,"Lowest temperature in Boston on Oct 1, 2026?",yes-maker,6,91.0,0.0,100.0,9.0,9.89,108.0,0
2026-09-30T20:28:13+00:00,KXLOWTOKC-26OCT01,"Lowest temperature in Oklahoma City on Oct 1, 2026?",yes-maker,6,92.0,0.0,100.0,8.0,8.70,112.0,0
2026-09-30T20:28:13+00:00,KXUSDJPY-26OCT0110,"USD/JPY price on Oct 1, 2026 at 10am EDT?",yes-maker,15,92.0,0.0,100.0,8.0,8.70,109.0,0
2026-09-30T20:28:13+00:00,KXHOUSEWINSTATE-PAD,How many House seats will Democrats win in Pennsylvania?,yes-maker,8,93.0,0.0,100.0,7.0,7.53,108.0,1
2026-09-30T20:28:13+00:00,KXHOUSEWINSTATE-NYD,How many House seats will Democrats win in New York?,yes-maker,10,93.0,0.0,100.0,7.0,7.53,121.0,2
2026-09-30T20:28:13+00:00,KXHOUSEWINSTATE-AZD,How many House seats will Democrats win in Arizona?,yes-maker,6,93.0,0.0,100.0,7.0,7.53,114.0,1
2026-09-30T20:28:13+00:00,KXLOWTPHX-26OCT01,"Lowest temperature in Phoenix on Oct 1, 2026?",yes-maker,6,93.0,0.0,100.0,7.0,7.53,111.0,2
2026-09-30T20:28:13+00:00,KXLOWTNOLA-26OCT01,"Lowest temperature in New Orleans on Oct 1, 2026?",yes-maker,6,93.0,0.0,100.0,7.0,7.53,109.0,2
2026-09-30T20:28:13+00:00,KXLOWTHOU-26OCT01,"Lowest temperature in Houston on Oct 1, 2026?",yes-maker,6,93.0,0.0,100.0,7.0,7.53,110.0,1
2026-09-30T20:28:13+00:00,KXHOUSEWINSTATE-GAD,How many House seats will Democrats win in Georgia?,yes-maker,5,94.0,0.0,100.0,6.0,6.38,119.0,0
2026-09-30T20:28:13+00:00,KXLOWTATL-26OCT01,"Lowest temperature in Atlanta on Oct 1, 2026?",yes-maker,6,94.0,0.0,100.0,6.0,6.38,116.0,1
2026-09-30T20:28:13+00:00,KXHIGHTOKC-26OCT01,"Highest temperature in Oklahoma City on Oct 1, 2026?",yes-maker,6,94.0,0.0,100.0,6.0,6.38,104.0,0
2026-09-30T20:28:13+00:00,KXHOUSEWINSTATE-OHD,How many House seats will Democrats win in Ohio?,yes-maker,7,95.0,0.0,100.0,5.0,5.26,122.0,0
2026-09-30T20:28:13+00:00,KXVHGCB-26OCT01,"Generic congressional ballot on Oct 1, 2026?",yes-maker,9,95.0,0.0,100.0,5.0,5.26,120.0,0
2026-09-30T20:28:13+00:00,KXHOUSEWINSTATE-MID,How many House seats will Democrats win in Michigan?,yes-maker,7,96.0,0.0,100.0,4.0,4.17,114.0,2
2026-09-30T20:28:13+00:00,KXLOWTSFO-26OCT01,"Lowest temperature in San Francisco on Oct 1, 2026?",yes-maker,6,96.0,0.0,100.0,4.0,4.17,113.0,3
2026-09-30T20:28:13+00:00,KXHIGHTMIN-26OCT01,"Highest temperature in Minneapolis on Oct 1, 2026?",yes-maker,6,96.0,0.0,100.0,4.0,4.17,97.0,0
2026-09-30T20:28:13+00:00,KXLOWTSATX-26SEP30,"Lowest temperature in San Antonio on Sep 30, 2026?",yes-maker,6,96.0,0.0,100.0,4.0,4.17,108.0,3
2026-09-30T20:28:13+00:00,KXLOWTSAN-26SEP30,"Lowest temperature in San Diego on Sep 30, 2026?",yes-maker,6,96.0,0.0,100.0,4.0,4.17,116.0,3
2026-09-30T20:28:13+00:00,KXHIGHDEN-26SEP30,"Highest temperature in Denver on Sep 30, 2026?",yes-maker,6,96.0,0.0,100.0,4.0,4.17,100.0,2
2026-09-30T20:28:13+00:00,KXLOWTMIN-26SEP30,"Lowest temperature in Minneapolis on Sep 30, 2026?",yes-maker,6,97.0,0.0,100.0,3.0,3.09,111.0,1
2026-09-30T20:28:13+00:00,KXETHY-27JAN0100,Ethereum price at the end of 2026,yes-maker,18,97.5,0.0,100.0,2.5,2.56,99.2,0
2026-09-30T20:28:13+00:00,KXGDPYEAR-26,US real GDP growth in 2026?,yes-maker,14,98.0,0.0,100.0,2.0,2.04,113.8,9
2026-09-30T20:28:13+00:00,KXLOWTMIA-26SEP30,"Lowest temperature in Miami on Sep 30, 2026?",yes-maker,6,98.0,0.0,100.0,2.0,2.04,104.0,3
2026-09-30T20:28:13+00:00,KXHOUSEWINSTATE-NCD,How many House seats will Democrats win in North Carolina?,yes-maker,7,99.0,0.0,100.0,1.0,1.01,116.0,1
2026-09-30T20:28:13+00:00,KXHIGHTBOS-26OCT01,"Highest temperature in Boston on Oct 1, 2026?",yes-maker,6,99.0,0.0,100.0,1.0,1.01,101.0,0
2026-09-30T20:28:13+00:00,KXHIGHTATL-26OCT01,"Highest temperature in Atlanta on Oct 1, 2026?",yes-maker,6,99.0,0.0,100.0,1.0,1.01,100.0,1
2026-09-30T20:28:13+00:00,KXHIGHTPHX-26SEP30,"Highest temperature in Phoenix on Sep 30, 2026?",yes-maker,6,99.0,0.0,100.0,1.0,1.01,101.0,3
2026-10-01T00:04:45+00:00,KXLOWTMIA-26OCT01,"Lowest temperature in Miami on Oct 1, 2026?",yes-maker,6,68.0,0.0,100.0,32.0,47.06,123.0,0
2026-10-01T00:04:45+00:00,KXLOWTBOS-26OCT01,"Lowest temperature in Boston on Oct 1, 2026?",yes-maker,6,71.0,0.0,100.0,29.0,40.85,115.0,3
2026-10-01T00:04:45+00:00,KXGDPYEAR-36,US real GDP growth in 2036?,yes-maker,14,72.0,0.0,100.0,28.0,38.89,99.0,2
2026-10-01T00:04:45+00:00,KXLOWTSAN-26SEP30,"Lowest temperature in San Diego on Sep 30, 2026?",yes-maker,6,75.0,0.0,100.0,25.0,33.33,106.0,2
2026-10-01T00:04:45+00:00,KXLOWTBOS-26SEP30,"Lowest temperature in Boston on Sep 30, 2026?",yes-maker,6,75.0,0.0,100.0,25.0,33.33,112.0,1
2026-10-01T00:04:45+00:00,KXLOWTMIN-26OCT01,"Lowest temperature in Minneapolis on Oct 1, 2026?",yes-maker,6,76.0,0.0,100.0,24.0,31.58,114.0,0
2026-10-01T00:04:45+00:00,KXLOWTHOU-26OCT01,"Lowest temperature in Houston on Oct 1, 2026?",yes-maker,6,79.0,0.0,100.0,21.0,26.58,111.0,2
2026-10-01T00:04:45+00:00,KXGDPYEAR-34,US real GDP growth in 2034?,yes-maker,14,80.0,0.0,100.0,20.0,25.00,108.0,0
2026-10-01T00:04:45+00:00,KXGDPYEAR-32,US real GDP growth in 2032?,yes-maker,14,80.0,0.0,100.0,20.0,25.00,109.0,0
2026-10-01T00:04:45+00:00,KXLOWTSEA-26OCT01,"Lowest temperature in Seattle on Oct 1, 2026?",yes-maker,6,80.0,0.0,100.0,20.0,25.00,129.0,2
2026-10-01T00:04:45+00:00,KXLOWTDC-26OCT01,"Lowest temperature in Washington DC on Oct 1, 2026?",yes-maker,6,80.0,0.0,100.0,20.0,25.00,111.0,2
2026-10-01T00:04:45+00:00,KXLOWTNYC-26OCT01,"Lowest temperature in New York City on Oct 1, 2026?",yes-maker,6,82.0,0.0,100.0,18.0,21.95,107.0,1
2026-10-01T00:04:45+00:00,KXGDPYEAR-30,US real GDP growth in 2030?,yes-maker,14,84.0,0.0,100.0,16.0,19.05,119.0,3
2026-10-01T00:04:45+00:00,KXLOWTSAN-26OCT01,"Lowest temperature in San Diego on Oct 1, 2026?",yes-maker,6,84.0,0.0,100.0,16.0,19.05,126.0,1
2026-10-01T00:04:45+00:00,KXGDPYEAR-29,US real GDP growth in 2029?,yes-maker,14,85.0,0.0,100.0,15.0,17.65,128.0,1
2026-10-01T00:04:45+00:00,KXHOUSEWINSTATE-FLD,How many House seats will Democrats win in Florida?,yes-maker,9,85.0,0.0,100.0,15.0,17.65,125.0,1
2026-10-01T00:04:45+00:00,KXLOWTNOLA-26OCT01,"Lowest temperature in New Orleans on Oct 1, 2026?",yes-maker,6,85.0,0.0,100.0,15.0,17.65,110.0,2
2026-10-01T00:04:45+00:00,KXEOTRUMPTERM-29JAN20,How many executive orders will Trump sign in his second term?,yes-maker,12,85.3,0.0,100.0,14.7,17.23,99.0,0
2026-10-01T00:04:45+00:00,KXLOWTSATX-26OCT01,"Lowest temperature in San Antonio on Oct 1, 2026?",yes-maker,6,86.0,0.0,100.0,14.0,16.28,126.0,2
2026-10-01T00:04:45+00:00,KXLOWTCHI-26OCT01,"Lowest temperature in Chicago on Oct 1, 2026?",yes-maker,6,86.0,0.0,100.0,14.0,16.28,127.0,0
2026-10-01T00:04:45+00:00,KXHOUSEWINSTATE-AZD,How many House seats will Democrats win in Arizona?,yes-maker,6,87.0,0.0,100.0,13.0,14.94,112.0,1
2026-10-01T00:04:45+00:00,KXSOCKEYERUN-27,Bristol Bay sockeye run forecast for 2027,yes-maker,6,87.0,0.0,100.0,13.0,14.94,116.0,1
2026-10-01T00:04:45+00:00,KXLOWTSFO-26OCT01,"Lowest temperature in San Francisco on Oct 1, 2026?",yes-maker,6,87.0,0.0,100.0,13.0,14.94,110.0,3
2026-10-01T00:04:45+00:00,KXHIGHTSDF-26OCT01,"Highest temperature in Louisville on Oct 1, 2026?",yes-maker,6,87.0,0.0,100.0,13.0,14.94,127.0,1
2026-10-01T00:04:45+00:00,KXGDPYEAR-28,US real GDP growth in 2028?,yes-maker,14,88.0,0.0,100.0,12.0,13.64,122.0,2
2026-10-01T00:04:45+00:00,KXLOWTDEN-26OCT01,"Lowest temperature in Denver on Oct 1, 2026?",yes-maker,6,88.0,0.0,100.0,12.0,13.64,116.0,0
2026-10-01T00:04:45+00:00,KXLOWTPHX-26OCT01,"Lowest temperature in Phoenix on Oct 1, 2026?",yes-maker,6,89.0,0.0,100.0,11.0,12.36,102.0,3
2026-10-01T00:04:45+00:00,KXLOWTLV-26OCT01,"Lowest temperature in Las Vegas on Oct 1, 2026?",yes-maker,6,89.0,0.0,100.0,11.0,12.36,112.0,1
2026-10-01T00:04:45+00:00,KXHIGHTTTN-26OCT01,"Highest temperature in Trenton on Oct 1, 2026?",yes-maker,6,89.0,0.0,100.0,11.0,12.36,110.0,2
2026-10-01T00:04:45+00:00,KXGDPYEAR-35,US real GDP growth in 2035?,yes-maker,14,90.0,0.0,100.0,10.0,11.11,119.0,0
2026-10-01T00:04:45+00:00,KXHOUSEWINSTATE-PAD,How many House seats will Democrats win in Pennsylvania?,yes-maker,8,90.0,0.0,100.0,10.0,11.11,107.0,1
2026-10-01T00:04:45+00:00,KXHIGHTNOLA-26OCT01,"Highest temperature in New Orleans on Oct 1, 2026?",yes-maker,6,90.0,0.0,100.0,10.0,11.11,103.0,1
2026-10-01T00:04:45+00:00,KXLOWTDAL-26SEP30,"Lowest temperature in Dallas on Sep 30, 2026?",yes-maker,6,90.0,0.0,100.0,10.0,11.11,124.0,2
2026-10-01T00:04:45+00:00,KXLOWTHOU-26SEP30,"Lowest temperature in Houston on Sep 30, 2026?",yes-maker,6,91.0,0.0,100.0,9.0,9.89,118.0,4
2026-10-01T00:04:45+00:00,KXLOWTPHIL-26OCT01,"Lowest temperature in Philadelphia on Oct 1, 2026?",yes-maker,6,93.0,0.0,100.0,7.0,7.53,114.0,2
2026-10-01T00:04:45+00:00,KXHOUSEWINSTATE-NYD,How many House seats will Democrats win in New York?,yes-maker,10,94.0,0.0,100.0,6.0,6.38,117.0,2
2026-10-01T00:04:45+00:00,KXHOUSEWINSTATE-GAD,How many House seats will Democrats win in Georgia?,yes-maker,5,94.0,0.0,100.0,6.0,6.38,118.0,0
2026-10-01T00:04:45+00:00,KXHOUSEWINSTATE-OHD,How many House seats will Democrats win in Ohio?,yes-maker,7,94.0,0.0,100.0,6.0,6.38,121.0,0
2026-10-01T00:04:45+00:00,KXGDPYEAR-26,US real GDP growth in 2026?,yes-maker,14,94.4,0.0,100.0,5.6,5.93,111.89999999999999,9
2026-10-01T00:04:45+00:00,KXHOUSEWINSTATE-MID,How many House seats will Democrats win in Michigan?,yes-maker,7,96.0,0.0,100.0,4.0,4.17,112.0,2
2026-10-01T00:04:45+00:00,KXLOWTLAX-26OCT01,"Lowest temperature in Los Angeles on Oct 1, 2026?",yes-maker,6,96.0,0.0,100.0,4.0,4.17,98.0,2
2026-10-01T00:04:45+00:00,KXHIGHTATL-26OCT01,"Highest temperature in Atlanta on Oct 1, 2026?",yes-maker,6,97.0,0.0,100.0,3.0,3.09,99.0,1
2026-10-01T00:04:45+00:00,KXETHY-27JAN0100,Ethereum price at the end of 2026,yes-maker,18,97.2,0.0,100.0,2.8,2.88,98.9,0
2026-10-01T00:04:45+00:00,KXHOUSEWINSTATE-NCD,How many House seats will Democrats win in North Carolina?,yes-maker,7,98.0,0.0,100.0,2.0,2.04,118.0,1
2026-10-01T00:04:45+00:00,KXVHGCB-26OCT02,"Generic congressional ballot on Oct 2, 2026?",yes-maker,7,98.0,0.0,100.0,2.0,2.04,114.0,0
2026-10-01T00:04:45+00:00,KXHIGHTLV-26SEP30,"Highest temperature in Las Vegas on Sep 30, 2026?",yes-maker,6,98.0,0.0,100.0,2.0,2.04,108.0,4
2026-10-01T00:04:45+00:00,KXVHGCB-26OCT01,"Generic congressional ballot on Oct 1, 2026?",yes-maker,9,98.0,0.0,100.0,2.0,2.04,114.0,0
2026-10-01T00:04:45+00:00,KXBTCY-27JAN0100,Bitcoin price at the end of 2026,yes-maker,28,98.4,0.0,100.0,1.6,1.63,98.4,0
2026-10-01T00:04:45+00:00,KXHIGHTSEA-26OCT01,"Highest temperature in Seattle on Oct 1, 2026?",yes-maker,6,99.0,0.0,100.0,1.0,1.01,103.0,0
2026-10-01T00:04:45+00:00,KXHIGHTOKC-26OCT01,"Highest temperature in Oklahoma City on Oct 1, 2026?",yes-maker,6,99.0,0.0,100.0,1.0,1.01,105.0,0
2026-10-01T00:04:45+00:00,KXHIGHTMIN-26OCT01,"Highest temperature in Minneapolis on Oct 1, 2026?",yes-maker,6,99.0,0.0,100.0,1.0,1.01,102.0,0
2026-10-01T00:04:45+00:00,KXHIGHTHOU-26OCT01,"Highest temperature in Houston on Oct 1, 2026?",yes-maker,6,99.0,0.0,100.0,1.0,1.01,107.0,1
2026-10-01T00:04:45+00:00,KXHIGHAUS-26OCT01,"Highest temperature in Austin on Oct 1, 2026?",yes-maker,6,99.0,0.0,100.0,1.0,1.01,102.0,0
2026-10-01T00:04:45+00:00,KXLOWTSFO-26SEP30,"Lowest temperature in San Francisco on Sep 30, 2026?",yes-maker,6,99.0,0.0,100.0,1.0,1.01,107.0,4
2026-10-01T06:17:47+00:00,KXGDPYEAR-36,US real GDP growth in 2036?,yes-maker,14,65.0,0.0,100.0,35.0,53.85,99.0,2
2026-10-01T06:17:47+00:00,KXPCSAHOUSEVOTES-26SEP30,How many House votes for the Protect College Sports Act?,yes-maker,8,67.0,0.0,100.0,33.0,49.25,118.0,0
2026-10-01T06:17:47+00:00,KXGDPYEAR-34,US real GDP growth in 2034?,yes-maker,14,76.0,0.0,100.0,24.0,31.58,109.0,0
2026-10-01T06:17:47+00:00,KXGDPYEAR-30,US real GDP growth in 2030?,yes-maker,14,78.0,0.0,100.0,22.0,28.21,121.0,3
2026-10-01T06:17:47+00:00,KXGDPYEAR-32,US real GDP growth in 2032?,yes-maker,14,80.0,0.0,100.0,20.0,25.00,119.0,0
2026-10-01T06:17:47+00:00,KXGDPYEAR-29,US real GDP growth in 2029?,yes-maker,14,85.0,0.0,100.0,15.0,17.65,128.0,1
2026-10-01T06:17:47+00:00,KXEOTRUMPTERM-29JAN20,How many executive orders will Trump sign in his second term?,yes-maker,12,85.3,0.0,100.0,14.7,17.23,99.0,0
2026-10-01T06:17:47+00:00,KXHOUSEWINSTATE-AZD,How many House seats will Democrats win in Arizona?,yes-maker,6,87.0,0.0,100.0,13.0,14.94,115.0,1
2026-10-01T06:17:47+00:00,KXSOCKEYERUN-27,Bristol Bay sockeye run forecast for 2027,yes-maker,6,87.0,0.0,100.0,13.0,14.94,123.00000000000001,1
2026-10-01T06:17:47+00:00,KXGDPYEAR-35,US real GDP growth in 2035?,yes-maker,14,88.0,0.0,100.0,12.0,13.64,126.0,0
2026-10-01T06:17:47+00:00,KXGDPYEAR-28,US real GDP growth in 2028?,yes-maker,14,88.0,0.0,100.0,12.0,13.64,122.0,2
2026-10-01T06:17:47+00:00,KXHOUSEWINSTATE-PAD,How many House seats will Democrats win in Pennsylvania?,yes-maker,8,90.0,0.0,100.0,10.0,11.11,113.0,1
2026-10-01T06:17:47+00:00,KXHOUSEWINSTATE-NYD,How many House seats will Democrats win in New York?,yes-maker,10,93.0,0.0,100.0,7.0,7.53,123.0,2
2026-10-01T06:17:47+00:00,KXHOUSEWINSTATE-MID,How many House seats will Democrats win in Michigan?,yes-maker,7,94.0,0.0,100.0,6.0,6.38,114.0,2
2026-10-01T06:17:47+00:00,KXHOUSEWINSTATE-GAD,How many House seats will Democrats win in Georgia?,yes-maker,5,94.0,0.0,100.0,6.0,6.38,120.0,0
2026-10-01T06:17:47+00:00,KXHOUSEWINSTATE-OHD,How many House seats will Democrats win in Ohio?,yes-maker,7,94.0,0.0,100.0,6.0,6.38,124.0,0
2026-10-01T06:17:47+00:00,KXGDPYEAR-26,US real GDP growth in 2026?,yes-maker,14,96.2,0.0,100.0,3.8,3.95,111.89999999999999,9
2026-10-01T06:17:47+00:00,KXETHY-27JAN0100,Ethereum price at the end of 2026,yes-maker,18,96.6,0.0,100.0,3.4,3.52,98.5,0
2026-10-01T06:17:47+00:00,KXHOUSEWINSTATE-NCD,How many House seats will Democrats win in North Carolina?,yes-maker,7,99.0,0.0,100.0,1.0,1.01,122.0,1
2026-10-01T06:17:47+00:00,KXBTCY-27JAN0100,Bitcoin price at the end of 2026,yes-maker,28,99.3,0.0,100.0,0.7,0.70,99.3,0
2026-10-01T13:41:02+00:00,KXLOWTDAL-26OCT01,"Lowest temperature in Dallas on Oct 1, 2026?",yes-maker,6,54.0,0.0,100.0,46.0,85.19,122.0,4
2026-10-01T13:41:02+00:00,KXLOWTMIA-26OCT01,"Lowest temperature in Miami on Oct 1, 2026?",yes-maker,6,64.0,0.0,100.0,36.0,56.25,117.0,2
2026-10-01T13:41:02+00:00,KXGDPYEAR-36,US real GDP growth in 2036?,yes-maker,14,68.0,0.0,100.0,32.0,47.06,99.0,2
2026-10-01T13:41:02+00:00,KXPCSAHOUSEVOTES-26SEP30,How many House votes for the Protect College Sports Act?,yes-maker,8,69.0,0.0,100.0,31.0,44.93,122.0,0
2026-10-01T13:41:02+00:00,KXGDPYEAR-34,US real GDP growth in 2034?,yes-maker,14,76.0,0.0,100.0,24.0,31.58,117.0,0
2026-10-01T13:41:02+00:00,KXLOWTSAN-26OCT01,"Lowest temperature in San Diego on Oct 1, 2026?",yes-maker,6,77.0,0.0,100.0,23.0,29.87,116.0,3
2026-10-01T13:41:02+00:00,KXGDPYEAR-35,US real GDP growth in 2035?,yes-maker,14,78.0,0.0,100.0,22.0,28.21,127.0,0
2026-10-01T13:41:02+00:00,KXGDPYEAR-29,US real GDP growth in 2029?,yes-maker,14,79.0,0.0,100.0,21.0,26.58,128.0,1
2026-10-01T13:41:02+00:00,KXGDPYEAR-32,US real GDP growth in 2032?,yes-maker,14,80.0,0.0,100.0,20.0,25.00,116.0,0
2026-10-01T13:41:02+00:00,KXLOWTCHI-26OCT01,"Lowest temperature in Chicago on Oct 1, 2026?",yes-maker,6,84.0,0.0,100.0,16.0,19.05,127.0,0
2026-10-01T13:41:02+00:00,KXGDPYEAR-28,US real GDP growth in 2028?,yes-maker,14,85.0,0.0,100.0,15.0,17.65,122.0,2
2026-10-01T13:41:02+00:00,KXEOTRUMPTERM-29JAN20,How many executive orders will Trump sign in his second term?,yes-maker,12,85.2,0.0,100.0,14.8,17.37,99.0,0
2026-10-01T13:41:02+00:00,KXLOWTAUS-26OCT01,"Lowest temperature in Austin on Oct 1, 2026?",yes-maker,6,86.0,0.0,100.0,14.0,16.28,118.0,0
2026-10-01T13:41:02+00:00,KXGDPYEAR-30,US real GDP growth in 2030?,yes-maker,14,87.0,0.0,100.0,13.0,14.94,121.0,3
2026-10-01T13:41:02+00:00,KXHOUSEWINSTATE-AZD,How many House seats will Democrats win in Arizona?,yes-maker,6,87.0,0.0,100.0,13.0,14.94,112.0,1
2026-10-01T13:41:02+00:00,KXSOCKEYERUN-27,Bristol Bay sockeye run forecast for 2027,yes-maker,6,87.0,0.0,100.0,13.0,14.94,125.00000000000001,1
2026-10-01T13:41:02+00:00,KXHIGHTSDF-26OCT01,"Highest temperature in Louisville on Oct 1, 2026?",yes-maker,6,87.0,0.0,100.0,13.0,14.94,105.0,3
2026-10-01T13:41:02+00:00,KXHIGHTSAN-26OCT01,"Highest temperature in San Diego on Oct 1, 2026?",yes-maker,6,87.0,0.0,100.0,13.0,14.94,121.0,2
2026-10-01T13:41:02+00:00,KXHOUSEWINSTATE-PAD,How many House seats will Democrats win in Pennsylvania?,yes-maker,8,88.0,0.0,100.0,12.0,13.64,110.0,1
2026-10-01T13:41:02+00:00,KXLOWTNOLA-26OCT01,"Lowest temperature in New Orleans on Oct 1, 2026?",yes-maker,6,88.0,0.0,100.0,12.0,13.64,124.0,3
2026-10-01T13:41:02+00:00,KXLOWTLV-26OCT01,"Lowest temperature in Las Vegas on Oct 1, 2026?",yes-maker,6,88.0,0.0,100.0,12.0,13.64,112.0,4
2026-10-01T13:41:02+00:00,KXGDPYEAR-27,US real GDP growth in 2027?,yes-maker,14,89.0,0.0,100.0,11.0,12.36,126.0,1
2026-10-01T13:41:02+00:00,KXLOWTPHX-26OCT01,"Lowest temperature in Phoenix on Oct 1, 2026?",yes-maker,6,89.0,0.0,100.0,11.0,12.36,118.0,4
2026-10-01T13:41:02+00:00,KXLOWTNYC-26OCT01,"Lowest temperature in New York City on Oct 1, 2026?",yes-maker,6,89.0,0.0,100.0,11.0,12.36,123.0,4
2026-10-01T13:41:02+00:00,KXHIGHTEWR-26OCT01,"Highest temperature in Newark on Oct 1, 2026?",yes-maker,6,90.0,0.0,100.0,10.0,11.11,101.0,0
2026-10-01T13:41:02+00:00,KXLOWTOKC-26OCT01,"Lowest temperature in Oklahoma City on Oct 1, 2026?",yes-maker,6,91.0,0.0,100.0,9.0,9.89,120.0,2
2026-10-01T13:41:02+00:00,KXHIGHTTTN-26OCT01,"Highest temperature in Trenton on Oct 1, 2026?",yes-maker,6,92.0,0.0,100.0,8.0,8.70,107.0,1
2026-10-01T13:41:02+00:00,KXHOUSEWINSTATE-NYD,How many House seats will Democrats win in New York?,yes-maker,10,93.0,0.0,100.0,7.0,7.53,120.0,2
2026-10-01T13:41:02+00:00,KXHOUSEWINSTATE-OHD,How many House seats will Democrats win in Ohio?,yes-maker,7,93.0,0.0,100.0,7.0,7.53,120.0,0
2026-10-01T13:41:02+00:00,KXHOUSEWINSTATE-GAD,How many House seats will Democrats win in Georgia?,yes-maker,5,94.0,0.0,100.0,6.0,6.38,118.0,0
2026-10-01T13:41:02+00:00,KXLOWTHOU-26OCT01,"Lowest temperature in Houston on Oct 1, 2026?",yes-maker,6,95.0,0.0,100.0,5.0,5.26,118.0,4
2026-10-01T13:41:02+00:00,KXGDPYEAR-26,US real GDP growth in 2026?,yes-maker,14,95.7,0.0,100.0,4.3,4.49,109.7,9
2026-10-01T13:41:02+00:00,KXLOWTTTN-26OCT01,"Lowest temperature in Trenton on Oct 1, 2026?",yes-maker,6,96.0,0.0,100.0,4.0,4.17,127.0,5
2026-10-01T13:41:02+00:00,KXLOWTEWR-26OCT01,"Lowest temperature in Newark on Oct 1, 2026?",yes-maker,6,96.0,0.0,100.0,4.0,4.17,114.0,5
2026-10-01T13:41:02+00:00,KXHIGHTDC-26OCT01,"Highest temperature in Washington DC on Oct 1, 2026?",yes-maker,6,96.0,0.0,100.0,4.0,4.17,100.0,1
2026-10-01T13:41:02+00:00,KXDSENATESEATSH-27,How many Senate seats will Democrats hold after the Midterms? (Higher strikes),yes-maker,7,96.6,0.0,100.0,3.4,3.52,100.9,0
2026-10-01T13:41:02+00:00,KXETHY-27JAN0100,Ethereum price at the end of 2026,yes-maker,18,96.7,0.0,100.0,3.3,3.41,98.4,0
2026-10-01T13:41:02+00:00,KXHOUSEWINSTATE-MID,How many House seats will Democrats win in Michigan?,yes-maker,7,98.0,0.0,100.0,2.0,2.04,111.0,2
2026-10-01T13:41:02+00:00,KXHOUSEWINSTATE-NCD,How many House seats will Democrats win in North Carolina?,yes-maker,7,98.0,0.0,100.0,2.0,2.04,119.0,1
2026-10-01T13:41:02+00:00,KXHIGHTSFO-26OCT01,"Highest temperature in San Francisco on Oct 1, 2026?",yes-maker,6,99.0,0.0,100.0,1.0,1.01,101.0,1
2026-10-01T19:13:03+00:00,KXHIGHTSDF-26OCT02,"Highest temperature in Louisville on Oct 2, 2026?",yes-maker,6,29.0,0.0,100.0,71.0,244.83,125.0,3
2026-10-01T19:13:03+00:00,KXLOWTSDF-26OCT02,"Lowest temperature in Louisville on Oct 2, 2026?",yes-maker,6,47.0,0.0,100.0,53.0,112.77,111.0,1
2026-10-01T19:13:03+00:00,KXGDPYEAR-36,US real GDP growth in 2036?,yes-maker,14,68.0,0.0,100.0,32.0,47.06,99.0,2
2026-10-01T19:13:03+00:00,KXLOWTMIN-26OCT02,"Lowest temperature in Minneapolis on Oct 2, 2026?",yes-maker,6,68.0,0.0,100.0,32.0,47.06,116.0,1
2026-10-01T19:13:03+00:00,KXLOWTTTN-26OCT02,"Lowest temperature in Trenton on Oct 2, 2026?",yes-maker,6,71.0,0.0,100.0,29.0,40.85,121.0,0
2026-10-01T19:13:03+00:00,KXLOWTBOS-26OCT02,"Lowest temperature in Boston on Oct 2, 2026?",yes-maker,6,71.0,0.0,100.0,29.0,40.85,118.0,2
2026-10-01T19:13:03+00:00,KXLOWTATL-26OCT02,"Lowest temperature in Atlanta on Oct 2, 2026?",yes-maker,6,72.0,0.0,100.0,28.0,38.89,109.00000000000001,0
2026-10-01T19:13:03+00:00,KXLOWTLAX-26OCT02,"Lowest temperature in Los Angeles on Oct 2, 2026?",yes-maker,6,73.0,0.0,100.0,27.0,36.99,109.0,2
2026-10-01T19:13:03+00:00,KXGDPYEAR-34,US real GDP growth in 2034?,yes-maker,14,75.0,0.0,100.0,25.0,33.33,115.0,0
2026-10-01T19:13:03+00:00,KXPCSAHOUSEVOTES-26SEP30,How many House votes for the Protect College Sports Act?,yes-maker,8,75.0,0.0,100.0,25.0,33.33,119.0,0
2026-10-01T19:13:03+00:00,KXLOWTMIA-26OCT02,"Lowest temperature in Miami on Oct 2, 2026?",yes-maker,6,76.0,0.0,100.0,24.0,31.58,127.0,0
2026-10-01T19:13:03+00:00,KXLOWTNYC-26OCT02,"Lowest temperature in New York City on Oct 2, 2026?",yes-maker,6,77.0,0.0,100.0,23.0,29.87,121.0,0
2026-10-01T19:13:03+00:00,KXLOWTDEN-26OCT02,"Lowest temperature in Denver on Oct 2, 2026?",yes-maker,6,77.0,0.0,100.0,23.0,29.87,117.0,0
2026-10-01T19:13:03+00:00,KXLOWTDAL-26OCT02,"Lowest temperature in Dallas on Oct 2, 2026?",yes-maker,6,77.0,0.0,100.0,23.0,29.87,125.0,1
2026-10-01T19:13:03+00:00,KXGDPYEAR-29,US real GDP growth in 2029?,yes-maker,14,79.0,0.0,100.0,21.0,26.58,128.0,1
2026-10-01T19:13:03+00:00,KXGDPYEAR-32,US real GDP growth in 2032?,yes-maker,14,80.0,0.0,100.0,20.0,25.00,114.0,0
2026-10-01T19:13:03+00:00,KXLOWTCHI-26OCT02,"Lowest temperature in Chicago on Oct 2, 2026?",yes-maker,6,80.0,0.0,100.0,20.0,25.00,112.0,0
2026-10-01T19:13:03+00:00,KXGDPYEAR-35,US real GDP growth in 2035?,yes-maker,14,81.0,0.0,100.0,19.0,23.46,125.0,0
2026-10-01T19:13:03+00:00,KXLOWTSATX-26OCT02,"Lowest temperature in San Antonio on Oct 2, 2026?",yes-maker,6,84.0,0.0,100.0,16.0,19.05,124.0,2
2026-10-01T19:13:03+00:00,KXLOWTDC-26OCT02,"Lowest temperature in Washington DC on Oct 2, 2026?",yes-maker,6,84.0,0.0,100.0,16.0,19.05,108.0,1
2026-10-01T19:13:03+00:00,KXGDPYEAR-28,US real GDP growth in 2028?,yes-maker,14,85.0,0.0,100.0,15.0,17.65,122.0,2
2026-10-01T19:13:03+00:00,KXLOWTPHX-26OCT02,"Lowest temperature in Phoenix on Oct 2, 2026?",yes-maker,6,85.0,0.0,100.0,15.0,17.65,115.0,0
2026-10-01T19:13:03+00:00,KXEOTRUMPTERM-29JAN20,How many executive orders will Trump sign in his second term?,yes-maker,12,85.1,0.0,100.0,14.9,17.51,99.0,0
2026-10-01T19:13:03+00:00,KXGDPYEAR-30,US real GDP growth in 2030?,yes-maker,14,87.0,0.0,100.0,13.0,14.94,121.0,3
2026-10-01T19:13:03+00:00,KXSOCKEYERUN-27,Bristol Bay sockeye run forecast for 2027,yes-maker,6,87.0,0.0,100.0,13.0,14.94,119.0,1
2026-10-01T19:13:03+00:00,KXLOWTLV-26OCT02,"Lowest temperature in Las Vegas on Oct 2, 2026?",yes-maker,6,87.0,0.0,100.0,13.0,14.94,114.0,1
2026-10-01T19:13:03+00:00,KXHOUSEWINSTATE-PAD,How many House seats will Democrats win in Pennsylvania?,yes-maker,8,88.0,0.0,100.0,12.0,13.64,112.0,1
2026-10-01T19:13:03+00:00,KXGDPYEAR-27,US real GDP growth in 2027?,yes-maker,14,89.0,0.0,100.0,11.0,12.36,126.0,1
2026-10-01T19:13:03+00:00,KXHOUSEWINSTATE-AZD,How many House seats will Democrats win in Arizona?,yes-maker,6,89.0,0.0,100.0,11.0,12.36,111.0,1
2026-10-01T19:13:03+00:00,KXHOUSEWINSTATE-OHD,How many House seats will Democrats win in Ohio?,yes-maker,7,92.0,0.0,100.0,8.0,8.70,122.0,0
2026-10-01T19:13:03+00:00,KXLOWTSFO-26OCT02,"Lowest temperature in San Francisco on Oct 2, 2026?",yes-maker,6,93.0,0.0,100.0,7.0,7.53,120.0,2
2026-10-01T19:13:03+00:00,KXHOUSEWINSTATE-NYD,How many House seats will Democrats win in New York?,yes-maker,10,94.0,0.0,100.0,6.0,6.38,124.0,2
2026-10-01T19:13:03+00:00,KXHOUSEWINSTATE-GAD,How many House seats will Democrats win in Georgia?,yes-maker,5,94.0,0.0,100.0,6.0,6.38,119.0,0
2026-10-01T19:13:03+00:00,KXLOWTAUS-26OCT02,"Lowest temperature in Austin on Oct 2, 2026?",yes-maker,6,95.0,0.0,100.0,5.0,5.26,112.0,0
2026-10-01T19:13:03+00:00,KXETHY-27JAN0100,Ethereum price at the end of 2026,yes-maker,18,96.0,0.0,100.0,4.0,4.17,97.9,0
2026-10-01T19:13:03+00:00,KXGDPYEAR-26,US real GDP growth in 2026?,yes-maker,14,97.0,0.0,100.0,3.0,3.09,112.5,9
2026-10-01T19:13:03+00:00,KXHOUSEWINSTATE-MID,How many House seats will Democrats win in Michigan?,yes-maker,7,97.0,0.0,100.0,3.0,3.09,114.0,2
2026-10-01T19:13:03+00:00,KXHOUSEWINSTATE-NCD,How many House seats will Democrats win in North Carolina?,yes-maker,7,97.0,0.0,100.0,3.0,3.09,122.0,1
2026-10-01T19:13:03+00:00,KXDSENATESEATSH-27,How many Senate seats will Democrats hold after the Midterms? (Higher strikes),yes-maker,7,97.6,0.0,100.0,2.4,2.46,101.9,0
2026-10-01T19:13:03+00:00,KXLOWTSEA-26OCT02,"Lowest temperature in Seattle on Oct 2, 2026?",yes-maker,6,98.0,0.0,100.0,2.0,2.04,125.0,1
2026-10-01T19:13:03+00:00,KXLOWTPHIL-26OCT02,"Lowest temperature in Philadelphia on Oct 2, 2026?",yes-maker,6,98.0,0.0,100.0,2.0,2.04,108.0,2
2026-10-01T19:13:03+00:00,KXHIGHTNOLA-26OCT02,"Highest temperature in New Orleans on Oct 2, 2026?",yes-maker,6,98.0,0.0,100.0,2.0,2.04,100.0,0
2026-10-01T19:13:03+00:00,KXHIGHDEN-26OCT02,"Highest temperature in Denver on Oct 2, 2026?",yes-maker,6,99.0,0.0,100.0,1.0,1.01,100.0,0
2026-10-01T23:18:45+00:00,KXGDPYEAR-36,US real GDP growth in 2036?,yes,14,92.0,5.6,100.0,2.4,2.65,,
2026-10-01T23:18:45+00:00,KXHIGHTTTN-26OCT02,"Highest temperature in Trenton on Oct 2, 2026?",yes-maker,6,67.0,0.0,100.0,33.0,49.25,117.0,1
2026-10-01T23:18:45+00:00,KXLOWTDC-26OCT02,"Lowest temperature in Washington DC on Oct 2, 2026?",yes-maker,6,68.0,0.0,100.0,32.0,47.06,108.0,1
2026-10-01T23:18:45+00:00,KXGDPYEAR-36,US real GDP growth in 2036?,yes-maker,14,70.0,0.0,100.0,30.0,42.86,92.0,2
2026-10-01T23:18:45+00:00,KXLOWTLV-26OCT02,"Lowest temperature in Las Vegas on Oct 2, 2026?",yes-maker,6,74.0,0.0,100.0,26.0,35.14,122.0,1
2026-10-01T23:18:45+00:00,KXLOWTPHIL-26OCT02,"Lowest temperature in Philadelphia on Oct 2, 2026?",yes-maker,6,76.0,0.0,100.0,24.0,31.58,112.0,2
2026-10-01T23:18:45+00:00,KXGDPYEAR-35,US real GDP growth in 2035?,yes-maker,14,78.0,0.0,100.0,22.0,28.21,123.0,0
2026-10-01T23:18:45+00:00,KXGDPYEAR-34,US real GDP growth in 2034?,yes-maker,14,78.0,0.0,100.0,22.0,28.21,116.0,0
2026-10-01T23:18:45+00:00,KXGDPYEAR-29,US real GDP growth in 2029?,yes-maker,14,79.0,0.0,100.0,21.0,26.58,128.0,1
2026-10-01T23:18:45+00:00,KXGDPYEAR-32,US real GDP growth in 2032?,yes-maker,14,80.0,0.0,100.0,20.0,25.00,114.0,0
2026-10-01T23:18:45+00:00,KXLOWTSEA-26OCT02,"Lowest temperature in Seattle on Oct 2, 2026?",yes-maker,6,80.0,0.0,100.0,20.0,25.00,115.0,1
2026-10-01T23:18:45+00:00,KXLOWTMIN-26OCT02,"Lowest temperature in Minneapolis on Oct 2, 2026?",yes-maker,6,81.0,0.0,100.0,19.0,23.46,125.0,1
2026-10-01T23:18:45+00:00,KXLOWTCHI-26OCT02,"Lowest temperature in Chicago on Oct 2, 2026?",yes-maker,6,81.0,0.0,100.0,19.0,23.46,125.0,0
2026-10-01T23:18:45+00:00,KXLOWTBOS-26OCT02,"Lowest temperature in Boston on Oct 2, 2026?",yes-maker,6,81.0,0.0,100.0,19.0,23.46,113.0,2
2026-10-01T23:18:45+00:00,KXEOTRUMPTERM-29JAN20,How many executive orders will Trump sign in his second term?,yes-maker,12,82.3,0.0,100.0,17.7,21.51,99.0,0
2026-10-01T23:18:45+00:00,KXLOWTATL-26OCT02,"Lowest temperature in Atlanta on Oct 2, 2026?",yes-maker,6,83.0,0.0,100.0,17.0,20.48,113.0,1
2026-10-01T23:18:45+00:00,KXPCSAHOUSEVOTES-26SEP30,How many House votes for the Protect College Sports Act?,yes-maker,8,84.0,0.0,100.0,16.0,19.05,110.0,0
2026-10-01T23:18:45+00:00,KXGDPYEAR-28,US real GDP growth in 2028?,yes-maker,14,85.0,0.0,100.0,15.0,17.65,122.0,2
2026-10-01T23:18:45+00:00,KXLOWTLAX-26OCT02,"Lowest temperature in Los Angeles on Oct 2, 2026?",yes-maker,6,85.0,0.0,100.0,15.0,17.65,113.0,2
2026-10-01T23:18:45+00:00,KXGDPYEAR-30,US real GDP growth in 2030?,yes-maker,14,86.0,0.0,100.0,14.0,16.28,122.0,3
2026-10-01T23:18:45+00:00,KXSOCKEYERUN-27,Bristol Bay sockeye run forecast for 2027,yes-maker,6,87.0,0.0,100.0,13.0,14.94,124.00000000000001,1
2026-10-01T23:18:45+00:00,KXGDPYEAR-31,US real GDP growth in 2031?,yes-maker,14,90.0,0.0,100.0,10.0,11.11,129.0,0
2026-10-01T23:18:45+00:00,KXLOWTDAL-26OCT02,"Lowest temperature in Dallas on Oct 2, 2026?",yes-maker,6,90.0,0.0,100.0,10.0,11.11,120.0,1
2026-10-01T23:18:45+00:00,KXLOWTSFO-26OCT02,"Lowest temperature in San Francisco on Oct 2, 2026?",yes-maker,6,91.0,0.0,100.0,9.0,9.89,110.0,1
2026-10-01T23:18:45+00:00,KXLOWTDEN-26OCT02,"Lowest temperature in Denver on Oct 2, 2026?",yes-maker,6,91.0,0.0,100.0,9.0,9.89,125.0,0
2026-10-01T23:18:45+00:00,KXLOWTAUS-26OCT02,"Lowest temperature in Austin on Oct 2, 2026?",yes-maker,6,91.0,0.0,100.0,9.0,9.89,117.0,1
2026-10-01T23:18:45+00:00,KXHOUSEWINSTATE-PAD,How many House seats will Democrats win in Pennsylvania?,yes-maker,8,92.0,0.0,100.0,8.0,8.70,107.0,1
2026-10-01T23:18:45+00:00,KXLOWTNYC-26OCT02,"Lowest temperature in New York City on Oct 2, 2026?",yes-maker,6,93.0,0.0,100.0,7.0,7.53,128.0,0
2026-10-01T23:18:45+00:00,KXHOUSEWINSTATE-NYD,How many House seats will Democrats win in New York?,yes-maker,10,94.0,0.0,100.0,6.0,6.38,122.0,2
2026-10-01T23:18:45+00:00,KXHOUSEWINSTATE-GAD,How many House seats will Democrats win in Georgia?,yes-maker,5,94.0,0.0,100.0,6.0,6.38,119.0,0
2026-10-01T23:18:45+00:00,KXHOUSEWINSTATE-AZD,How many House seats will Democrats win in Arizona?,yes-maker,6,94.0,0.0,100.0,6.0,6.38,113.0,1
2026-10-01T23:18:45+00:00,KXHOUSEWINSTATE-OHD,How many House seats will Democrats win in Ohio?,yes-maker,7,94.0,0.0,100.0,6.0,6.38,122.0,0
2026-10-01T23:18:45+00:00,KXLOWTHOU-26OCT02,"Lowest temperature in Houston on Oct 2, 2026?",yes-maker,6,94.0,0.0,100.0,6.0,6.38,121.0,1
2026-10-01T23:18:45+00:00,KXHIGHTPHX-26OCT02,"Highest temperature in Phoenix on Oct 2, 2026?",yes-maker,6,96.0,0.0,100.0,4.0,4.17,100.00000000000001,1
2026-10-01T23:18:45+00:00,KXHOUSEWINSTATE-MID,How many House seats will Democrats win in Michigan?,yes-maker,7,97.0,0.0,100.0,3.0,3.09,115.0,2
2026-10-01T23:18:45+00:00,KXLOWTPHX-26OCT02,"Lowest temperature in Phoenix on Oct 2, 2026?",yes-maker,6,97.0,0.0,100.0,3.0,3.09,122.0,0
2026-10-01T23:18:45+00:00,KXDSENATESEATSH-27,How many Senate seats will Democrats hold after the Midterms? (Higher strikes),yes-maker,7,97.4,0.0,100.0,2.6,2.67,102.6,0
2026-10-01T23:18:45+00:00,KXETHY-27JAN0100,Ethereum price at the end of 2026,yes-maker,18,97.4,0.0,100.0,2.6,2.67,99.3,0
2026-10-01T23:18:45+00:00,KXGDPYEAR-26,US real GDP growth in 2026?,yes-maker,14,97.6,0.0,100.0,2.4,2.46,112.5,9
2026-10-01T23:18:45+00:00,KXHOUSEWINSTATE-NCD,How many House seats will Democrats win in North Carolina?,yes-maker,7,98.0,0.0,100.0,2.0,2.04,118.0,1
2026-10-01T23:18:45+00:00,KXHIGHTSATX-26OCT02,"Highest temperature in San Antonio on Oct 2, 2026?",yes-maker,6,98.0,0.0,100.0,2.0,2.04,98.0,0
2026-10-02T02:24:19+00:00,KXGDPYEAR-36,US real GDP growth in 2036?,yes,14,92.0,5.6,100.0,2.4,2.65,,
2026-10-02T02:24:19+00:00,KXLOWTOKC-26OCT02,"Lowest temperature in Oklahoma City on Oct 2, 2026?",yes-maker,6,51.0,0.0,100.0,49.0,96.08,101.0,0
2026-10-02T02:24:19+00:00,KXLOWTDC-26OCT02,"Lowest temperature in Washington DC on Oct 2, 2026?",yes-maker,6,66.0,0.0,100.0,34.0,51.52,104.0,1
2026-10-02T02:24:19+00:00,KXGDPYEAR-36,US real GDP growth in 2036?,yes-maker,14,70.0,0.0,100.0,30.0,42.86,92.0,2
2026-10-02T02:24:19+00:00,KXLOWTNOLA-26OCT02,"Lowest temperature in New Orleans on Oct 2, 2026?",yes-maker,6,70.0,0.0,100.0,30.0,42.86,117.0,0
2026-10-02T02:24:19+00:00,KXLOWTDEN-26OCT02,"Lowest temperature in Denver on Oct 2, 2026?",yes-maker,6,72.0,0.0,100.0,28.0,38.89,127.0,0
2026-10-02T02:24:19+00:00,KXLOWTBOS-26OCT02,"Lowest temperature in Boston on Oct 2, 2026?",yes-maker,6,72.0,0.0,100.0,28.0,38.89,109.0,2
2026-10-02T02:24:19+00:00,KXLOWTLAX-26OCT02,"Lowest temperature in Los Angeles on Oct 2, 2026?",yes-maker,6,73.0,0.0,100.0,27.0,36.99,112.0,2
2026-10-02T02:24:19+00:00,KXGDPYEAR-34,US real GDP growth in 2034?,yes-maker,14,74.0,0.0,100.0,26.0,35.14,116.0,0
2026-10-02T02:24:19+00:00,KXLOWTEWR-26OCT02,"Lowest temperature in Newark on Oct 2, 2026?",yes-maker,6,75.0,0.0,100.0,25.0,33.33,123.0,2
2026-10-02T02:24:19+00:00,KXLOWTSATX-26OCT02,"Lowest temperature in San Antonio on Oct 2, 2026?",yes-maker,6,76.0,0.0,100.0,24.0,31.58,129.0,2
2026-10-02T02:24:19+00:00,KXHIGHTSDF-26OCT02,"Highest temperature in Louisville on Oct 2, 2026?",yes-maker,6,76.0,0.0,100.0,24.0,31.58,127.0,0
2026-10-02T02:24:19+00:00,KXLOWTMIN-26OCT02,"Lowest temperature in Minneapolis on Oct 2, 2026?",yes-maker,6,77.0,0.0,100.0,23.0,29.87,123.0,1
2026-10-02T02:24:19+00:00,KXLOWTLV-26OCT02,"Lowest temperature in Las Vegas on Oct 2, 2026?",yes-maker,6,77.0,0.0,100.0,23.0,29.87,127.0,1
2026-10-02T02:24:19+00:00,KXGDPYEAR-35,US real GDP growth in 2035?,yes-maker,14,78.0,0.0,100.0,22.0,28.21,123.0,0
2026-10-02T02:24:19+00:00,KXLOWTATL-26OCT02,"Lowest temperature in Atlanta on Oct 2, 2026?",yes-maker,6,78.0,0.0,100.0,22.0,28.21,108.0,1
2026-10-02T02:24:19+00:00,KXHIGHTTTN-26OCT02,"Highest temperature in Trenton on Oct 2, 2026?",yes-maker,6,78.0,0.0,100.0,22.0,28.21,106.0,1
2026-10-02T02:24:19+00:00,KXGDPYEAR-29,US real GDP growth in 2029?,yes-maker,14,79.0,0.0,100.0,21.0,26.58,128.0,1
2026-10-02T02:24:19+00:00,KXGDPYEAR-32,US real GDP growth in 2032?,yes-maker,14,80.0,0.0,100.0,20.0,25.00,114.0,0
2026-10-02T02:24:19+00:00,KXLOWTMIA-26OCT02,"Lowest temperature in Miami on Oct 2, 2026?",yes-maker,6,80.0,0.0,100.0,20.0,25.00,129.0,0
2026-10-02T02:24:19+00:00,KXEOTRUMPTERM-29JAN20,How many executive orders will Trump sign in his second term?,yes-maker,12,82.3,0.0,100.0,17.7,21.51,99.0,0
2026-10-02T02:24:19+00:00,KXPCSAHOUSEVOTES-26SEP30,How many House votes for the Protect College Sports Act?,yes-maker,8,84.0,0.0,100.0,16.0,19.05,110.0,0
2026-10-02T02:24:19+00:00,KXLOWTNYC-26OCT02,"Lowest temperature in New York City on Oct 2, 2026?",yes-maker,6,84.0,0.0,100.0,16.0,19.05,130.0,1
2026-10-02T02:24:19+00:00,KXLOWTAUS-26OCT02,"Lowest temperature in Austin on Oct 2, 2026?",yes-maker,6,84.0,0.0,100.0,16.0,19.05,103.0,1
2026-10-02T02:24:19+00:00,KXGDPYEAR-30,US real GDP growth in 2030?,yes-maker,14,85.0,0.0,100.0,15.0,17.65,122.0,3
2026-10-02T02:24:19+00:00,KXGDPYEAR-28,US real GDP growth in 2028?,yes-maker,14,85.0,0.0,100.0,15.0,17.65,122.0,2
2026-10-02T02:24:19+00:00,KXLOWTPHX-26OCT02,"Lowest temperature in Phoenix on Oct 2, 2026?",yes-maker,6,85.0,0.0,100.0,15.0,17.65,123.0,1
2026-10-02T02:24:19+00:00,KXLOWTCHI-26OCT02,"Lowest temperature in Chicago on Oct 2, 2026?",yes-maker,6,85.0,0.0,100.0,15.0,17.65,121.0,2
2026-10-02T02:24:19+00:00,KXSOCKEYERUN-27,Bristol Bay sockeye run forecast for 2027,yes-maker,6,87.0,0.0,100.0,13.0,14.94,124.00000000000001,1
2026-10-02T02:24:19+00:00,KXLOWTSFO-26OCT02,"Lowest temperature in San Francisco on Oct 2, 2026?",yes-maker,6,87.0,0.0,100.0,13.0,14.94,108.0,1
2026-10-02T02:24:19+00:00,KXHOUSEWINSTATE-FLD,How many House seats will Democrats win in Florida?,yes-maker,9,88.0,0.0,100.0,12.0,13.64,127.0,1
2026-10-02T02:24:19+00:00,KXLOWTSEA-26OCT02,"Lowest temperature in Seattle on Oct 2, 2026?",yes-maker,6,88.0,0.0,100.0,12.0,13.64,120.0,1
2026-10-02T02:24:19+00:00,KXGDPYEAR-31,US real GDP growth in 2031?,yes-maker,14,90.0,0.0,100.0,10.0,11.11,129.0,0
2026-10-02T02:24:19+00:00,KXHOUSEWINSTATE-PAD,How many House seats will Democrats win in Pennsylvania?,yes-maker,8,93.0,0.0,100.0,7.0,7.53,107.0,1
2026-10-02T02:24:19+00:00,KXHOUSEWINSTATE-NYD,How many House seats will Democrats win in New York?,yes-maker,10,93.0,0.0,100.0,7.0,7.53,116.0,2
2026-10-02T02:24:19+00:00,KXHOUSEWINSTATE-GAD,How many House seats will Democrats win in Georgia?,yes-maker,5,94.0,0.0,100.0,6.0,6.38,118.0,0
2026-10-02T02:24:19+00:00,KXHOUSEWINSTATE-AZD,How many House seats will Democrats win in Arizona?,yes-maker,6,94.0,0.0,100.0,6.0,6.38,111.0,1
2026-10-02T02:24:19+00:00,KXHOUSEWINSTATE-OHD,How many House seats will Democrats win in Ohio?,yes-maker,7,94.0,0.0,100.0,6.0,6.38,119.0,0
2026-10-02T02:24:19+00:00,KXLOWTPHIL-26OCT02,"Lowest temperature in Philadelphia on Oct 2, 2026?",yes-maker,6,95.0,0.0,100.0,5.0,5.26,109.0,3
2026-10-02T02:24:19+00:00,KXHOUSEWINSTATE-MID,How many House seats will Democrats win in Michigan?,yes-maker,7,96.0,0.0,100.0,4.0,4.17,113.0,2
2026-10-02T02:24:19+00:00,KXGDPYEAR-26,US real GDP growth in 2026?,yes-maker,14,96.8,0.0,100.0,3.2,3.31,111.7,9
2026-10-02T02:24:19+00:00,KXHMONTHRANGE-26SEP,Sep 2026 temperature increase?,yes-maker,6,97.0,0.0,100.0,3.0,3.09,109.0,4
2026-10-02T02:24:19+00:00,KXETHY-27JAN0100,Ethereum price at the end of 2026,yes-maker,18,98.1,0.0,100.0,1.9,1.94,99.2,0
2026-10-02T02:24:19+00:00,KXDSENATESEATSH-27,How many Senate seats will Democrats hold after the Midterms? (Higher strikes),yes-maker,7,99.3,0.0,100.0,0.7,0.70,100.4,0
2026-10-02T08:46:41+00:00,KXGDPYEAR-36,US real GDP growth in 2036?,yes,14,91.0,5.5,100.0,3.5,3.83,,
2026-10-02T08:46:41+00:00,KXGDPYEAR-36,US real GDP growth in 2036?,yes-maker,14,62.0,0.0,100.0,38.0,61.29,91.0,2
2026-10-02T08:46:41+00:00,KXGDPYEAR-29,US real GDP growth in 2029?,yes-maker,14,70.0,0.0,100.0,30.0,42.86,128.0,1
2026-10-02T08:46:41+00:00,KXGDPYEAR-35,US real GDP growth in 2035?,yes-maker,14,73.0,0.0,100.0,27.0,36.99,123.0,0
2026-10-02T08:46:41+00:00,KXGDPYEAR-34,US real GDP growth in 2034?,yes-maker,14,77.0,0.0,100.0,23.0,29.87,126.0,0
2026-10-02T08:46:41+00:00,KXGDPYEAR-31,US real GDP growth in 2031?,yes-maker,14,79.0,0.0,100.0,21.0,26.58,129.0,0
2026-10-02T08:46:41+00:00,KXGDPYEAR-30,US real GDP growth in 2030?,yes-maker,14,80.0,0.0,100.0,20.0,25.00,124.0,3
2026-10-02T08:46:41+00:00,KXGDPYEAR-28,US real GDP growth in 2028?,yes-maker,14,80.0,0.0,100.0,20.0,25.00,122.0,2
2026-10-02T08:46:41+00:00,KXEOTRUMPTERM-29JAN20,How many executive orders will Trump sign in his second term?,yes-maker,12,82.3,0.0,100.0,17.7,21.51,99.0,0
2026-10-02T08:46:41+00:00,KXPCSAHOUSEVOTES-26SEP30,How many House votes for the Protect College Sports Act?,yes-maker,8,86.0,0.0,100.0,14.0,16.28,104.0,0
2026-10-02T08:46:41+00:00,KXGDPYEAR-27,US real GDP growth in 2027?,yes-maker,14,87.0,0.0,100.0,13.0,14.94,130.0,1
2026-10-02T08:46:41+00:00,KXSOCKEYERUN-27,Bristol Bay sockeye run forecast for 2027,yes-maker,6,87.0,0.0,100.0,13.0,14.94,126.00000000000001,1
2026-10-02T08:46:41+00:00,KXHOUSEWINSTATE-PAD,How many House seats will Democrats win in Pennsylvania?,yes-maker,8,91.0,0.0,100.0,9.0,9.89,112.0,1
2026-10-02T08:46:41+00:00,KXHOUSEWINSTATE-NYD,How many House seats will Democrats win in New York?,yes-maker,10,91.0,0.0,100.0,9.0,9.89,124.00000000000001,2
2026-10-02T08:46:41+00:00,KXHOUSEWINSTATE-OHD,How many House seats will Democrats win in Ohio?,yes-maker,7,91.0,0.0,100.0,9.0,9.89,124.0,0
2026-10-02T08:46:41+00:00,KXHOUSEWINSTATE-MID,How many House seats will Democrats win in Michigan?,yes-maker,7,92.0,0.0,100.0,8.0,8.70,113.0,2
2026-10-02T08:46:41+00:00,KXHOUSEWINSTATE-GAD,How many House seats will Democrats win in Georgia?,yes-maker,5,92.0,0.0,100.0,8.0,8.70,120.0,0
2026-10-02T08:46:41+00:00,KXHOUSEWINSTATE-AZD,How many House seats will Democrats win in Arizona?,yes-maker,6,94.0,0.0,100.0,6.0,6.38,114.0,1
2026-10-02T08:46:41+00:00,KXETHY-27JAN0100,Ethereum price at the end of 2026,yes-maker,18,97.6,0.0,100.0,2.4,2.46,99.2,0
2026-10-02T08:46:41+00:00,KXHOUSEWINSTATE-NCD,How many House seats will Democrats win in North Carolina?,yes-maker,7,98.0,0.0,100.0,2.0,2.04,118.0,1
2026-10-02T08:46:41+00:00,KXGDPYEAR-26,US real GDP growth in 2026?,yes-maker,14,98.5,0.0,100.0,1.5,1.52,115.0,9
2026-10-02T08:46:41+00:00,KXDSENATESEATSH-27,How many Senate seats will Democrats hold after the Midterms? (Higher strikes),yes-maker,7,99.5,0.0,100.0,0.5,0.50,100.5,0
2026-10-02T15:16:25+00:00,KXGDPYEAR-36,US real GDP growth in 2036?,yes,14,91.0,5.5,100.0,3.5,3.83,,
2026-10-02T15:16:25+00:00,KXGDPYEAR-36,US real GDP growth in 2036?,yes-maker,14,61.0,0.0,100.0,39.0,63.93,91.0,2
2026-10-02T15:16:25+00:00,KXGDPYEAR-29,US real GDP growth in 2029?,yes-maker,14,70.0,0.0,100.0,30.0,42.86,128.0,1
2026-10-02T15:16:25+00:00,KXGDPYEAR-35,US real GDP growth in 2035?,yes-maker,14,73.0,0.0,100.0,27.0,36.99,123.0,0
2026-10-02T15:16:25+00:00,KXGDPYEAR-34,US real GDP growth in 2034?,yes-maker,14,75.0,0.0,100.0,25.0,33.33,127.0,0
2026-10-02T15:16:25+00:00,KXGDPYEAR-30,US real GDP growth in 2030?,yes-maker,14,76.0,0.0,100.0,24.0,31.58,125.0,3
2026-10-02T15:16:25+00:00,KXGDPYEAR-31,US real GDP growth in 2031?,yes-maker,14,77.0,0.0,100.0,23.0,29.87,129.0,0
2026-10-02T15:16:25+00:00,KXGDPYEAR-28,US real GDP growth in 2028?,yes-maker,14,80.0,0.0,100.0,20.0,25.00,122.0,2
2026-10-02T15:16:25+00:00,KXLOWTPHX-26OCT03,"Lowest temperature in Phoenix on Oct 3, 2026?",yes-maker,6,81.0,0.0,100.0,19.0,23.46,126.0,0
2026-10-02T15:16:25+00:00,KXEOTRUMPTERM-29JAN20,How many executive orders will Trump sign in his second term?,yes-maker,12,82.3,0.0,100.0,17.7,21.51,99.0,0
2026-10-02T15:16:25+00:00,KXLOWTBOS-26OCT03,"Lowest temperature in Boston on Oct 3, 2026?",yes-maker,6,85.0,0.0,100.0,15.0,17.65,117.0,1
2026-10-02T15:16:25+00:00,KXPCSAHOUSEVOTES-26SEP30,How many House votes for the Protect College Sports Act?,yes-maker,8,86.0,0.0,100.0,14.0,16.28,104.0,0
2026-10-02T15:16:25+00:00,KXGDPYEAR-27,US real GDP growth in 2027?,yes-maker,14,87.0,0.0,100.0,13.0,14.94,130.0,1
2026-10-02T15:16:25+00:00,KXSOCKEYERUN-27,Bristol Bay sockeye run forecast for 2027,yes-maker,6,87.0,0.0,100.0,13.0,14.94,126.00000000000001,1
2026-10-02T15:16:25+00:00,KXLOWTNYC-26OCT03,"Lowest temperature in New York City on Oct 3, 2026?",yes-maker,6,88.0,0.0,100.0,12.0,13.64,115.0,0
2026-10-02T15:16:25+00:00,KXLOWTDAL-26OCT03,"Lowest temperature in Dallas on Oct 3, 2026?",yes-maker,6,88.0,0.0,100.0,12.0,13.64,119.0,0
2026-10-02T15:16:25+00:00,KXLOWTCHI-26OCT03,"Lowest temperature in Chicago on Oct 3, 2026?",yes-maker,6,88.0,0.0,100.0,12.0,13.64,129.0,0
2026-10-02T15:16:25+00:00,KXHOUSEWINSTATE-FLD,How many House seats will Democrats win in Florida?,yes-maker,9,89.0,0.0,100.0,11.0,12.36,128.0,1
2026-10-02T15:16:25+00:00,KXHOUSEWINSTATE-PAD,How many House seats will Democrats win in Pennsylvania?,yes-maker,8,89.0,0.0,100.0,11.0,12.36,109.0,1
2026-10-02T15:16:25+00:00,KXHOUSEWINSTATE-NYD,How many House seats will Democrats win in New York?,yes-maker,10,89.0,0.0,100.0,11.0,12.36,119.0,2
2026-10-02T15:16:25+00:00,KXLOWTSFO-26OCT03,"Lowest temperature in San Francisco on Oct 3, 2026?",yes-maker,6,89.0,0.0,100.0,11.0,12.36,114.0,1
2026-10-02T15:16:25+00:00,KXLOWTDC-26OCT03,"Lowest temperature in Washington DC on Oct 3, 2026?",yes-maker,6,89.0,0.0,100.0,11.0,12.36,128.0,1
2026-10-02T15:16:25+00:00,KXHOUSEWINSTATE-OHD,How many House seats will Democrats win in Ohio?,yes-maker,7,90.0,0.0,100.0,10.0,11.11,117.0,0
2026-10-02T15:16:25+00:00,KXLOWTLV-26OCT03,"Lowest temperature in Las Vegas on Oct 3, 2026?",yes-maker,6,90.0,0.0,100.0,10.0,11.11,124.0,1
2026-10-02T15:16:25+00:00,KXHOUSEWINSTATE-MID,How many House seats will Democrats win in Michigan?,yes-maker,7,91.0,0.0,100.0,9.0,9.89,112.0,2
2026-10-02T15:16:25+00:00,KXHOUSEWINSTATE-GAD,How many House seats will Democrats win in Georgia?,yes-maker,5,92.0,0.0,100.0,8.0,8.70,118.0,0
2026-10-02T15:16:25+00:00,KXHOUSEWINSTATE-AZD,How many House seats will Democrats win in Arizona?,yes-maker,6,93.0,0.0,100.0,7.0,7.53,113.0,1
2026-10-02T15:16:25+00:00,KXHIGHTSEA-26OCT03,"Highest temperature in Seattle on Oct 3, 2026?",yes-maker,6,94.0,0.0,100.0,6.0,6.38,118.0,0
2026-10-02T15:16:25+00:00,KXLOWTHOU-26OCT03,"Lowest temperature in Houston on Oct 3, 2026?",yes-maker,6,95.0,0.0,100.0,5.0,5.26,127.0,2
2026-10-02T15:16:25+00:00,KXLOWTPHIL-26OCT03,"Lowest temperature in Philadelphia on Oct 3, 2026?",yes-maker,6,96.0,0.0,100.0,4.0,4.17,119.0,2
2026-10-02T15:16:25+00:00,KXLOWTLAX-26OCT03,"Lowest temperature in Los Angeles on Oct 3, 2026?",yes-maker,6,97.0,0.0,100.0,3.0,3.09,119.0,1
2026-10-02T15:16:25+00:00,KXHIGHTSATX-26OCT03,"Highest temperature in San Antonio on Oct 3, 2026?",yes-maker,6,97.0,0.0,100.0,3.0,3.09,103.0,0
2026-10-02T15:16:25+00:00,KXGDPYEAR-26,US real GDP growth in 2026?,yes-maker,14,97.1,0.0,100.0,2.9,2.99,112.5,9
2026-10-02T15:16:25+00:00,KXHMONTHRANGE-26SEP,Sep 2026 temperature increase?,yes-maker,6,98.0,0.0,100.0,2.0,2.04,107.0,4
2026-10-02T15:16:25+00:00,KXHIGHTNOLA-26OCT03,"Highest temperature in New Orleans on Oct 3, 2026?",yes-maker,6,98.0,0.0,100.0,2.0,2.04,113.0,0
2026-10-02T15:16:25+00:00,KXHIGHTBOS-26OCT03,"Highest temperature in Boston on Oct 3, 2026?",yes-maker,6,98.0,0.0,100.0,2.0,2.04,101.0,0
2026-10-02T15:16:25+00:00,KXETHY-27JAN0100,Ethereum price at the end of 2026,yes-maker,18,98.7,0.0,100.0,1.3,1.32,100.4,0
2026-10-02T15:16:25+00:00,KXDSENATESEATSH-27,How many Senate seats will Democrats hold after the Midterms? (Higher strikes),yes-maker,7,99.3,0.0,100.0,0.7,0.70,100.1,0
2026-10-02T20:02:51+00:00,KXGDPYEAR-36,US real GDP growth in 2036?,yes,14,91.0,5.5,100.0,3.5,3.83,,
2026-10-02T20:02:51+00:00,KXLOWTSAN-26OCT03,"Lowest temperature in San Diego on Oct 3, 2026?",yes-maker,6,40.0,0.0,100.0,60.0,150.00,119.0,0
2026-10-02T20:02:51+00:00,KXGDPYEAR-36,US real GDP growth in 2036?,yes-maker,14,62.0,0.0,100.0,38.0,61.29,91.0,2
2026-10-02T20:02:51+00:00,KXLOWTDC-26OCT03,"Lowest temperature in Washington DC on Oct 3, 2026?",yes-maker,6,67.0,0.0,100.0,33.0,49.25,126.0,1
2026-10-02T20:02:51+00:00,KXHIGHTEWR-26OCT03,"Highest temperature in Newark on Oct 3, 2026?",yes-maker,6,67.0,0.0,100.0,33.0,49.25,128.0,1
2026-10-02T20:02:51+00:00,KXGDPYEAR-29,US real GDP growth in 2029?,yes-maker,14,70.0,0.0,100.0,30.0,42.86,128.0,1
2026-10-02T20:02:51+00:00,KXLOWTLAX-26OCT03,"Lowest temperature in Los Angeles on Oct 3, 2026?",yes-maker,6,73.0,0.0,100.0,27.0,36.99,113.0,2
2026-10-02T20:02:51+00:00,KXGDPYEAR-34,US real GDP growth in 2034?,yes-maker,14,74.0,0.0,100.0,26.0,35.14,129.0,0
2026-10-02T20:02:51+00:00,KXGDPYEAR-30,US real GDP growth in 2030?,yes-maker,14,74.0,0.0,100.0,26.0,35.14,125.0,3
2026-10-02T20:02:51+00:00,KXLOWTNYC-26OCT03,"Lowest temperature in New York City on Oct 3, 2026?",yes-maker,6,76.0,0.0,100.0,24.0,31.58,129.0,1
2026-10-02T20:02:51+00:00,KXGDPYEAR-35,US real GDP growth in 2035?,yes-maker,14,77.0,0.0,100.0,23.0,29.87,123.0,0
2026-10-02T20:02:51+00:00,KXGDPYEAR-31,US real GDP growth in 2031?,yes-maker,14,78.0,0.0,100.0,22.0,28.21,129.0,0
2026-10-02T20:02:51+00:00,KXGDPYEAR-28,US real GDP growth in 2028?,yes-maker,14,80.0,0.0,100.0,20.0,25.00,122.0,2
2026-10-02T20:02:51+00:00,KXEOTRUMPTERM-29JAN20,How many executive orders will Trump sign in his second term?,yes-maker,12,82.3,0.0,100.0,17.7,21.51,99.0,0
2026-10-02T20:02:51+00:00,KXLOWTDAL-26OCT03,"Lowest temperature in Dallas on Oct 3, 2026?",yes-maker,6,86.0,0.0,100.0,14.0,16.28,112.0,1
2026-10-02T20:02:51+00:00,KXSOCKEYERUN-27,Bristol Bay sockeye run forecast for 2027,yes-maker,6,87.0,0.0,100.0,13.0,14.94,120.00000000000001,1
2026-10-02T20:02:51+00:00,KXLOWTPHX-26OCT03,"Lowest temperature in Phoenix on Oct 3, 2026?",yes-maker,6,87.0,0.0,100.0,13.0,14.94,129.0,0
2026-10-02T20:02:51+00:00,KXPCSAHOUSEVOTES-26SEP30,How many House votes for the Protect College Sports Act?,yes-maker,8,88.0,0.0,100.0,12.0,13.64,97.0,0
2026-10-02T20:02:51+00:00,KXGDPYEAR-27,US real GDP growth in 2027?,yes-maker,14,89.0,0.0,100.0,11.0,12.36,130.0,1
2026-10-02T20:02:51+00:00,KXHOUSEWINSTATE-PAD,How many House seats will Democrats win in Pennsylvania?,yes-maker,8,89.0,0.0,100.0,11.0,12.36,109.0,1
2026-10-02T20:02:51+00:00,KXHOUSEWINSTATE-NYD,How many House seats will Democrats win in New York?,yes-maker,10,89.0,0.0,100.0,11.0,12.36,120.0,2
2026-10-02T20:02:51+00:00,KXLOWTSFO-26OCT03,"Lowest temperature in San Francisco on Oct 3, 2026?",yes-maker,6,89.0,0.0,100.0,11.0,12.36,126.0,1
2026-10-02T20:02:51+00:00,KXLOWTATL-26OCT03,"Lowest temperature in Atlanta on Oct 3, 2026?",yes-maker,6,89.0,0.0,100.0,11.0,12.36,119.0,1
2026-10-02T20:02:51+00:00,KXHOUSEWINSTATE-OHD,How many House seats will Democrats win in Ohio?,yes-maker,7,90.0,0.0,100.0,10.0,11.11,116.0,0
2026-10-02T20:02:51+00:00,KXLOWTLV-26OCT03,"Lowest temperature in Las Vegas on Oct 3, 2026?",yes-maker,6,91.0,0.0,100.0,9.0,9.89,112.0,1
2026-10-02T20:02:51+00:00,KXHOUSEWINSTATE-GAD,How many House seats will Democrats win in Georgia?,yes-maker,5,92.0,0.0,100.0,8.0,8.70,118.0,0
2026-10-02T20:02:51+00:00,KXUSDJPY-26OCT0510,"USD/JPY price on Oct 5, 2026 at 10am EDT?",yes-maker,15,92.0,0.0,100.0,8.0,8.70,130.0,0
2026-10-02T20:02:51+00:00,KXLOWTPHIL-26OCT03,"Lowest temperature in Philadelphia on Oct 3, 2026?",yes-maker,6,92.0,0.0,100.0,8.0,8.70,113.0,2
2026-10-02T20:02:51+00:00,KXHOUSEWINSTATE-AZD,How many House seats will Democrats win in Arizona?,yes-maker,6,93.0,0.0,100.0,7.0,7.53,113.0,1
2026-10-02T20:02:51+00:00,KXHOUSEWINSTATE-FLD,How many House seats will Democrats win in Florida?,yes-maker,9,95.0,0.0,100.0,5.0,5.26,122.0,1
2026-10-02T20:02:51+00:00,KXLOWTNOLA-26OCT03,"Lowest temperature in New Orleans on Oct 3, 2026?",yes-maker,6,95.0,0.0,100.0,5.0,5.26,111.99999999999999,1
2026-10-02T20:02:51+00:00,KXLOWTMIA-26OCT03,"Lowest temperature in Miami on Oct 3, 2026?",yes-maker,6,96.0,0.0,100.0,4.0,4.17,125.0,0
2026-10-02T20:02:51+00:00,KXHOUSEWINSTATE-MID,How many House seats will Democrats win in Michigan?,yes-maker,7,97.0,0.0,100.0,3.0,3.09,111.0,2
2026-10-02T20:02:51+00:00,KXLOWTAUS-26OCT03,"Lowest temperature in Austin on Oct 3, 2026?",yes-maker,6,97.0,0.0,100.0,3.0,3.09,124.0,0
2026-10-02T20:02:51+00:00,KXHIGHTDAL-26OCT03,"Highest temperature in Dallas on Oct 3, 2026?",yes-maker,6,97.0,0.0,100.0,3.0,3.09,97.0,0
2026-10-02T20:02:51+00:00,KXGDPYEAR-26,US real GDP growth in 2026?,yes-maker,14,97.8,0.0,100.0,2.2,2.25,117.6,9
2026-10-02T20:02:51+00:00,KXHIGHTNOLA-26OCT03,"Highest temperature in New Orleans on Oct 3, 2026?",yes-maker,6,98.0,0.0,100.0,2.0,2.04,103.0,0
2026-10-02T20:02:51+00:00,KXHIGHTDC-26OCT03,"Highest temperature in Washington DC on Oct 3, 2026?",yes-maker,6,98.0,0.0,100.0,2.0,2.04,99.0,1
2026-10-02T20:02:51+00:00,KXETHY-27JAN0100,Ethereum price at the end of 2026,yes-maker,18,99.0,0.0,100.0,1.0,1.01,100.2,0
2026-10-02T20:02:51+00:00,KXHMONTHRANGE-26SEP,Sep 2026 temperature increase?,yes-maker,6,99.0,0.0,100.0,1.0,1.01,115.0,4
2026-10-02T20:02:51+00:00,KXLOWTOKC-26OCT03,"Lowest temperature in Oklahoma City on Oct 3, 2026?",yes-maker,6,99.0,0.0,100.0,1.0,1.01,125.0,0
2026-10-02T20:02:51+00:00,KXHIGHTSEA-26OCT03,"Highest temperature in Seattle on Oct 3, 2026?",yes-maker,6,99.0,0.0,100.0,1.0,1.01,101.0,0
2026-10-02T20:02:51+00:00,KXBTCY-27JAN0100,Bitcoin price at the end of 2026,yes-maker,28,99.5,0.0,100.0,0.5,0.50,99.5,0
2026-10-02T23:54:56+00:00,KXGDPYEAR-36,US real GDP growth in 2036?,yes-maker,14,62.0,0.0,100.0,38.0,61.29,97.0,2
2026-10-02T23:54:56+00:00,KXGDPYEAR-29,US real GDP growth in 2029?,yes-maker,14,70.0,0.0,100.0,30.0,42.86,128.0,1
2026-10-02T23:54:56+00:00,KXGDPYEAR-34,US real GDP growth in 2034?,yes-maker,14,71.0,0.0,100.0,29.0,40.85,128.0,0
2026-10-02T23:54:56+00:00,KXGDPYEAR-35,US real GDP growth in 2035?,yes-maker,14,77.0,0.0,100.0,23.0,29.87,123.0,0
2026-10-02T23:54:56+00:00,KXGDPYEAR-31,US real GDP growth in 2031?,yes-maker,14,78.0,0.0,100.0,22.0,28.21,129.0,0
2026-10-02T23:54:56+00:00,KXGDPYEAR-30,US real GDP growth in 2030?,yes-maker,14,80.0,0.0,100.0,20.0,25.00,125.0,3
2026-10-02T23:54:56+00:00,KXGDPYEAR-28,US real GDP growth in 2028?,yes-maker,14,80.0,0.0,100.0,20.0,25.00,122.0,2
2026-10-02T23:54:56+00:00,KXEOTRUMPTERM-29JAN20,How many executive orders will Trump sign in his second term?,yes-maker,12,82.3,0.0,100.0,17.7,21.51,99.0,0
2026-10-02T23:54:56+00:00,KXGDPYEAR-27,US real GDP growth in 2027?,yes-maker,14,89.0,0.0,100.0,11.0,12.36,130.0,1
2026-10-03T03:25:45+00:00,KXLOWTSAN-26OCT03,"Lowest temperature in San Diego on Oct 3, 2026?",yes-maker,6,34.0,0.0,100.0,66.0,194.12,96.0,0
2026-10-03T03:25:45+00:00,KXGDPYEAR-36,US real GDP growth in 2036?,yes-maker,14,62.0,0.0,100.0,38.0,61.29,97.0,2
2026-10-03T03:25:45+00:00,KXGDPYEAR-29,US real GDP growth in 2029?,yes-maker,14,70.0,0.0,100.0,30.0,42.86,128.0,1
2026-10-03T03:25:45+00:00,KXLOWTTTN-26OCT03,"Lowest temperature in Trenton on Oct 3, 2026?",yes-maker,6,70.0,0.0,100.0,30.0,42.86,119.0,2
2026-10-03T03:25:45+00:00,KXLOWTDC-26OCT03,"Lowest temperature in Washington DC on Oct 3, 2026?",yes-maker,6,70.0,0.0,100.0,30.0,42.86,110.0,1
2026-10-03T03:25:45+00:00,KXLOWTSFO-26OCT03,"Lowest temperature in San Francisco on Oct 3, 2026?",yes-maker,6,74.0,0.0,100.0,26.0,35.14,123.00000000000001,1
2026-10-03T03:25:45+00:00,KXHIGHTSAN-26OCT03,"Highest temperature in San Diego on Oct 3, 2026?",yes-maker,6,74.0,0.0,100.0,26.0,35.14,115.0,0
2026-10-03T03:25:45+00:00,KXGDPYEAR-34,US real GDP growth in 2034?,yes-maker,14,75.0,0.0,100.0,25.0,33.33,128.0,0
2026-10-03T03:25:45+00:00,KXGDPYEAR-35,US real GDP growth in 2035?,yes-maker,14,78.0,0.0,100.0,22.0,28.21,123.0,0
2026-10-03T03:25:45+00:00,KXGDPYEAR-31,US real GDP growth in 2031?,yes-maker,14,78.0,0.0,100.0,22.0,28.21,129.0,0
2026-10-03T03:25:45+00:00,KXLOWTLAX-26OCT03,"Lowest temperature in Los Angeles on Oct 3, 2026?",yes-maker,6,79.0,0.0,100.0,21.0,26.58,114.0,1
2026-10-03T03:25:45+00:00,KXLOWTDAL-26OCT03,"Lowest temperature in Dallas on Oct 3, 2026?",yes-maker,6,79.0,0.0,100.0,21.0,26.58,130.0,2
2026-10-03T03:25:45+00:00,KXGDPYEAR-30,US real GDP growth in 2030?,yes-maker,14,80.0,0.0,100.0,20.0,25.00,125.0,3
2026-10-03T03:25:45+00:00,KXGDPYEAR-28,US real GDP growth in 2028?,yes-maker,14,80.0,0.0,100.0,20.0,25.00,122.0,2
2026-10-03T03:25:45+00:00,KXHIGHTEWR-26OCT03,"Highest temperature in Newark on Oct 3, 2026?",yes-maker,6,80.0,0.0,100.0,20.0,25.00,117.0,2
2026-10-03T03:25:45+00:00,KXEOTRUMPTERM-29JAN20,How many executive orders will Trump sign in his second term?,yes-maker,12,82.3,0.0,100.0,17.7,21.51,99.0,0
2026-10-03T03:25:45+00:00,KXSOCKEYERUN-27,Bristol Bay sockeye run forecast for 2027,yes-maker,6,87.0,0.0,100.0,13.0,14.94,126.00000000000001,1
2026-10-03T03:25:45+00:00,KXPCSAHOUSEVOTES-26SEP30,How many House votes for the Protect College Sports Act?,yes-maker,8,88.0,0.0,100.0,12.0,13.64,97.0,0
2026-10-03T03:25:45+00:00,KXGDPYEAR-27,US real GDP growth in 2027?,yes-maker,14,89.0,0.0,100.0,11.0,12.36,130.0,1
2026-10-03T03:25:45+00:00,KXHOUSEWINSTATE-PAD,How many House seats will Democrats win in Pennsylvania?,yes-maker,8,89.0,0.0,100.0,11.0,12.36,118.0,1
2026-10-03T03:25:45+00:00,KXHOUSEWINSTATE-NYD,How many House seats will Democrats win in New York?,yes-maker,10,89.0,0.0,100.0,11.0,12.36,123.0,2
2026-10-03T03:25:45+00:00,KXHOUSEWINSTATE-AZD,How many House seats will Democrats win in Arizona?,yes-maker,6,89.0,0.0,100.0,11.0,12.36,108.0,1
2026-10-03T03:25:45+00:00,KXHIGHTTTN-26OCT03,"Highest temperature in Trenton on Oct 3, 2026?",yes-maker,6,89.0,0.0,100.0,11.0,12.36,123.0,1
2026-10-03T03:25:45+00:00,KXHIGHTNOLA-26OCT03,"Highest temperature in New Orleans on Oct 3, 2026?",yes-maker,6,89.0,0.0,100.0,11.0,12.36,96.0,1
2026-10-03T03:25:45+00:00,KXHOUSEWINSTATE-OHD,How many House seats will Democrats win in Ohio?,yes-maker,7,90.0,0.0,100.0,10.0,11.11,120.0,0
2026-10-03T03:25:45+00:00,KXHOUSEWINSTATE-MND,How many House seats will Democrats win in Minnesota?,yes-maker,5,91.0,0.0,100.0,9.0,9.89,100.0,1
2026-10-03T03:25:45+00:00,KXHOUSEWINSTATE-MID,How many House seats will Democrats win in Michigan?,yes-maker,7,91.0,0.0,100.0,9.0,9.89,112.0,2
2026-10-03T03:25:45+00:00,KXHIGHTSDF-26OCT03,"Highest temperature in Louisville on Oct 3, 2026?",yes-maker,6,91.0,0.0,100.0,9.0,9.89,116.0,2
2026-10-03T03:25:45+00:00,KXHOUSEWINSTATE-GAD,How many House seats will Democrats win in Georgia?,yes-maker,5,92.0,0.0,100.0,8.0,8.70,118.0,0
2026-10-03T03:25:45+00:00,KXGDPYEAR-26,US real GDP growth in 2026?,yes-maker,14,92.6,0.0,100.0,7.4,7.99,109.3,9
2026-10-03T03:25:45+00:00,KXLOWTOKC-26OCT03,"Lowest temperature in Oklahoma City on Oct 3, 2026?",yes-maker,6,94.0,0.0,100.0,6.0,6.38,117.0,0
2026-10-03T03:25:45+00:00,KXHOUSEWINSTATE-FLD,How many House seats will Democrats win in Florida?,yes-maker,9,95.0,0.0,100.0,5.0,5.26,122.0,1
2026-10-03T03:25:45+00:00,KXLOWTPHIL-26OCT03,"Lowest temperature in Philadelphia on Oct 3, 2026?",yes-maker,6,96.0,0.0,100.0,4.0,4.17,111.0,2
2026-10-03T03:25:45+00:00,KXHIGHTSEA-26OCT03,"Highest temperature in Seattle on Oct 3, 2026?",yes-maker,6,97.0,0.0,100.0,3.0,3.09,101.0,0
2026-10-03T03:25:45+00:00,KXHIGHTDC-26OCT03,"Highest temperature in Washington DC on Oct 3, 2026?",yes-maker,6,97.0,0.0,100.0,3.0,3.09,103.0,1
2026-10-03T03:25:45+00:00,KXTRUTHSOCIAL-26OCT03,Trump Truth Social posts this week? (9/27-10/3),yes-maker,10,97.0,0.0,100.0,3.0,3.09,102.0,3
2026-10-03T03:25:45+00:00,KXBTCY-27JAN0100,Bitcoin price at the end of 2026,yes-maker,28,98.3,0.0,100.0,1.7,1.73,98.3,0
2026-10-03T03:25:45+00:00,KXHOUSEWINSTATE-NCD,How many House seats will Democrats win in North Carolina?,yes-maker,7,99.0,0.0,100.0,1.0,1.01,120.0,1
2026-10-03T03:25:45+00:00,KXDSENATESEATSH-27,How many Senate seats will Democrats hold after the Midterms? (Higher strikes),yes-maker,7,99.2,0.0,100.0,0.8,0.81,100.9,0
2026-10-03T03:25:45+00:00,KXETHY-27JAN0100,Ethereum price at the end of 2026,yes-maker,18,99.3,0.0,100.0,0.7,0.70,101.3,0
2026-10-03T09:20:38+00:00,KXLOWTDC-26OCT03,"Lowest temperature in Washington DC on Oct 3, 2026?",yes-maker,6,58.0,0.0,100.0,42.0,72.41,108.0,3
2026-10-03T09:20:38+00:00,KXGDPYEAR-36,US real GDP growth in 2036?,yes-maker,14,62.0,0.0,100.0,38.0,61.29,100.0,2
2026-10-03T09:20:38+00:00,KXLOWTAUS-26OCT03,"Lowest temperature in Austin on Oct 3, 2026?",yes-maker,6,67.0,0.0,100.0,33.0,49.25,107.0,0
2026-10-03T09:20:38+00:00,KXGDPYEAR-34,US real GDP growth in 2034?,yes-maker,14,69.0,0.0,100.0,31.0,44.93,128.0,0
2026-10-03T09:20:38+00:00,KXGDPYEAR-29,US real GDP growth in 2029?,yes-maker,14,70.0,0.0,100.0,30.0,42.86,128.0,1
2026-10-03T09:20:38+00:00,KXLOWTLV-26OCT03,"Lowest temperature in Las Vegas on Oct 3, 2026?",yes-maker,6,70.0,0.0,100.0,30.0,42.86,124.0,1
2026-10-03T09:20:38+00:00,KXLOWTPHX-26OCT03,"Lowest temperature in Phoenix on Oct 3, 2026?",yes-maker,6,71.0,0.0,100.0,29.0,40.85,128.0,0
2026-10-03T09:20:38+00:00,KXLOWTSAN-26OCT03,"Lowest temperature in San Diego on Oct 3, 2026?",yes-maker,6,72.0,0.0,100.0,28.0,38.89,120.0,3
2026-10-03T09:20:38+00:00,KXLOWTEWR-26OCT03,"Lowest temperature in Newark on Oct 3, 2026?",yes-maker,6,74.0,0.0,100.0,26.0,35.14,126.0,3
2026-10-03T09:20:38+00:00,KXGDPYEAR-35,US real GDP growth in 2035?,yes-maker,14,75.0,0.0,100.0,25.0,33.33,123.0,0
2026-10-03T09:20:38+00:00,KXLOWTNYC-26OCT03,"Lowest temperature in New York City on Oct 3, 2026?",yes-maker,6,79.0,0.0,100.0,21.0,26.58,118.0,1
2026-10-03T09:20:38+00:00,KXLOWTATL-26OCT03,"Lowest temperature in Atlanta on Oct 3, 2026?",yes-maker,6,79.0,0.0,100.0,21.0,26.58,116.0,1
2026-10-03T09:20:38+00:00,KXGDPYEAR-28,US real GDP growth in 2028?,yes-maker,14,80.0,0.0,100.0,20.0,25.00,122.0,2
2026-10-03T09:20:38+00:00,KXLOWTTTN-26OCT03,"Lowest temperature in Trenton on Oct 3, 2026?",yes-maker,6,80.0,0.0,100.0,20.0,25.00,130.0,1
2026-10-03T09:20:38+00:00,KXLOWTCHI-26OCT03,"Lowest temperature in Chicago on Oct 3, 2026?",yes-maker,6,80.0,0.0,100.0,20.0,25.00,112.0,3
2026-10-03T09:20:38+00:00,KXGDPYEAR-30,US real GDP growth in 2030?,yes-maker,14,82.0,0.0,100.0,18.0,21.95,125.0,3
2026-10-03T09:20:38+00:00,KXEOTRUMPTERM-29JAN20,How many executive orders will Trump sign in his second term?,yes-maker,12,82.3,0.0,100.0,17.7,21.51,99.0,0
2026-10-03T09:20:38+00:00,KXLOWTSDF-26OCT03,"Lowest temperature in Louisville on Oct 3, 2026?",yes-maker,6,83.0,0.0,100.0,17.0,20.48,130.0,3
2026-10-03T09:20:38+00:00,KXLOWTNOLA-26OCT03,"Lowest temperature in New Orleans on Oct 3, 2026?",yes-maker,6,83.0,0.0,100.0,17.0,20.48,130.0,1
2026-10-03T09:20:38+00:00,KXLOWTHOU-26OCT03,"Lowest temperature in Houston on Oct 3, 2026?",yes-maker,6,85.0,0.0,100.0,15.0,17.65,120.0,2
2026-10-03T09:20:38+00:00,KXSOCKEYERUN-27,Bristol Bay sockeye run forecast for 2027,yes-maker,6,87.0,0.0,100.0,13.0,14.94,126.00000000000001,1
2026-10-03T09:20:38+00:00,KXLOWTSATX-26OCT03,"Lowest temperature in San Antonio on Oct 3, 2026?",yes-maker,6,87.0,0.0,100.0,13.0,14.94,121.0,2
2026-10-03T09:20:38+00:00,KXLOWTDAL-26OCT03,"Lowest temperature in Dallas on Oct 3, 2026?",yes-maker,6,87.0,0.0,100.0,13.0,14.94,118.0,4
2026-10-03T09:20:38+00:00,KXHOUSEWINSTATE-PAD,How many House seats will Democrats win in Pennsylvania?,yes-maker,8,88.0,0.0,100.0,12.0,13.64,119.0,1
2026-10-03T09:20:38+00:00,KXGDPYEAR-27,US real GDP growth in 2027?,yes-maker,14,89.0,0.0,100.0,11.0,12.36,130.0,1
2026-10-03T09:20:38+00:00,KXHOUSEWINSTATE-NYD,How many House seats will Democrats win in New York?,yes-maker,10,89.0,0.0,100.0,11.0,12.36,130.0,2
2026-10-03T09:20:38+00:00,KXPCSAHOUSEVOTES-26SEP30,How many House votes for the Protect College Sports Act?,yes-maker,8,89.0,0.0,100.0,11.0,12.36,99.0,0
2026-10-03T09:20:38+00:00,KXLOWTSFO-26OCT03,"Lowest temperature in San Francisco on Oct 3, 2026?",yes-maker,6,89.0,0.0,100.0,11.0,12.36,123.0,1
2026-10-03T09:20:38+00:00,KXHOUSEWINSTATE-MND,How many House seats will Democrats win in Minnesota?,yes-maker,5,90.0,0.0,100.0,10.0,11.11,101.0,1
2026-10-03T09:20:38+00:00,KXHOUSEWINSTATE-AZD,How many House seats will Democrats win in Arizona?,yes-maker,6,90.0,0.0,100.0,10.0,11.11,113.0,1
2026-10-03T09:20:38+00:00,KXHOUSEWINSTATE-OHD,How many House seats will Democrats win in Ohio?,yes-maker,7,90.0,0.0,100.0,10.0,11.11,126.0,0
2026-10-03T09:20:38+00:00,KXHOUSEWINSTATE-MID,How many House seats will Democrats win in Michigan?,yes-maker,7,91.0,0.0,100.0,9.0,9.89,115.0,2
2026-10-03T09:20:38+00:00,KXHIGHTEWR-26OCT03,"Highest temperature in Newark on Oct 3, 2026?",yes-maker,6,91.0,0.0,100.0,9.0,9.89,122.0,2
2026-10-03T09:20:38+00:00,KXHOUSEWINSTATE-GAD,How many House seats will Democrats win in Georgia?,yes-maker,5,92.0,0.0,100.0,8.0,8.70,119.0,0
2026-10-03T09:20:38+00:00,KXHIGHTTTN-26OCT03,"Highest temperature in Trenton on Oct 3, 2026?",yes-maker,6,93.0,0.0,100.0,7.0,7.53,107.0,2
2026-10-03T09:20:38+00:00,KXHOUSEWINSTATE-FLD,How many House seats will Democrats win in Florida?,yes-maker,9,95.0,0.0,100.0,5.0,5.26,126.0,1
2026-10-03T09:20:38+00:00,KXGDPYEAR-26,US real GDP growth in 2026?,yes-maker,14,95.8,0.0,100.0,4.2,4.38,113.10000000000001,9
2026-10-03T09:20:38+00:00,KXLOWTSEA-26OCT03,"Lowest temperature in Seattle on Oct 3, 2026?",yes-maker,6,96.0,0.0,100.0,4.0,4.17,127.0,0
2026-10-03T09:20:38+00:00,KXHIGHTSATX-26OCT03,"Highest temperature in San Antonio on Oct 3, 2026?",yes-maker,6,96.0,0.0,100.0,4.0,4.17,103.0,1
2026-10-03T09:20:38+00:00,KXLOWTLAX-26OCT03,"Lowest temperature in Los Angeles on Oct 3, 2026?",yes-maker,6,97.0,0.0,100.0,3.0,3.09,112.0,3
2026-10-03T09:20:38+00:00,KXHIGHTBOS-26OCT03,"Highest temperature in Boston on Oct 3, 2026?",yes-maker,6,97.0,0.0,100.0,3.0,3.09,97.0,2
2026-10-03T09:20:38+00:00,KXLOWTPHIL-26OCT03,"Lowest temperature in Philadelphia on Oct 3, 2026?",yes-maker,6,98.0,0.0,100.0,2.0,2.04,110.0,3
2026-10-03T09:20:38+00:00,KXLOWTOKC-26OCT03,"Lowest temperature in Oklahoma City on Oct 3, 2026?",yes-maker,6,98.0,0.0,100.0,2.0,2.04,117.0,0
2026-10-03T09:20:38+00:00,KXLOWTMIN-26OCT03,"Lowest temperature in Minneapolis on Oct 3, 2026?",yes-maker,6,98.0,0.0,100.0,2.0,2.04,121.0,3
2026-10-03T09:20:38+00:00,KXHIGHTMIN-26OCT03,"Highest temperature in Minneapolis on Oct 3, 2026?",yes-maker,6,98.0,0.0,100.0,2.0,2.04,102.0,0
2026-10-03T09:20:38+00:00,KXETHY-27JAN0100,Ethereum price at the end of 2026,yes-maker,18,98.8,0.0,100.0,1.2,1.21,100.2,0
2026-10-03T09:20:38+00:00,KXHOUSEWINSTATE-NCD,How many House seats will Democrats win in North Carolina?,yes-maker,7,99.0,0.0,100.0,1.0,1.01,121.0,1
2026-10-03T09:20:38+00:00,KXHIGHTOKC-26OCT03,"Highest temperature in Oklahoma City on Oct 3, 2026?",yes-maker,6,99.0,0.0,100.0,1.0,1.01,101.0,0
2026-10-03T09:20:38+00:00,KXDSENATESEATSH-27,How many Senate seats will Democrats hold after the Midterms? (Higher strikes),yes-maker,7,99.2,0.0,100.0,0.8,0.81,100.8,0
2026-10-03T14:22:33+00:00,KXTRUMPAPPROVE-26OCT04,"Trump's RCP approval average on Oct 4, 2026?",yes-maker,9,43.0,0.0,100.0,57.0,132.56,112.0,0
2026-10-03T14:22:33+00:00,KXGDPYEAR-36,US real GDP growth in 2036?,yes-maker,14,57.0,0.0,100.0,43.0,75.44,97.0,2
2026-10-03T14:22:33+00:00,KXLOWTDEN-26OCT03,"Lowest temperature in Denver on Oct 3, 2026?",yes-maker,6,65.0,0.0,100.0,35.0,53.85,100.0,1
2026-10-03T14:22:33+00:00,KXGDPYEAR-29,US real GDP growth in 2029?,yes-maker,14,70.0,0.0,100.0,30.0,42.86,128.0,1
2026-10-03T14:22:33+00:00,KXGDPYEAR-35,US real GDP growth in 2035?,yes-maker,14,75.0,0.0,100.0,25.0,33.33,126.0,0
2026-10-03T14:22:33+00:00,KXPCSAHOUSEVOTES-26SEP30,How many House votes for the Protect College Sports Act?,yes-maker,8,75.0,0.0,100.0,25.0,33.33,127.0,0
2026-10-03T14:22:33+00:00,KXLOWTNYC-26OCT04,"Lowest temperature in New York City on Oct 4, 2026?",yes-maker,6,75.0,0.0,100.0,25.0,33.33,126.0,0
2026-10-03T14:22:33+00:00,KXLOWTTTN-26OCT03,"Lowest temperature in Trenton on Oct 3, 2026?",yes-maker,6,79.0,0.0,100.0,21.0,26.58,117.0,3
2026-10-03T14:22:33+00:00,KXLOWTNOLA-26OCT03,"Lowest temperature in New Orleans on Oct 3, 2026?",yes-maker,6,79.0,0.0,100.0,21.0,26.58,126.0,1
2026-10-03T14:22:33+00:00,KXGDPYEAR-28,US real GDP growth in 2028?,yes-maker,14,80.0,0.0,100.0,20.0,25.00,122.0,2
2026-10-03T14:22:33+00:00,KXGDPYEAR-30,US real GDP growth in 2030?,yes-maker,14,82.0,0.0,100.0,18.0,21.95,125.0,3
2026-10-03T14:22:33+00:00,KXLOWTSFO-26OCT04,"Lowest temperature in San Francisco on Oct 4, 2026?",yes-maker,6,82.0,0.0,100.0,18.0,21.95,125.0,0
2026-10-03T14:22:33+00:00,KXEOTRUMPTERM-29JAN20,How many executive orders will Trump sign in his second term?,yes-maker,12,82.3,0.0,100.0,17.7,21.51,99.0,0
2026-10-03T14:22:33+00:00,KXHOUSEWINSTATE-PAD,How many House seats will Democrats win in Pennsylvania?,yes-maker,8,84.0,0.0,100.0,16.0,19.05,114.0,1
2026-10-03T14:22:33+00:00,KXLOWTBOS-26OCT03,"Lowest temperature in Boston on Oct 3, 2026?",yes-maker,6,84.0,0.0,100.0,16.0,19.05,118.0,0
2026-10-03T14:22:33+00:00,KXLOWTBOS-26OCT04,"Lowest temperature in Boston on Oct 4, 2026?",yes-maker,6,85.0,0.0,100.0,15.0,17.65,120.0,1
2026-10-03T14:22:33+00:00,KXLOWTDC-26OCT04,"Lowest temperature in Washington DC on Oct 4, 2026?",yes-maker,6,86.0,0.0,100.0,14.0,16.28,127.0,0
2026-10-03T14:22:33+00:00,KXSOCKEYERUN-27,Bristol Bay sockeye run forecast for 2027,yes-maker,6,87.0,0.0,100.0,13.0,14.94,126.00000000000001,1
2026-10-03T14:22:33+00:00,KXGDPYEAR-27,US real GDP growth in 2027?,yes-maker,14,89.0,0.0,100.0,11.0,12.36,130.0,1
2026-10-03T14:22:33+00:00,KXHOUSEWINSTATE-NYD,How many House seats will Democrats win in New York?,yes-maker,10,89.0,0.0,100.0,11.0,12.36,123.0,2
2026-10-03T14:22:33+00:00,KXHOUSEWINSTATE-AZD,How many House seats will Democrats win in Arizona?,yes-maker,6,89.0,0.0,100.0,11.0,12.36,110.0,1
2026-10-03T14:22:33+00:00,KXLOWTHOU-26OCT04,"Lowest temperature in Houston on Oct 4, 2026?",yes-maker,6,89.0,0.0,100.0,11.0,12.36,111.0,1
2026-10-03T14:22:33+00:00,KXHOUSEWINSTATE-MND,How many House seats will Democrats win in Minnesota?,yes-maker,5,90.0,0.0,100.0,10.0,11.11,99.0,1
2026-10-03T14:22:33+00:00,KXLOWTPHX-26OCT04,"Lowest temperature in Phoenix on Oct 4, 2026?",yes-maker,6,90.0,0.0,100.0,10.0,11.11,119.0,1
2026-10-03T14:22:33+00:00,KXLOWTDAL-26OCT03,"Lowest temperature in Dallas on Oct 3, 2026?",yes-maker,6,90.0,0.0,100.0,10.0,11.11,121.0,4
2026-10-03T14:22:33+00:00,KXLOWTLV-26OCT04,"Lowest temperature in Las Vegas on Oct 4, 2026?",yes-maker,6,91.0,0.0,100.0,9.0,9.89,115.0,1
2026-10-03T14:22:33+00:00,KXLOWTLAX-26OCT04,"Lowest temperature in Los Angeles on Oct 4, 2026?",yes-maker,6,91.0,0.0,100.0,9.0,9.89,120.00000000000001,0
2026-10-03T14:22:33+00:00,KXHOUSEWINSTATE-GAD,How many House seats will Democrats win in Georgia?,yes-maker,5,92.0,0.0,100.0,8.0,8.70,118.0,0
2026-10-03T14:22:33+00:00,KXHOUSEWINSTATE-OHD,How many House seats will Democrats win in Ohio?,yes-maker,7,92.0,0.0,100.0,8.0,8.70,119.0,0
2026-10-03T14:22:33+00:00,KXLOWTSEA-26OCT04,"Lowest temperature in Seattle on Oct 4, 2026?",yes-maker,6,92.0,0.0,100.0,8.0,8.70,118.0,1
2026-10-03T14:22:33+00:00,KXHIGHDEN-26OCT04,"Highest temperature in Denver on Oct 4, 2026?",yes-maker,6,92.0,0.0,100.0,8.0,8.70,108.0,0
2026-10-03T14:22:33+00:00,KXLOWTCHI-26OCT04,"Lowest temperature in Chicago on Oct 4, 2026?",yes-maker,6,93.0,0.0,100.0,7.0,7.53,118.0,0
2026-10-03T14:22:33+00:00,KXHIGHTSFO-26OCT03,"Highest temperature in San Francisco on Oct 3, 2026?",yes-maker,6,93.0,0.0,100.0,7.0,7.53,96.0,0
2026-10-03T14:22:33+00:00,KXGDPYEAR-26,US real GDP growth in 2026?,yes-maker,14,93.5,0.0,100.0,6.5,6.95,114.10000000000001,9
2026-10-03T14:22:33+00:00,KXLOWTATL-26OCT03,"Lowest temperature in Atlanta on Oct 3, 2026?",yes-maker,6,94.0,0.0,100.0,6.0,6.38,106.0,3
2026-10-03T14:22:33+00:00,KXHIGHTTTN-26OCT03,"Highest temperature in Trenton on Oct 3, 2026?",yes-maker,6,94.0,0.0,100.0,6.0,6.38,104.0,2
2026-10-03T14:22:33+00:00,KXHOUSEWINSTATE-FLD,How many House seats will Democrats win in Florida?,yes-maker,9,95.0,0.0,100.0,5.0,5.26,122.0,1
2026-10-03T14:22:33+00:00,KXHOUSEWINSTATE-MID,How many House seats will Democrats win in Michigan?,yes-maker,7,95.0,0.0,100.0,5.0,5.26,113.0,2
2026-10-03T14:22:33+00:00,KXLOWTPHIL-26OCT04,"Lowest temperature in Philadelphia on Oct 4, 2026?",yes-maker,6,95.0,0.0,100.0,5.0,5.26,125.0,0
2026-10-03T14:22:33+00:00,KXHIGHTSEA-26OCT04,"Highest temperature in Seattle on Oct 4, 2026?",yes-maker,6,95.0,0.0,100.0,5.0,5.26,113.0,0
2026-10-03T14:22:33+00:00,KXHIGHTHOU-26OCT04,"Highest temperature in Houston on Oct 4, 2026?",yes-maker,6,95.0,0.0,100.0,5.0,5.26,104.0,0
2026-10-03T14:22:33+00:00,KXLOWTEWR-26OCT03,"Lowest temperature in Newark on Oct 3, 2026?",yes-maker,6,95.0,0.0,100.0,5.0,5.26,115.0,4
2026-10-03T14:22:33+00:00,KXHOUSEWINSTATE-NCD,How many House seats will Democrats win in North Carolina?,yes-maker,7,96.0,0.0,100.0,4.0,4.17,117.0,1
2026-10-03T14:22:33+00:00,KXLOWTSAN-26OCT03,"Lowest temperature in San Diego on Oct 3, 2026?",yes-maker,6,96.0,0.0,100.0,4.0,4.17,119.0,4
2026-10-03T14:22:33+00:00,KXLOWTMIA-26OCT04,"Lowest temperature in Miami on Oct 4, 2026?",yes-maker,6,97.0,0.0,100.0,3.0,3.09,124.0,0
2026-10-03T14:22:33+00:00,KXHIGHTMIN-26OCT04,"Highest temperature in Minneapolis on Oct 4, 2026?",yes-maker,6,97.0,0.0,100.0,3.0,3.09,103.0,0
2026-10-03T14:22:33+00:00,KXHIGHTLV-26OCT04,"Highest temperature in Las Vegas on Oct 4, 2026?",yes-maker,6,97.0,0.0,100.0,3.0,3.09,111.0,1
2026-10-03T14:22:33+00:00,KXLOWTMIA-26OCT03,"Lowest temperature in Miami on Oct 3, 2026?",yes-maker,6,97.0,0.0,100.0,3.0,3.09,112.0,2
2026-10-03T14:22:33+00:00,KXLOWTCHI-26OCT03,"Lowest temperature in Chicago on Oct 3, 2026?",yes-maker,6,97.0,0.0,100.0,3.0,3.09,113.0,4
2026-10-03T14:22:33+00:00,KXHIGHTSATX-26OCT03,"Highest temperature in San Antonio on Oct 3, 2026?",yes-maker,6,97.0,0.0,100.0,3.0,3.09,101.0,1
2026-10-03T14:22:33+00:00,KXHIGHPHIL-26OCT04,"Highest temperature in Philadelphia on Oct 4, 2026?",yes-maker,6,98.0,0.0,100.0,2.0,2.04,102.0,0
2026-10-03T14:22:33+00:00,KXHIGHTNOLA-26OCT03,"Highest temperature in New Orleans on Oct 3, 2026?",yes-maker,6,98.0,0.0,100.0,2.0,2.04,108.0,2
2026-10-03T14:22:33+00:00,KXHIGHTBOS-26OCT03,"Highest temperature in Boston on Oct 3, 2026?",yes-maker,6,98.0,0.0,100.0,2.0,2.04,101.0,3
2026-10-03T14:22:33+00:00,KXETHY-27JAN0100,Ethereum price at the end of 2026,yes-maker,18,98.4,0.0,100.0,1.6,1.63,99.80000000000001,0
2026-10-03T14:22:33+00:00,KXHIGHTATL-26OCT04,"Highest temperature in Atlanta on Oct 4, 2026?",yes-maker,6,99.0,0.0,100.0,1.0,1.01,100.0,0
2026-10-03T14:22:33+00:00,KXLOWTDC-26OCT03,"Lowest temperature in Washington DC on Oct 3, 2026?",yes-maker,6,99.0,0.0,100.0,1.0,1.01,106.0,3
2026-10-03T14:22:33+00:00,KXLOWTAUS-26OCT03,"Lowest temperature in Austin on Oct 3, 2026?",yes-maker,6,99.0,0.0,100.0,1.0,1.01,117.0,2
2026-10-03T14:22:33+00:00,KXDSENATESEATSH-27,How many Senate seats will Democrats hold after the Midterms? (Higher strikes),yes-maker,7,99.2,0.0,100.0,0.8,0.81,100.7,0
2026-10-03T18:05:51+00:00,KXLOWTDEN-26OCT03,"Lowest temperature in Denver on Oct 3, 2026?",yes-maker,6,56.0,0.0,100.0,44.0,78.57,122.0,2
2026-10-03T18:05:51+00:00,KXGDPYEAR-36,US real GDP growth in 2036?,yes-maker,14,57.0,0.0,100.0,43.0,75.44,97.0,2
2026-10-03T18:05:51+00:00,KXLOWTNYC-26OCT04,"Lowest temperature in New York City on Oct 4, 2026?",yes-maker,6,61.0,0.0,100.0,39.0,63.93,118.0,1
2026-10-03T18:05:51+00:00,KXGDPYEAR-29,US real GDP growth in 2029?,yes-maker,14,70.0,0.0,100.0,30.0,42.86,128.0,1
2026-10-03T18:05:51+00:00,KXGDPYEAR-35,US real GDP growth in 2035?,yes-maker,14,75.0,0.0,100.0,25.0,33.33,126.0,0
2026-10-03T18:05:51+00:00,KXLOWTTTN-26OCT04,"Lowest temperature in Trenton on Oct 4, 2026?",yes-maker,6,75.0,0.0,100.0,25.0,33.33,129.0,2
2026-10-03T18:05:51+00:00,KXGDPYEAR-30,US real GDP growth in 2030?,yes-maker,14,76.0,0.0,100.0,24.0,31.58,125.0,3
2026-10-03T18:05:51+00:00,KXPCSAHOUSEVOTES-26SEP30,How many House votes for the Protect College Sports Act?,yes-maker,8,76.0,0.0,100.0,24.0,31.58,123.0,0
2026-10-03T18:05:51+00:00,KXHIGHTSDF-26OCT04,"Highest temperature in Louisville on Oct 4, 2026?",yes-maker,6,78.0,0.0,100.0,22.0,28.21,128.0,1
2026-10-03T18:05:51+00:00,KXGDPYEAR-28,US real GDP growth in 2028?,yes-maker,14,80.0,0.0,100.0,20.0,25.00,122.0,2
2026-10-03T18:05:51+00:00,KXLOWTPHIL-26OCT03,"Lowest temperature in Philadelphia on Oct 3, 2026?",yes-maker,6,81.0,0.0,100.0,19.0,23.46,117.0,3
2026-10-03T18:05:51+00:00,KXLOWTBOS-26OCT03,"Lowest temperature in Boston on Oct 3, 2026?",yes-maker,6,81.0,0.0,100.0,19.0,23.46,120.0,1
2026-10-03T18:05:51+00:00,KXLOWTBOS-26OCT04,"Lowest temperature in Boston on Oct 4, 2026?",yes-maker,6,82.0,0.0,100.0,18.0,21.95,125.0,1
2026-10-03T18:05:51+00:00,KXEOTRUMPTERM-29JAN20,How many executive orders will Trump sign in his second term?,yes-maker,12,82.3,0.0,100.0,17.7,21.51,99.0,0
2026-10-03T18:05:51+00:00,KXHOUSEWINSTATE-PAD,How many House seats will Democrats win in Pennsylvania?,yes-maker,8,84.0,0.0,100.0,16.0,19.05,118.0,1
2026-10-03T18:05:51+00:00,KXLOWTTTN-26OCT03,"Lowest temperature in Trenton on Oct 3, 2026?",yes-maker,6,84.0,0.0,100.0,16.0,19.05,115.0,4
2026-10-03T18:05:51+00:00,KXLOWTHOU-26OCT04,"Lowest temperature in Houston on Oct 4, 2026?",yes-maker,6,86.0,0.0,100.0,14.0,16.28,126.0,1
2026-10-03T18:05:51+00:00,KXSOCKEYERUN-27,Bristol Bay sockeye run forecast for 2027,yes-maker,6,87.0,0.0,100.0,13.0,14.94,126.00000000000001,1
2026-10-03T18:05:51+00:00,KXLOWTMIN-26OCT04,"Lowest temperature in Minneapolis on Oct 4, 2026?",yes-maker,6,87.0,0.0,100.0,13.0,14.94,126.0,1
2026-10-03T18:05:51+00:00,KXLOWTLV-26OCT04,"Lowest temperature in Las Vegas on Oct 4, 2026?",yes-maker,6,87.0,0.0,100.0,13.0,14.94,119.0,1
2026-10-03T18:05:51+00:00,KXLOWTDC-26OCT04,"Lowest temperature in Washington DC on Oct 4, 2026?",yes-maker,6,87.0,0.0,100.0,13.0,14.94,124.0,1
2026-10-03T18:05:51+00:00,KXLOWTNYC-26OCT03,"Lowest temperature in New York City on Oct 3, 2026?",yes-maker,6,87.0,0.0,100.0,13.0,14.94,114.0,3
2026-10-03T18:05:51+00:00,KXGDPYEAR-27,US real GDP growth in 2027?,yes-maker,14,89.0,0.0,100.0,11.0,12.36,130.0,1
2026-10-03T18:05:51+00:00,KXHOUSEWINSTATE-NYD,How many House seats will Democrats win in New York?,yes-maker,10,89.0,0.0,100.0,11.0,12.36,130.0,2
2026-10-03T18:05:51+00:00,KXHOUSEWINSTATE-AZD,How many House seats will Democrats win in Arizona?,yes-maker,6,89.0,0.0,100.0,11.0,12.36,111.0,1
2026-10-03T18:05:51+00:00,KXLOWTSEA-26OCT04,"Lowest temperature in Seattle on Oct 4, 2026?",yes-maker,6,89.0,0.0,100.0,11.0,12.36,130.0,2
2026-10-03T18:05:51+00:00,KXLOWTPHX-26OCT04,"Lowest temperature in Phoenix on Oct 4, 2026?",yes-maker,6,89.0,0.0,100.0,11.0,12.36,122.0,1
2026-10-03T18:05:51+00:00,KXLOWTSFO-26OCT04,"Lowest temperature in San Francisco on Oct 4, 2026?",yes-maker,6,90.0,0.0,100.0,10.0,11.11,117.0,2
2026-10-03T18:05:51+00:00,KXLOWTMIA-26OCT04,"Lowest temperature in Miami on Oct 4, 2026?",yes-maker,6,91.0,0.0,100.0,9.0,9.89,115.0,0
2026-10-03T18:05:51+00:00,KXLOWTEWR-26OCT03,"Lowest temperature in Newark on Oct 3, 2026?",yes-maker,6,91.0,0.0,100.0,9.0,9.89,117.0,4
2026-10-03T18:05:51+00:00,KXHOUSEWINSTATE-GAD,How many House seats will Democrats win in Georgia?,yes-maker,5,92.0,0.0,100.0,8.0,8.70,120.0,0
2026-10-03T18:05:51+00:00,KXHOUSEWINSTATE-OHD,How many House seats will Democrats win in Ohio?,yes-maker,7,92.0,0.0,100.0,8.0,8.70,126.0,0
2026-10-03T18:05:51+00:00,KXLOWTNOLA-26OCT04,"Lowest temperature in New Orleans on Oct 4, 2026?",yes-maker,6,92.0,0.0,100.0,8.0,8.70,122.0,2
2026-10-03T18:05:51+00:00,KXLOWTLAX-26OCT04,"Lowest temperature in Los Angeles on Oct 4, 2026?",yes-maker,6,93.0,0.0,100.0,7.0,7.53,116.0,1
2026-10-03T18:05:51+00:00,KXHIGHTNOLA-26OCT03,"Highest temperature in New Orleans on Oct 3, 2026?",yes-maker,6,93.0,0.0,100.0,7.0,7.53,116.0,3
2026-10-03T18:05:51+00:00,KXLOWTDAL-26OCT04,"Lowest temperature in Dallas on Oct 4, 2026?",yes-maker,6,94.0,0.0,100.0,6.0,6.38,121.0,1
2026-10-03T18:05:51+00:00,KXHIGHTNOLA-26OCT04,"Highest temperature in New Orleans on Oct 4, 2026?",yes-maker,6,94.0,0.0,100.0,6.0,6.38,103.0,0
2026-10-03T18:05:51+00:00,KXLOWTDAL-26OCT03,"Lowest temperature in Dallas on Oct 3, 2026?",yes-maker,6,94.0,0.0,100.0,6.0,6.38,116.0,4
2026-10-03T18:05:51+00:00,KXHOUSEWINSTATE-FLD,How many House seats will Democrats win in Florida?,yes-maker,9,95.0,0.0,100.0,5.0,5.26,125.0,1
2026-10-03T18:05:51+00:00,KXHIGHTSFO-26OCT04,"Highest temperature in San Francisco on Oct 4, 2026?",yes-maker,6,95.0,0.0,100.0,5.0,5.26,98.0,0
2026-10-03T18:05:51+00:00,KXHIGHTLV-26OCT04,"Highest temperature in Las Vegas on Oct 4, 2026?",yes-maker,6,95.0,0.0,100.0,5.0,5.26,104.0,2
2026-10-03T18:05:51+00:00,KXHIGHAUS-26OCT04,"Highest temperature in Austin on Oct 4, 2026?",yes-maker,6,95.0,0.0,100.0,5.0,5.26,100.0,0
2026-10-03T18:05:51+00:00,KXHIGHTHOU-26OCT03,"Highest temperature in Houston on Oct 3, 2026?",yes-maker,6,95.0,0.0,100.0,5.0,5.26,107.0,4
2026-10-03T18:05:51+00:00,KXHIGHTATL-26OCT03,"Highest temperature in Atlanta on Oct 3, 2026?",yes-maker,6,95.0,0.0,100.0,5.0,5.26,100.0,3
2026-10-03T18:05:51+00:00,KXHIGHPHIL-26OCT03,"Highest temperature in Philadelphia on Oct 3, 2026?",yes-maker,6,95.0,0.0,100.0,5.0,5.26,106.0,4
2026-10-03T18:05:51+00:00,KXHOUSEWINSTATE-MID,How many House seats will Democrats win in Michigan?,yes-maker,7,96.0,0.0,100.0,4.0,4.17,115.0,2
2026-10-03T18:05:51+00:00,KXLOWTCHI-26OCT04,"Lowest temperature in Chicago on Oct 4, 2026?",yes-maker,6,96.0,0.0,100.0,4.0,4.17,120.0,1
2026-10-03T18:05:51+00:00,KXHIGHTDC-26OCT04,"Highest temperature in Washington DC on Oct 4, 2026?",yes-maker,6,96.0,0.0,100.0,4.0,4.17,104.0,1
2026-10-03T18:05:51+00:00,KXLOWTMIA-26OCT03,"Lowest temperature in Miami on Oct 3, 2026?",yes-maker,6,96.0,0.0,100.0,4.0,4.17,104.0,3
2026-10-03T18:05:51+00:00,KXGDPYEAR-26,US real GDP growth in 2026?,yes-maker,14,96.7,0.0,100.0,3.3,3.41,112.3,5
2026-10-03T18:05:51+00:00,KXHOUSEWINSTATE-NCD,How many House seats will Democrats win in North Carolina?,yes-maker,7,97.0,0.0,100.0,3.0,3.09,119.0,1
2026-10-03T18:05:51+00:00,KXHIGHTDAL-26OCT03,"Highest temperature in Dallas on Oct 3, 2026?",yes-maker,6,97.0,0.0,100.0,3.0,3.09,113.0,1
2026-10-03T18:05:51+00:00,KXHOUSEWINSTATE-MND,How many House seats will Democrats win in Minnesota?,yes-maker,5,98.0,0.0,100.0,2.0,2.04,104.0,1
2026-10-03T18:05:51+00:00,KXLOWTPHIL-26OCT04,"Lowest temperature in Philadelphia on Oct 4, 2026?",yes-maker,6,98.0,0.0,100.0,2.0,2.04,113.0,3
2026-10-03T18:05:51+00:00,KXHIGHTPHX-26OCT04,"Highest temperature in Phoenix on Oct 4, 2026?",yes-maker,6,98.0,0.0,100.0,2.0,2.04,105.0,1
2026-10-03T18:05:51+00:00,KXETHY-27JAN0100,Ethereum price at the end of 2026,yes-maker,18,98.8,0.0,100.0,1.2,1.21,100.2,0
2026-10-03T18:05:51+00:00,KXLOWTATL-26OCT03,"Lowest temperature in Atlanta on Oct 3, 2026?",yes-maker,6,99.0,0.0,100.0,1.0,1.01,104.0,5
2026-10-03T18:05:51+00:00,KXHIGHTSATX-26OCT03,"Highest temperature in San Antonio on Oct 3, 2026?",yes-maker,6,99.0,0.0,100.0,1.0,1.01,103.0,1
2026-10-03T21:37:05+00:00,KXLOWTDEN-26OCT03,"Lowest temperature in Denver on Oct 3, 2026?",yes-maker,6,42.0,0.0,100.0,58.0,138.10,116.0,2
2026-10-03T21:37:05+00:00,KXGDPYEAR-36,US real GDP growth in 2036?,yes-maker,14,57.0,0.0,100.0,43.0,75.44,97.0,2
2026-10-03T21:37:05+00:00,KXGDPYEAR-29,US real GDP growth in 2029?,yes-maker,14,70.0,0.0,100.0,30.0,42.86,128.0,1
2026-10-03T21:37:05+00:00,KXLOWTNYC-26OCT04,"Lowest temperature in New York City on Oct 4, 2026?",yes-maker,6,71.0,0.0,100.0,29.0,40.85,121.0,2
2026-10-03T21:37:05+00:00,KXLOWTTTN-26OCT04,"Lowest temperature in Trenton on Oct 4, 2026?",yes-maker,6,74.0,0.0,100.0,26.0,35.14,120.0,2
2026-10-03T21:37:05+00:00,KXGDPYEAR-35,US real GDP growth in 2035?,yes-maker,14,75.0,0.0,100.0,25.0,33.33,126.0,0
2026-10-03T21:37:05+00:00,KXGDPYEAR-30,US real GDP growth in 2030?,yes-maker,14,76.0,0.0,100.0,24.0,31.58,125.0,3
2026-10-03T21:37:05+00:00,KXPCSAHOUSEVOTES-26SEP30,How many House votes for the Protect College Sports Act?,yes-maker,8,78.0,0.0,100.0,22.0,28.21,121.0,0
2026-10-03T21:37:05+00:00,KXLOWTLAX-26OCT04,"Lowest temperature in Los Angeles on Oct 4, 2026?",yes-maker,6,78.0,0.0,100.0,22.0,28.21,114.0,1
2026-10-03T21:37:05+00:00,KXLOWTDEN-26OCT04,"Lowest temperature in Denver on Oct 4, 2026?",yes-maker,6,78.0,0.0,100.0,22.0,28.21,121.0,0
2026-10-03T21:37:05+00:00,KXGDPYEAR-28,US real GDP growth in 2028?,yes-maker,14,80.0,0.0,100.0,20.0,25.00,122.0,2
2026-10-03T21:37:05+00:00,KXLOWTBOS-26OCT04,"Lowest temperature in Boston on Oct 4, 2026?",yes-maker,6,81.0,0.0,100.0,19.0,23.46,123.0,2
2026-10-03T21:37:05+00:00,KXEOTRUMPTERM-29JAN20,How many executive orders will Trump sign in his second term?,yes-maker,12,82.3,0.0,100.0,17.7,21.51,99.0,0
2026-10-03T21:37:05+00:00,KXLOWTHOU-26OCT04,"Lowest temperature in Houston on Oct 4, 2026?",yes-maker,6,83.0,0.0,100.0,17.0,20.48,126.0,1
2026-10-03T21:37:05+00:00,KXLOWTAUS-26OCT04,"Lowest temperature in Austin on Oct 4, 2026?",yes-maker,6,83.0,0.0,100.0,17.0,20.48,126.0,0
2026-10-03T21:37:05+00:00,KXLOWTBOS-26OCT03,"Lowest temperature in Boston on Oct 3, 2026?",yes-maker,6,83.0,0.0,100.0,17.0,20.48,113.0,1
2026-10-03T21:37:05+00:00,KXHOUSEWINSTATE-PAD,How many House seats will Democrats win in Pennsylvania?,yes-maker,8,84.0,0.0,100.0,16.0,19.05,118.0,1
2026-10-03T21:37:05+00:00,KXLOWTMIN-26OCT04,"Lowest temperature in Minneapolis on Oct 4, 2026?",yes-maker,6,84.0,0.0,100.0,16.0,19.05,115.0,0
2026-10-03T21:37:05+00:00,KXLOWTTTN-26OCT03,"Lowest temperature in Trenton on Oct 3, 2026?",yes-maker,6,84.0,0.0,100.0,16.0,19.05,124.0,4
2026-10-03T21:37:05+00:00,KXLOWTSFO-26OCT04,"Lowest temperature in San Francisco on Oct 4, 2026?",yes-maker,6,85.0,0.0,100.0,15.0,17.65,113.0,2
2026-10-03T21:37:05+00:00,KXLOWTLV-26OCT04,"Lowest temperature in Las Vegas on Oct 4, 2026?",yes-maker,6,85.0,0.0,100.0,15.0,17.65,116.0,1
2026-10-03T21:37:05+00:00,KXLOWTCHI-26OCT04,"Lowest temperature in Chicago on Oct 4, 2026?",yes-maker,6,85.0,0.0,100.0,15.0,17.65,119.0,1
2026-10-03T21:37:05+00:00,KXLOWTMIA-26OCT04,"Lowest temperature in Miami on Oct 4, 2026?",yes-maker,6,86.0,0.0,100.0,14.0,16.28,117.0,1
2026-10-03T21:37:05+00:00,KXSOCKEYERUN-27,Bristol Bay sockeye run forecast for 2027,yes-maker,6,87.0,0.0,100.0,13.0,14.94,126.00000000000001,1
2026-10-03T21:37:05+00:00,KXLOWTDC-26OCT04,"Lowest temperature in Washington DC on Oct 4, 2026?",yes-maker,6,87.0,0.0,100.0,13.0,14.94,127.0,1
2026-10-03T21:37:05+00:00,KXGDPYEAR-27,US real GDP growth in 2027?,yes-maker,14,89.0,0.0,100.0,11.0,12.36,130.0,1
2026-10-03T21:37:05+00:00,KXHOUSEWINSTATE-NYD,How many House seats will Democrats win in New York?,yes-maker,10,89.0,0.0,100.0,11.0,12.36,130.0,2
2026-10-03T21:37:05+00:00,KXHOUSEWINSTATE-AZD,How many House seats will Democrats win in Arizona?,yes-maker,6,89.0,0.0,100.0,11.0,12.36,113.0,1
2026-10-03T21:37:05+00:00,KXLOWTNOLA-26OCT03,"Lowest temperature in New Orleans on Oct 3, 2026?",yes-maker,6,89.0,0.0,100.0,11.0,12.36,123.0,1
2026-10-03T21:37:05+00:00,KXLOWTPHX-26OCT04,"Lowest temperature in Phoenix on Oct 4, 2026?",yes-maker,6,90.0,0.0,100.0,10.0,11.11,116.0,1
2026-10-03T21:37:05+00:00,KXLOWTEWR-26OCT03,"Lowest temperature in Newark on Oct 3, 2026?",yes-maker,6,90.0,0.0,100.0,10.0,11.11,107.0,4
2026-10-03T21:37:05+00:00,KXLOWTSEA-26OCT04,"Lowest temperature in Seattle on Oct 4, 2026?",yes-maker,6,91.0,0.0,100.0,9.0,9.89,128.0,2
2026-10-03T21:37:05+00:00,KXHIGHTDC-26OCT04,"Highest temperature in Washington DC on Oct 4, 2026?",yes-maker,6,91.0,0.0,100.0,9.0,9.89,101.0,1
2026-10-03T21:37:05+00:00,KXHIGHPHIL-26OCT04,"Highest temperature in Philadelphia on Oct 4, 2026?",yes-maker,6,91.0,0.0,100.0,9.0,9.89,99.0,0
2026-10-03T21:37:05+00:00,KXLOWTPHIL-26OCT03,"Lowest temperature in Philadelphia on Oct 3, 2026?",yes-maker,6,91.0,0.0,100.0,9.0,9.89,113.0,3
2026-10-03T21:37:05+00:00,KXHOUSEWINSTATE-GAD,How many House seats will Democrats win in Georgia?,yes-maker,5,92.0,0.0,100.0,8.0,8.70,120.0,0
2026-10-03T21:37:05+00:00,KXHOUSEWINSTATE-OHD,How many House seats will Democrats win in Ohio?,yes-maker,7,92.0,0.0,100.0,8.0,8.70,124.0,0
2026-10-03T21:37:05+00:00,KXLOWTDAL-26OCT04,"Lowest temperature in Dallas on Oct 4, 2026?",yes-maker,6,92.0,0.0,100.0,8.0,8.70,122.0,3
2026-10-03T21:37:05+00:00,KXHIGHTSEA-26OCT03,"Highest temperature in Seattle on Oct 3, 2026?",yes-maker,6,92.0,0.0,100.0,8.0,8.70,105.0,1
2026-10-03T21:37:05+00:00,KXLOWTOKC-26OCT04,"Lowest temperature in Oklahoma City on Oct 4, 2026?",yes-maker,6,93.0,0.0,100.0,7.0,7.53,116.0,0
2026-10-03T21:37:05+00:00,KXHIGHTTTN-26OCT04,"Highest temperature in Trenton on Oct 4, 2026?",yes-maker,6,93.0,0.0,100.0,7.0,7.53,128.0,1
2026-10-03T21:37:05+00:00,KXLOWTNYC-26OCT03,"Lowest temperature in New York City on Oct 3, 2026?",yes-maker,6,93.0,0.0,100.0,7.0,7.53,128.0,3
2026-10-03T21:37:05+00:00,KXHOUSEWINSTATE-MID,How many House seats will Democrats win in Michigan?,yes-maker,7,94.0,0.0,100.0,6.0,6.38,118.0,2
2026-10-03T21:37:05+00:00,KXHOUSEWINSTATE-FLD,How many House seats will Democrats win in Florida?,yes-maker,9,95.0,0.0,100.0,5.0,5.26,125.0,1
2026-10-03T21:37:05+00:00,KXLOWTPHIL-26OCT04,"Lowest temperature in Philadelphia on Oct 4, 2026?",yes-maker,6,95.0,0.0,100.0,5.0,5.26,109.0,3
2026-10-03T21:37:05+00:00,KXTRUTHSOCIAL-26OCT03,Trump Truth Social posts this week? (9/27-10/3),yes-maker,10,96.0,0.0,100.0,4.0,4.17,97.0,6
2026-10-03T21:37:05+00:00,KXGDPYEAR-26,US real GDP growth in 2026?,yes-maker,14,97.0,0.0,100.0,3.0,3.09,112.5,5
2026-10-03T21:37:05+00:00,KXHIGHAUS-26OCT03,"Highest temperature in Austin on Oct 3, 2026?",yes-maker,6,98.0,0.0,100.0,2.0,2.04,111.0,4
2026-10-03T21:37:05+00:00,KXHIGHTSEA-26OCT04,"Highest temperature in Seattle on Oct 4, 2026?",yes-maker,6,99.0,0.0,100.0,1.0,1.01,105.0,0
2026-10-03T21:37:05+00:00,KXHIGHTMIN-26OCT04,"Highest temperature in Minneapolis on Oct 4, 2026?",yes-maker,6,99.0,0.0,100.0,1.0,1.01,102.0,0
2026-10-03T21:37:05+00:00,KXHIGHTLV-26OCT04,"Highest temperature in Las Vegas on Oct 4, 2026?",yes-maker,6,99.0,0.0,100.0,1.0,1.01,100.0,2
2026-10-03T21:37:05+00:00,KXHIGHTHOU-26OCT04,"Highest temperature in Houston on Oct 4, 2026?",yes-maker,6,99.0,0.0,100.0,1.0,1.01,103.0,0
2026-10-03T21:37:05+00:00,KXHIGHTDAL-26OCT03,"Highest temperature in Dallas on Oct 3, 2026?",yes-maker,6,99.0,0.0,100.0,1.0,1.01,108.0,3
2026-10-03T21:37:05+00:00,KXETHY-27JAN0100,Ethereum price at the end of 2026,yes-maker,18,99.2,0.0,100.0,0.8,0.81,100.7,0
2026-10-04T00:18:32+00:00,KXGDPYEAR-36,US real GDP growth in 2036?,yes-maker,14,57.0,0.0,100.0,43.0,75.44,97.0,2
2026-10-04T00:18:32+00:00,KXLOWTMIA-26OCT04,"Lowest temperature in Miami on Oct 4, 2026?",yes-maker,6,65.0,0.0,100.0,35.0,53.85,116.0,1
2026-10-04T00:18:32+00:00,KXGDPYEAR-29,US real GDP growth in 2029?,yes-maker,14,70.0,0.0,100.0,30.0,42.86,128.0,1
2026-10-04T00:18:32+00:00,KXLOWTBOS-26OCT04,"Lowest temperature in Boston on Oct 4, 2026?",yes-maker,6,73.0,0.0,100.0,27.0,36.99,123.0,2
2026-10-04T00:18:32+00:00,KXLOWTLAX-26OCT04,"Lowest temperature in Los Angeles on Oct 4, 2026?",yes-maker,6,74.0,0.0,100.0,26.0,35.14,116.0,1
2026-10-04T00:18:32+00:00,KXLOWTMIN-26OCT04,"Lowest temperature in Minneapolis on Oct 4, 2026?",yes-maker,6,75.0,0.0,100.0,25.0,33.33,120.0,0
2026-10-04T00:18:32+00:00,KXGDPYEAR-35,US real GDP growth in 2035?,yes-maker,14,76.0,0.0,100.0,24.0,31.58,126.0,0
2026-10-04T00:18:32+00:00,KXGDPYEAR-30,US real GDP growth in 2030?,yes-maker,14,76.0,0.0,100.0,24.0,31.58,125.0,3
2026-10-04T00:18:32+00:00,KXLOWTTTN-26OCT04,"Lowest temperature in Trenton on Oct 4, 2026?",yes-maker,6,76.0,0.0,100.0,24.0,31.58,128.0,3
2026-10-04T00:18:32+00:00,KXPCSAHOUSEVOTES-26SEP30,How many House votes for the Protect College Sports Act?,yes-maker,8,78.0,0.0,100.0,22.0,28.21,121.0,0
2026-10-04T00:18:32+00:00,KXGDPYEAR-28,US real GDP growth in 2028?,yes-maker,14,80.0,0.0,100.0,20.0,25.00,122.0,2
2026-10-04T00:18:32+00:00,KXLOWTHOU-26OCT04,"Lowest temperature in Houston on Oct 4, 2026?",yes-maker,6,81.0,0.0,100.0,19.0,23.46,124.0,1
2026-10-04T00:18:32+00:00,KXEOTRUMPTERM-29JAN20,How many executive orders will Trump sign in his second term?,yes-maker,12,82.3,0.0,100.0,17.7,21.51,99.0,0
2026-10-04T00:18:32+00:00,KXLOWTCHI-26OCT04,"Lowest temperature in Chicago on Oct 4, 2026?",yes-maker,6,83.0,0.0,100.0,17.0,20.48,126.0,1
2026-10-04T00:18:32+00:00,KXHOUSEWINSTATE-PAD,How many House seats will Democrats win in Pennsylvania?,yes-maker,8,84.0,0.0,100.0,16.0,19.05,118.0,1
2026-10-04T00:18:32+00:00,KXLOWTNYC-26OCT04,"Lowest temperature in New York City on Oct 4, 2026?",yes-maker,6,86.0,0.0,100.0,14.0,16.28,115.0,2
2026-10-04T00:18:32+00:00,KXLOWTDC-26OCT04,"Lowest temperature in Washington DC on Oct 4, 2026?",yes-maker,6,86.0,0.0,100.0,14.0,16.28,119.0,1
2026-10-04T00:18:32+00:00,KXHIGHTSAN-26OCT04,"Highest temperature in San Diego on Oct 4, 2026?",yes-maker,6,86.0,0.0,100.0,14.0,16.28,129.0,0
2026-10-04T00:18:32+00:00,KXSOCKEYERUN-27,Bristol Bay sockeye run forecast for 2027,yes-maker,6,87.0,0.0,100.0,13.0,14.94,126.00000000000001,1
2026-10-04T00:18:32+00:00,KXLOWTOKC-26OCT04,"Lowest temperature in Oklahoma City on Oct 4, 2026?",yes-maker,6,87.0,0.0,100.0,13.0,14.94,116.0,0
2026-10-04T00:18:32+00:00,KXHOUSEWINSTATE-NYD,How many House seats will Democrats win in New York?,yes-maker,10,88.0,0.0,100.0,12.0,13.64,129.0,2
2026-10-04T00:18:32+00:00,KXLOWTSFO-26OCT04,"Lowest temperature in San Francisco on Oct 4, 2026?",yes-maker,6,88.0,0.0,100.0,12.0,13.64,110.0,2
2026-10-04T00:18:32+00:00,KXLOWTTTN-26OCT03,"Lowest temperature in Trenton on Oct 3, 2026?",yes-maker,6,88.0,0.0,100.0,12.0,13.64,123.0,4
2026-10-04T00:18:32+00:00,KXGDPYEAR-27,US real GDP growth in 2027?,yes-maker,14,89.0,0.0,100.0,11.0,12.36,130.0,1
2026-10-04T00:18:32+00:00,KXHOUSEWINSTATE-AZD,How many House seats will Democrats win in Arizona?,yes-maker,6,89.0,0.0,100.0,11.0,12.36,113.0,1
2026-10-04T00:18:32+00:00,KXLOWTSEA-26OCT04,"Lowest temperature in Seattle on Oct 4, 2026?",yes-maker,6,91.0,0.0,100.0,9.0,9.89,127.0,2
2026-10-04T00:18:32+00:00,KXLOWTLV-26OCT04,"Lowest temperature in Las Vegas on Oct 4, 2026?",yes-maker,6,91.0,0.0,100.0,9.0,9.89,103.0,1
2026-10-04T00:18:32+00:00,KXLOWTNOLA-26OCT03,"Lowest temperature in New Orleans on Oct 3, 2026?",yes-maker,6,91.0,0.0,100.0,9.0,9.89,122.0,2
2026-10-04T00:18:32+00:00,KXHOUSEWINSTATE-GAD,How many House seats will Democrats win in Georgia?,yes-maker,5,92.0,0.0,100.0,8.0,8.70,120.0,0
2026-10-04T00:18:32+00:00,KXLOWTPHIL-26OCT04,"Lowest temperature in Philadelphia on Oct 4, 2026?",yes-maker,6,93.0,0.0,100.0,7.0,7.53,118.0,3
2026-10-04T00:18:32+00:00,KXLOWTPHIL-26OCT03,"Lowest temperature in Philadelphia on Oct 3, 2026?",yes-maker,6,94.0,0.0,100.0,6.0,6.38,116.0,3
2026-10-04T00:18:32+00:00,KXHOUSEWINSTATE-FLD,How many House seats will Democrats win in Florida?,yes-maker,9,95.0,0.0,100.0,5.0,5.26,125.0,1
2026-10-04T00:18:32+00:00,KXHOUSEWINSTATE-MID,How many House seats will Democrats win in Michigan?,yes-maker,7,95.0,0.0,100.0,5.0,5.26,117.0,2
2026-10-04T00:18:32+00:00,KXLOWTEWR-26OCT03,"Lowest temperature in Newark on Oct 3, 2026?",yes-maker,6,95.0,0.0,100.0,5.0,5.26,106.0,4
2026-10-04T00:18:32+00:00,KXHOUSEWINSTATE-OHD,How many House seats will Democrats win in Ohio?,yes-maker,7,96.0,0.0,100.0,4.0,4.17,126.0,0
2026-10-04T00:18:32+00:00,KXLOWTAUS-26OCT04,"Lowest temperature in Austin on Oct 4, 2026?",yes-maker,6,96.0,0.0,100.0,4.0,4.17,119.0,0
2026-10-04T00:18:32+00:00,KXHIGHTEWR-26OCT04,"Highest temperature in Newark on Oct 4, 2026?",yes-maker,6,96.0,0.0,100.0,4.0,4.17,115.0,0
2026-10-04T00:18:32+00:00,KXLOWTNYC-26OCT03,"Lowest temperature in New York City on Oct 3, 2026?",yes-maker,6,96.0,0.0,100.0,4.0,4.17,115.0,4
2026-10-04T00:18:32+00:00,KXGDPYEAR-26,US real GDP growth in 2026?,yes-maker,14,97.0,0.0,100.0,3.0,3.09,112.5,5
2026-10-04T00:18:32+00:00,KXLOWTDAL-26OCT04,"Lowest temperature in Dallas on Oct 4, 2026?",yes-maker,6,97.0,0.0,100.0,3.0,3.09,128.0,3
2026-10-04T00:18:32+00:00,KXHIGHTDC-26OCT04,"Highest temperature in Washington DC on Oct 4, 2026?",yes-maker,6,97.0,0.0,100.0,3.0,3.09,107.0,1
2026-10-04T00:18:32+00:00,KXLOWTDEN-26OCT03,"Lowest temperature in Denver on Oct 3, 2026?",yes-maker,6,97.0,0.0,100.0,3.0,3.09,113.0,2
2026-10-04T00:18:32+00:00,KXHIGHTSFO-26OCT04,"Highest temperature in San Francisco on Oct 4, 2026?",yes-maker,6,98.0,0.0,100.0,2.0,2.04,100.0,0
2026-10-04T00:18:32+00:00,KXLOWTMIA-26OCT03,"Lowest temperature in Miami on Oct 3, 2026?",yes-maker,6,98.0,0.0,100.0,2.0,2.04,110.0,4
2026-10-04T00:18:32+00:00,KXLOWTDC-26OCT03,"Lowest temperature in Washington DC on Oct 3, 2026?",yes-maker,6,98.0,0.0,100.0,2.0,2.04,109.0,4
2026-10-04T00:18:32+00:00,KXBTCY-27JAN0100,Bitcoin price at the end of 2026,yes-maker,28,98.2,0.0,100.0,1.8,1.83,98.5,0
2026-10-04T00:18:32+00:00,KXLOWTSEA-26OCT03,"Lowest temperature in Seattle on Oct 3, 2026?",yes-maker,6,99.0,0.0,100.0,1.0,1.01,109.0,4
2026-10-04T00:18:32+00:00,KXETHY-27JAN0100,Ethereum price at the end of 2026,yes-maker,18,99.5,0.0,100.0,0.5,0.50,101.0,0
2026-10-04T06:09:53+00:00,KXGDPYEAR-36,US real GDP growth in 2036?,yes-maker,14,56.0,0.0,100.0,44.0,78.57,97.0,2
2026-10-04T06:09:53+00:00,KXLOWTMIN-26OCT04,"Lowest temperature in Minneapolis on Oct 4, 2026?",yes-maker,6,66.0,0.0,100.0,34.0,51.52,127.0,1
2026-10-04T06:09:53+00:00,KXLOWTBOS-26OCT04,"Lowest temperature in Boston on Oct 4, 2026?",yes-maker,6,69.0,0.0,100.0,31.0,44.93,100.0,2
2026-10-04T06:09:53+00:00,KXGDPYEAR-29,US real GDP growth in 2029?,yes-maker,14,70.0,0.0,100.0,30.0,42.86,128.0,1
2026-10-04T06:09:53+00:00,KXGDPYEAR-35,US real GDP growth in 2035?,yes-maker,14,72.0,0.0,100.0,28.0,38.89,126.0,0
2026-10-04T06:09:53+00:00,KXLOWTEWR-26OCT04,"Lowest temperature in Newark on Oct 4, 2026?",yes-maker,6,74.0,0.0,100.0,26.0,35.14,116.0,3
2026-10-04T06:09:53+00:00,KXLOWTNOLA-26OCT04,"Lowest temperature in New Orleans on Oct 4, 2026?",yes-maker,6,75.0,0.0,100.0,25.0,33.33,122.0,2
2026-10-04T06:09:53+00:00,KXGDPYEAR-30,US real GDP growth in 2030?,yes-maker,14,78.0,0.0,100.0,22.0,28.21,124.0,3
2026-10-04T06:09:53+00:00,KXHIGHTEWR-26OCT04,"Highest temperature in Newark on Oct 4, 2026?",yes-maker,6,78.0,0.0,100.0,22.0,28.21,101.0,2
2026-10-04T06:09:53+00:00,KXGDPYEAR-28,US real GDP growth in 2028?,yes-maker,14,80.0,0.0,100.0,20.0,25.00,122.0,2
2026-10-04T06:09:53+00:00,KXLOWTCHI-26OCT04,"Lowest temperature in Chicago on Oct 4, 2026?",yes-maker,6,81.0,0.0,100.0,19.0,23.46,126.0,2
2026-10-04T06:09:53+00:00,KXHIGHTSAN-26OCT04,"Highest temperature in San Diego on Oct 4, 2026?",yes-maker,6,82.0,0.0,100.0,18.0,21.95,104.0,0
2026-10-04T06:09:53+00:00,KXEOTRUMPTERM-29JAN20,How many executive orders will Trump sign in his second term?,yes-maker,12,82.3,0.0,100.0,17.7,21.51,99.0,0
2026-10-04T06:09:53+00:00,KXLOWTDAL-26OCT04,"Lowest temperature in Dallas on Oct 4, 2026?",yes-maker,6,83.0,0.0,100.0,17.0,20.48,126.0,2
2026-10-04T06:09:53+00:00,KXHOUSEWINSTATE-PAD,How many House seats will Democrats win in Pennsylvania?,yes-maker,8,84.0,0.0,100.0,16.0,19.05,114.0,1
2026-10-04T06:09:53+00:00,KXLOWTOKC-26OCT04,"Lowest temperature in Oklahoma City on Oct 4, 2026?",yes-maker,6,84.0,0.0,100.0,16.0,19.05,121.0,0
2026-10-04T06:09:53+00:00,KXLOWTSEA-26OCT04,"Lowest temperature in Seattle on Oct 4, 2026?",yes-maker,6,86.0,0.0,100.0,14.0,16.28,119.0,2
2026-10-04T06:09:53+00:00,KXLOWTATL-26OCT04,"Lowest temperature in Atlanta on Oct 4, 2026?",yes-maker,6,86.0,0.0,100.0,14.0,16.28,113.0,1
2026-10-04T06:09:53+00:00,KXSOCKEYERUN-27,Bristol Bay sockeye run forecast for 2027,yes-maker,6,87.0,0.0,100.0,13.0,14.94,126.00000000000001,1
2026-10-04T06:09:53+00:00,KXLOWTDC-26OCT04,"Lowest temperature in Washington DC on Oct 4, 2026?",yes-maker,6,87.0,0.0,100.0,13.0,14.94,118.0,2
2026-10-04T06:09:53+00:00,KXHOUSEWINSTATE-NYD,How many House seats will Democrats win in New York?,yes-maker,10,88.0,0.0,100.0,12.0,13.64,124.0,2
2026-10-04T06:09:53+00:00,KXGDPYEAR-27,US real GDP growth in 2027?,yes-maker,14,89.0,0.0,100.0,11.0,12.36,130.0,1
2026-10-04T06:09:53+00:00,KXHOUSEWINSTATE-AZD,How many House seats will Democrats win in Arizona?,yes-maker,6,90.0,0.0,100.0,10.0,11.11,110.0,1
2026-10-04T06:09:53+00:00,KXLOWTSATX-26OCT04,"Lowest temperature in San Antonio on Oct 4, 2026?",yes-maker,6,90.0,0.0,100.0,10.0,11.11,109.0,2
2026-10-04T06:09:53+00:00,KXLOWTNYC-26OCT04,"Lowest temperature in New York City on Oct 4, 2026?",yes-maker,6,90.0,0.0,100.0,10.0,11.11,106.0,1
2026-10-04T06:09:53+00:00,KXHOUSEWINSTATE-NJD,How many House seats will Democrats win in New Jersey?,yes-maker,5,91.0,0.0,100.0,9.0,9.89,110.0,1
2026-10-04T06:09:53+00:00,KXLOWTAUS-26OCT04,"Lowest temperature in Austin on Oct 4, 2026?",yes-maker,6,91.0,0.0,100.0,9.0,9.89,112.0,0
2026-10-04T06:09:53+00:00,KXLOWTSEA-26OCT03,"Lowest temperature in Seattle on Oct 3, 2026?",yes-maker,6,91.0,0.0,100.0,9.0,9.89,105.0,4
2026-10-04T06:09:53+00:00,KXHOUSEWINSTATE-GAD,How many House seats will Democrats win in Georgia?,yes-maker,5,92.0,0.0,100.0,8.0,8.70,118.0,0
2026-10-04T06:09:53+00:00,KXLOWTLV-26OCT04,"Lowest temperature in Las Vegas on Oct 4, 2026?",yes-maker,6,93.0,0.0,100.0,7.0,7.53,118.0,2
2026-10-04T06:09:53+00:00,KXLOWTHOU-26OCT04,"Lowest temperature in Houston on Oct 4, 2026?",yes-maker,6,93.0,0.0,100.0,7.0,7.53,113.0,0
2026-10-04T06:09:53+00:00,KXHOUSEWINSTATE-FLD,How many House seats will Democrats win in Florida?,yes-maker,9,94.0,0.0,100.0,6.0,6.38,122.0,1
2026-10-04T06:09:53+00:00,KXLOWTSFO-26OCT04,"Lowest temperature in San Francisco on Oct 4, 2026?",yes-maker,6,94.0,0.0,100.0,6.0,6.38,110.0,1
2026-10-04T06:09:53+00:00,KXLOWTDEN-26OCT03,"Lowest temperature in Denver on Oct 3, 2026?",yes-maker,6,95.0,0.0,100.0,5.0,5.26,116.0,4
2026-10-04T06:09:53+00:00,KXLOWTPHX-26OCT04,"Lowest temperature in Phoenix on Oct 4, 2026?",yes-maker,6,96.0,0.0,100.0,4.0,4.17,112.0,2
2026-10-04T06:09:53+00:00,KXLOWTMIA-26OCT04,"Lowest temperature in Miami on Oct 4, 2026?",yes-maker,6,96.0,0.0,100.0,4.0,4.17,125.0,3
2026-10-04T06:09:53+00:00,KXHOUSEWINSTATE-MID,How many House seats will Democrats win in Michigan?,yes-maker,7,97.0,0.0,100.0,3.0,3.09,114.0,2
2026-10-04T06:09:53+00:00,KXHOUSEWINSTATE-OHD,How many House seats will Democrats win in Ohio?,yes-maker,7,97.0,0.0,100.0,3.0,3.09,121.0,0
2026-10-04T06:09:53+00:00,KXHIGHTTTN-26OCT04,"Highest temperature in Trenton on Oct 4, 2026?",yes-maker,6,97.0,0.0,100.0,3.0,3.09,126.0,1
2026-10-04T06:09:53+00:00,KXGDPYEAR-26,US real GDP growth in 2026?,yes-maker,14,97.2,0.0,100.0,2.8,2.88,112.5,5
2026-10-04T06:09:53+00:00,KXLOWTPHIL-26OCT04,"Lowest temperature in Philadelphia on Oct 4, 2026?",yes-maker,6,98.0,0.0,100.0,2.0,2.04,111.0,3
2026-10-04T06:09:53+00:00,KXHIGHPHIL-26OCT04,"Highest temperature in Philadelphia on Oct 4, 2026?",yes-maker,6,98.0,0.0,100.0,2.0,2.04,100.0,1
2026-10-04T06:09:53+00:00,KXETHY-27JAN0100,Ethereum price at the end of 2026,yes-maker,18,98.7,0.0,100.0,1.3,1.32,100.9,0
2026-10-04T12:41:09+00:00,KXLOWTSAN-26OCT04,"Lowest temperature in San Diego on Oct 4, 2026?",yes-maker,6,39.0,0.0,100.0,61.0,156.41,123.0,2
2026-10-04T12:41:09+00:00,KXGDPYEAR-36,US real GDP growth in 2036?,yes-maker,14,56.0,0.0,100.0,44.0,78.57,97.0,2
2026-10-04T12:41:09+00:00,KXLOWTAUS-26OCT04,"Lowest temperature in Austin on Oct 4, 2026?",yes-maker,6,59.0,0.0,100.0,41.0,69.49,105.0,1
2026-10-04T12:41:09+00:00,KXGDPYEAR-29,US real GDP growth in 2029?,yes-maker,14,70.0,0.0,100.0,30.0,42.86,128.0,1
2026-10-04T12:41:09+00:00,KXGDPYEAR-35,US real GDP growth in 2035?,yes-maker,14,72.0,0.0,100.0,28.0,38.89,126.0,0
2026-10-04T12:41:09+00:00,KXGDPYEAR-30,US real GDP growth in 2030?,yes-maker,14,78.0,0.0,100.0,22.0,28.21,124.0,3
2026-10-04T12:41:09+00:00,KXGDPYEAR-28,US real GDP growth in 2028?,yes-maker,14,80.0,0.0,100.0,20.0,25.00,122.0,2
2026-10-04T12:41:09+00:00,KXLOWTMIA-26OCT04,"Lowest temperature in Miami on Oct 4, 2026?",yes-maker,6,81.0,0.0,100.0,19.0,23.46,111.0,2
2026-10-04T12:41:09+00:00,KXEOTRUMPTERM-29JAN20,How many executive orders will Trump sign in his second term?,yes-maker,12,82.3,0.0,100.0,17.7,21.51,99.0,0
2026-10-04T12:41:09+00:00,KXLOWTSFO-26OCT04,"Lowest temperature in San Francisco on Oct 4, 2026?",yes-maker,6,83.0,0.0,100.0,17.0,20.48,109.0,3
2026-10-04T12:41:09+00:00,KXHOUSEWINSTATE-PAD,How many House seats will Democrats win in Pennsylvania?,yes-maker,8,84.0,0.0,100.0,16.0,19.05,113.0,1
2026-10-04T12:41:09+00:00,KXLOWTSEA-26OCT04,"Lowest temperature in Seattle on Oct 4, 2026?",yes-maker,6,84.0,0.0,100.0,16.0,19.05,125.0,3
2026-10-04T12:41:09+00:00,KXLOWTPHIL-26OCT04,"Lowest temperature in Philadelphia on Oct 4, 2026?",yes-maker,6,84.0,0.0,100.0,16.0,19.05,123.0,4
2026-10-04T12:41:09+00:00,KXLOWTLAX-26OCT04,"Lowest temperature in Los Angeles on Oct 4, 2026?",yes-maker,6,86.0,0.0,100.0,14.0,16.28,121.0,4
2026-10-04T12:41:09+00:00,KXSOCKEYERUN-27,Bristol Bay sockeye run forecast for 2027,yes-maker,6,87.0,0.0,100.0,13.0,14.94,120.00000000000001,1
2026-10-04T12:41:09+00:00,KXLOWTTTN-26OCT04,"Lowest temperature in Trenton on Oct 4, 2026?",yes-maker,6,87.0,0.0,100.0,13.0,14.94,117.0,4
2026-10-04T12:41:09+00:00,KXHIGHTSAN-26OCT04,"Highest temperature in San Diego on Oct 4, 2026?",yes-maker,6,87.0,0.0,100.0,13.0,14.94,113.0,0
2026-10-04T12:41:09+00:00,KXHOUSEWINSTATE-NYD,How many House seats will Democrats win in New York?,yes-maker,10,88.0,0.0,100.0,12.0,13.64,124.0,2
2026-10-04T12:41:09+00:00,KXHOUSEWINSTATE-AZD,How many House seats will Democrats win in Arizona?,yes-maker,6,88.0,0.0,100.0,12.0,13.64,110.0,1
2026-10-04T12:41:09+00:00,KXLOWTNYC-26OCT04,"Lowest temperature in New York City on Oct 4, 2026?",yes-maker,6,88.0,0.0,100.0,12.0,13.64,125.0,2
2026-10-04T12:41:09+00:00,KXGDPYEAR-27,US real GDP growth in 2027?,yes-maker,14,89.0,0.0,100.0,11.0,12.36,130.0,1
2026-10-04T12:41:09+00:00,KXHIGHTEWR-26OCT04,"Highest temperature in Newark on Oct 4, 2026?",yes-maker,6,89.0,0.0,100.0,11.0,12.36,128.0,2
2026-10-04T12:41:09+00:00,KXHOUSEWINSTATE-NJD,How many House seats will Democrats win in New Jersey?,yes-maker,5,90.0,0.0,100.0,10.0,11.11,109.0,1
2026-10-04T12:41:09+00:00,KXLOWTMIN-26OCT04,"Lowest temperature in Minneapolis on Oct 4, 2026?",yes-maker,6,90.0,0.0,100.0,10.0,11.11,114.0,3
2026-10-04T12:41:09+00:00,KXHOUSEWINSTATE-GAD,How many House seats will Democrats win in Georgia?,yes-maker,5,92.0,0.0,100.0,8.0,8.70,118.0,0
2026-10-04T12:41:09+00:00,KXLOWTBOS-26OCT04,"Lowest temperature in Boston on Oct 4, 2026?",yes-maker,6,92.0,0.0,100.0,8.0,8.70,124.0,2
2026-10-04T12:41:09+00:00,KXLOWTCHI-26OCT04,"Lowest temperature in Chicago on Oct 4, 2026?",yes-maker,6,93.0,0.0,100.0,7.0,7.53,108.0,3
2026-10-04T12:41:09+00:00,KXHIGHTSDF-26OCT04,"Highest temperature in Louisville on Oct 4, 2026?",yes-maker,6,93.0,0.0,100.0,7.0,7.53,122.0,1
2026-10-04T12:41:09+00:00,KXHOUSEWINSTATE-FLD,How many House seats will Democrats win in Florida?,yes-maker,9,94.0,0.0,100.0,6.0,6.38,122.0,1
2026-10-04T12:41:09+00:00,KXLOWTSATX-26OCT04,"Lowest temperature in San Antonio on Oct 4, 2026?",yes-maker,6,95.0,0.0,100.0,5.0,5.26,115.0,2
2026-10-04T12:41:09+00:00,KXLOWTDC-26OCT04,"Lowest temperature in Washington DC on Oct 4, 2026?",yes-maker,6,95.0,0.0,100.0,5.0,5.26,113.0,3
2026-10-04T12:41:09+00:00,KXHIGHTSEA-26OCT04,"Highest temperature in Seattle on Oct 4, 2026?",yes-maker,6,95.0,0.0,100.0,5.0,5.26,101.0,1
2026-10-04T12:41:09+00:00,KXLOWTOKC-26OCT04,"Lowest temperature in Oklahoma City on Oct 4, 2026?",yes-maker,6,96.0,0.0,100.0,4.0,4.17,111.0,4
2026-10-04T12:41:09+00:00,KXLOWTEWR-26OCT04,"Lowest temperature in Newark on Oct 4, 2026?",yes-maker,6,96.0,0.0,100.0,4.0,4.17,114.0,5
2026-10-04T12:41:09+00:00,KXGDPYEAR-26,US real GDP growth in 2026?,yes-maker,14,96.7,0.0,100.0,3.3,3.41,112.5,5
2026-10-04T12:41:09+00:00,KXHOUSEWINSTATE-MID,How many House seats will Democrats win in Michigan?,yes-maker,7,97.0,0.0,100.0,3.0,3.09,115.0,2
2026-10-04T12:41:09+00:00,KXLOWTSDF-26OCT04,"Lowest temperature in Louisville on Oct 4, 2026?",yes-maker,6,97.0,0.0,100.0,3.0,3.09,115.0,3
2026-10-04T12:41:09+00:00,KXHIGHTHOU-26OCT04,"Highest temperature in Houston on Oct 4, 2026?",yes-maker,6,97.0,0.0,100.0,3.0,3.09,103.0,1
2026-10-04T12:41:09+00:00,KXHIGHTDC-26OCT04,"Highest temperature in Washington DC on Oct 4, 2026?",yes-maker,6,97.0,0.0,100.0,3.0,3.09,106.0,2
2026-10-04T12:41:09+00:00,KXHOUSEWINSTATE-OHD,How many House seats will Democrats win in Ohio?,yes-maker,7,98.0,0.0,100.0,2.0,2.04,121.0,0
2026-10-04T12:41:09+00:00,KXLOWTDAL-26OCT04,"Lowest temperature in Dallas on Oct 4, 2026?",yes-maker,6,98.0,0.0,100.0,2.0,2.04,113.0,3
2026-10-04T12:41:09+00:00,KXHIGHTATL-26OCT04,"Highest temperature in Atlanta on Oct 4, 2026?",yes-maker,6,98.0,0.0,100.0,2.0,2.04,106.0,2
2026-10-04T12:41:09+00:00,KXHIGHNY-26OCT04,"Highest temperature in New York City on Oct 4, 2026?",yes-maker,6,99.0,0.0,100.0,1.0,1.01,99.0,2
2026-10-04T12:41:09+00:00,KXETHY-27JAN0100,Ethereum price at the end of 2026,yes-maker,18,99.3,0.0,100.0,0.7,0.70,101.3,0
2026-10-04T17:14:47+00:00,KXVHGCB-26OCT05,"Generic congressional ballot on Oct 5, 2026?",yes-maker,9,18.0,0.0,100.0,82.0,455.56,18.0,0
2026-10-04T17:14:47+00:00,KXHIGHTSDF-26OCT04,"Highest temperature in Louisville on Oct 4, 2026?",yes-maker,6,46.0,0.0,100.0,54.0,117.39,130.0,1
2026-10-04T17:14:47+00:00,KXLOWTSEA-26OCT04,"Lowest temperature in Seattle on Oct 4, 2026?",yes-maker,6,65.0,0.0,100.0,35.0,53.85,118.0,3
2026-10-04T17:14:47+00:00,KXGDPYEAR-36,US real GDP growth in 2036?,yes-maker,14,66.0,0.0,100.0,34.0,51.52,97.0,2
2026-10-04T17:14:47+00:00,KXGDPYEAR-34,US real GDP growth in 2034?,yes-maker,14,72.0,0.0,100.0,28.0,38.89,120.0,0
2026-10-04T17:14:47+00:00,KXGDPYEAR-33,US real GDP growth in 2033?,yes-maker,14,72.0,0.0,100.0,28.0,38.89,123.0,0
2026-10-04T17:14:47+00:00,KXGDPYEAR-32,US real GDP growth in 2032?,yes-maker,14,75.0,0.0,100.0,25.0,33.33,124.0,1
2026-10-04T17:14:47+00:00,KXGDPYEAR-35,US real GDP growth in 2035?,yes-maker,14,78.0,0.0,100.0,22.0,28.21,125.0,0
2026-10-04T17:14:47+00:00,KXHIGHTTTN-26OCT04,"Highest temperature in Trenton on Oct 4, 2026?",yes-maker,6,78.0,0.0,100.0,22.0,28.21,127.0,2
2026-10-04T17:14:47+00:00,KXGDPYEAR-29,US real GDP growth in 2029?,yes-maker,14,80.0,0.0,100.0,20.0,25.00,128.0,1
2026-10-04T17:14:47+00:00,KXGDPYEAR-30,US real GDP growth in 2030?,yes-maker,14,82.0,0.0,100.0,18.0,21.95,119.0,3
2026-10-04T17:14:47+00:00,KXEOTRUMPTERM-29JAN20,How many executive orders will Trump sign in his second term?,yes-maker,12,82.3,0.0,100.0,17.7,21.51,99.0,0
2026-10-04T17:14:47+00:00,KXLOWTPHX-26OCT05,"Lowest temperature in Phoenix on Oct 5, 2026?",yes-maker,6,83.0,0.0,100.0,17.0,20.48,115.0,1
2026-10-04T17:14:47+00:00,KXLOWTCHI-26OCT05,"Lowest temperature in Chicago on Oct 5, 2026?",yes-maker,6,84.0,0.0,100.0,16.0,19.05,127.0,0
2026-10-04T17:14:47+00:00,KXLOWTAUS-26OCT05,"Lowest temperature in Austin on Oct 5, 2026?",yes-maker,6,84.0,0.0,100.0,16.0,19.05,117.0,1
2026-10-04T17:14:47+00:00,KXHIGHTEWR-26OCT04,"Highest temperature in Newark on Oct 4, 2026?",yes-maker,6,84.0,0.0,100.0,16.0,19.05,123.0,3
2026-10-04T17:14:47+00:00,KXLOWTTTN-26OCT04,"Lowest temperature in Trenton on Oct 4, 2026?",yes-maker,6,85.0,0.0,100.0,15.0,17.65,124.0,4
2026-10-04T17:14:47+00:00,KXLOWTPHIL-26OCT04,"Lowest temperature in Philadelphia on Oct 4, 2026?",yes-maker,6,85.0,0.0,100.0,15.0,17.65,129.0,4
2026-10-04T17:14:47+00:00,KXGDPYEAR-28,US real GDP growth in 2028?,yes-maker,14,86.0,0.0,100.0,14.0,16.28,122.0,2
2026-10-04T17:14:47+00:00,KXHIGHTSDF-26OCT05,"Highest temperature in Louisville on Oct 5, 2026?",yes-maker,6,86.0,0.0,100.0,14.0,16.28,123.0,3
2026-10-04T17:14:47+00:00,KXLOWTMIN-26OCT05,"Lowest temperature in Minneapolis on Oct 5, 2026?",yes-maker,6,87.0,0.0,100.0,13.0,14.94,117.0,0
2026-10-04T17:14:47+00:00,KXHIGHTTTN-26OCT05,"Highest temperature in Trenton on Oct 5, 2026?",yes-maker,6,87.0,0.0,100.0,13.0,14.94,108.0,1
2026-10-04T17:14:47+00:00,KXLOWTSAN-26OCT04,"Lowest temperature in San Diego on Oct 4, 2026?",yes-maker,6,87.0,0.0,100.0,13.0,14.94,119.0,3
2026-10-04T17:14:47+00:00,KXLOWTATL-26OCT04,"Lowest temperature in Atlanta on Oct 4, 2026?",yes-maker,6,87.0,0.0,100.0,13.0,14.94,111.0,1
2026-10-04T17:14:47+00:00,KXHOUSEWINSTATE-AZD,How many House seats will Democrats win in Arizona?,yes-maker,6,88.0,0.0,100.0,12.0,13.64,109.0,1
2026-10-04T17:14:47+00:00,KXSOCKEYERUN-27,Bristol Bay sockeye run forecast for 2027,yes-maker,6,88.0,0.0,100.0,12.0,13.64,119.0,1
2026-10-04T17:14:47+00:00,KXLOWTNYC-26OCT05,"Lowest temperature in New York City on Oct 5, 2026?",yes-maker,6,88.0,0.0,100.0,12.0,13.64,125.0,0
2026-10-04T17:14:47+00:00,KXLOWTBOS-26OCT04,"Lowest temperature in Boston on Oct 4, 2026?",yes-maker,6,88.0,0.0,100.0,12.0,13.64,114.0,5
2026-10-04T17:14:47+00:00,KXHOUSEWINSTATE-FLD,How many House seats will Democrats win in Florida?,yes-maker,9,89.0,0.0,100.0,11.0,12.36,119.0,1
2026-10-04T17:14:47+00:00,KXLOWTPHIL-26OCT05,"Lowest temperature in Philadelphia on Oct 5, 2026?",yes-maker,6,89.0,0.0,100.0,11.0,12.36,115.0,2
2026-10-04T17:14:47+00:00,KXLOWTDAL-26OCT05,"Lowest temperature in Dallas on Oct 5, 2026?",yes-maker,6,89.0,0.0,100.0,11.0,12.36,129.0,0
2026-10-04T17:14:47+00:00,KXLOWTMIA-26OCT04,"Lowest temperature in Miami on Oct 4, 2026?",yes-maker,6,89.0,0.0,100.0,11.0,12.36,127.0,4
2026-10-04T17:14:47+00:00,KXLOWTSFO-26OCT05,"Lowest temperature in San Francisco on Oct 5, 2026?",yes-maker,6,90.0,0.0,100.0,10.0,11.11,123.00000000000001,2
2026-10-04T17:14:47+00:00,KXLOWTATL-26OCT05,"Lowest temperature in Atlanta on Oct 5, 2026?",yes-maker,6,90.0,0.0,100.0,10.0,11.11,119.0,1
2026-10-04T17:14:47+00:00,KXHOUSEWINSTATE-PAD,How many House seats will Democrats win in Pennsylvania?,yes-maker,8,91.0,0.0,100.0,9.0,9.89,107.0,1
2026-10-04T17:14:47+00:00,KXHOUSEWINSTATE-NJD,How many House seats will Democrats win in New Jersey?,yes-maker,5,91.0,0.0,100.0,9.0,9.89,109.0,1
2026-10-04T17:14:47+00:00,KXLOWTSATX-26OCT05,"Lowest temperature in San Antonio on Oct 5, 2026?",yes-maker,6,91.0,0.0,100.0,9.0,9.89,130.0,2
2026-10-04T17:14:47+00:00,KXLOWTNYC-26OCT04,"Lowest temperature in New York City on Oct 4, 2026?",yes-maker,6,91.0,0.0,100.0,9.0,9.89,110.0,4
2026-10-04T17:14:47+00:00,KXLOWTNOLA-26OCT04,"Lowest temperature in New Orleans on Oct 4, 2026?",yes-maker,6,91.0,0.0,100.0,9.0,9.89,104.0,2
2026-10-04T17:14:47+00:00,KXHOUSEWINSTATE-NYD,How many House seats will Democrats win in New York?,yes-maker,10,92.0,0.0,100.0,8.0,8.70,119.0,2
2026-10-04T17:14:47+00:00,KXLOWTLAX-26OCT05,"Lowest temperature in Los Angeles on Oct 5, 2026?",yes-maker,6,92.0,0.0,100.0,8.0,8.70,118.00000000000001,0
2026-10-04T17:14:47+00:00,KXTRUTHSOCIAL-26OCT10,Trump Truth Social posts this week? (10/4-10/10),yes-maker,10,93.0,0.0,100.0,7.0,7.53,119.0,0
2026-10-04T17:14:47+00:00,KXLOWTNOLA-26OCT05,"Lowest temperature in New Orleans on Oct 5, 2026?",yes-maker,6,93.0,0.0,100.0,7.0,7.53,109.0,0
2026-10-04T17:14:47+00:00,KXLOWTDC-26OCT05,"Lowest temperature in Washington DC on Oct 5, 2026?",yes-maker,6,93.0,0.0,100.0,7.0,7.53,123.0,2
2026-10-04T17:14:47+00:00,KXLOWTAUS-26OCT04,"Lowest temperature in Austin on Oct 4, 2026?",yes-maker,6,93.0,0.0,100.0,7.0,7.53,111.0,3
2026-10-04T17:14:47+00:00,KXHOUSEWINSTATE-GAD,How many House seats will Democrats win in Georgia?,yes-maker,5,94.0,0.0,100.0,6.0,6.38,118.0,0
2026-10-04T17:14:47+00:00,KXLOWTOKC-26OCT05,"Lowest temperature in Oklahoma City on Oct 5, 2026?",yes-maker,6,94.0,0.0,100.0,6.0,6.38,126.0,0
2026-10-04T17:14:47+00:00,KXLOWTBOS-26OCT05,"Lowest temperature in Boston on Oct 5, 2026?",yes-maker,6,94.0,0.0,100.0,6.0,6.38,118.0,0
2026-10-04T17:14:47+00:00,KXLOWTSFO-26OCT04,"Lowest temperature in San Francisco on Oct 4, 2026?",yes-maker,6,94.0,0.0,100.0,6.0,6.38,109.0,3
2026-10-04T17:14:47+00:00,KXLOWTLAX-26OCT04,"Lowest temperature in Los Angeles on Oct 4, 2026?",yes-maker,6,94.0,0.0,100.0,6.0,6.38,115.0,4
2026-10-04T17:14:47+00:00,KXGDPYEAR-27,US real GDP growth in 2027?,yes-maker,14,95.0,0.0,100.0,5.0,5.26,128.0,1
2026-10-04T17:14:47+00:00,KXLOWTLV-26OCT05,"Lowest temperature in Las Vegas on Oct 5, 2026?",yes-maker,6,95.0,0.0,100.0,5.0,5.26,114.0,2
2026-10-04T17:14:47+00:00,KXLOWTHOU-26OCT05,"Lowest temperature in Houston on Oct 5, 2026?",yes-maker,6,95.0,0.0,100.0,5.0,5.26,112.0,2
2026-10-04T17:14:47+00:00,KXHIGHTSAN-26OCT04,"Highest temperature in San Diego on Oct 4, 2026?",yes-maker,6,95.0,0.0,100.0,5.0,5.26,113.0,0
2026-10-04T17:14:47+00:00,KXHIGHTATL-26OCT04,"Highest temperature in Atlanta on Oct 4, 2026?",yes-maker,6,96.0,0.0,100.0,4.0,4.17,114.0,4
2026-10-04T17:14:47+00:00,KXGDPYEAR-26,US real GDP growth in 2026?,yes-maker,14,97.0,0.0,100.0,3.0,3.09,111.39999999999999,5
2026-10-04T17:14:47+00:00,KXHIGHTHOU-26OCT04,"Highest temperature in Houston on Oct 4, 2026?",yes-maker,6,97.0,0.0,100.0,3.0,3.09,115.0,2
2026-10-04T17:14:47+00:00,KXHIGHTHOU-26OCT05,"Highest temperature in Houston on Oct 5, 2026?",yes-maker,6,98.0,0.0,100.0,2.0,2.04,98.0,0
2026-10-04T17:14:47+00:00,KXHIGHPHIL-26OCT05,"Highest temperature in Philadelphia on Oct 5, 2026?",yes-maker,6,98.0,0.0,100.0,2.0,2.04,99.0,0
2026-10-04T17:14:47+00:00,KXLOWTSATX-26OCT04,"Lowest temperature in San Antonio on Oct 4, 2026?",yes-maker,6,98.0,0.0,100.0,2.0,2.04,113.0,3
2026-10-04T17:14:47+00:00,KXLOWTEWR-26OCT04,"Lowest temperature in Newark on Oct 4, 2026?",yes-maker,6,98.0,0.0,100.0,2.0,2.04,118.0,5
2026-10-04T17:14:47+00:00,KXHOUSEWINSTATE-MND,How many House seats will Democrats win in Minnesota?,yes-maker,5,99.0,0.0,100.0,1.0,1.01,105.0,1
2026-10-04T17:14:47+00:00,KXHOUSEWINSTATE-MID,How many House seats will Democrats win in Michigan?,yes-maker,7,99.0,0.0,100.0,1.0,1.01,111.0,2
2026-10-04T17:14:47+00:00,KXHOUSEWINSTATE-OHD,How many House seats will Democrats win in Ohio?,yes-maker,7,99.0,0.0,100.0,1.0,1.01,117.0,0
2026-10-04T17:14:47+00:00,KXHIGHAUS-26OCT05,"Highest temperature in Austin on Oct 5, 2026?",yes-maker,6,99.0,0.0,100.0,1.0,1.01,99.0,0
2026-10-04T17:14:47+00:00,KXHIGHTOKC-26OCT04,"Highest temperature in Oklahoma City on Oct 4, 2026?",yes-maker,6,99.0,0.0,100.0,1.0,1.01,105.0,1
2026-10-04T17:14:47+00:00,KXHIGHTDC-26OCT04,"Highest temperature in Washington DC on Oct 4, 2026?",yes-maker,6,99.0,0.0,100.0,1.0,1.01,104.0,2
2026-10-04T17:14:47+00:00,KXHIGHTBOS-26OCT04,"Highest temperature in Boston on Oct 4, 2026?",yes-maker,6,99.0,0.0,100.0,1.0,1.01,107.0,4
2026-10-04T17:14:47+00:00,KXETHY-27JAN0100,Ethereum price at the end of 2026,yes-maker,18,99.1,0.0,100.0,0.9,0.91,100.9,0
2026-10-04T20:18:46+00:00,KXHIGHTSDF-26OCT05,"Highest temperature in Louisville on Oct 5, 2026?",yes-maker,6,49.0,0.0,100.0,51.0,104.08,111.0,3
2026-10-04T20:18:46+00:00,KXVHGCB-26OCT05,"Generic congressional ballot on Oct 5, 2026?",yes-maker,9,49.0,0.0,100.0,51.0,104.08,58.0,0
2026-10-04T20:18:46+00:00,KXGDPYEAR-36,US real GDP growth in 2036?,yes-maker,14,66.0,0.0,100.0,34.0,51.52,97.0,2
2026-10-04T20:18:46+00:00,KXGDPYEAR-34,US real GDP growth in 2034?,yes-maker,14,67.0,0.0,100.0,33.0,49.25,120.0,0
2026-10-04T20:18:46+00:00,KXLOWTDEN-26OCT05,"Lowest temperature in Denver on Oct 5, 2026?",yes-maker,6,69.0,0.0,100.0,31.0,44.93,128.0,0
2026-10-04T20:18:46+00:00,KXLOWTHOU-26OCT04,"Lowest temperature in Houston on Oct 4, 2026?",yes-maker,6,69.0,0.0,100.0,31.0,44.93,119.0,2
2026-10-04T20:18:46+00:00,KXLOWTOKC-26OCT05,"Lowest temperature in Oklahoma City on Oct 5, 2026?",yes-maker,6,70.0,0.0,100.0,30.0,42.86,128.0,0
2026-10-04T20:18:46+00:00,KXGDPYEAR-33,US real GDP growth in 2033?,yes-maker,14,72.0,0.0,100.0,28.0,38.89,123.0,0
2026-10-04T20:18:46+00:00,KXLOWTSEA-26OCT05,"Lowest temperature in Seattle on Oct 5, 2026?",yes-maker,6,73.0,0.0,100.0,27.0,36.99,125.0,2
2026-10-04T20:18:46+00:00,KXGDPYEAR-32,US real GDP growth in 2032?,yes-maker,14,77.0,0.0,100.0,23.0,29.87,124.0,1
2026-10-04T20:18:46+00:00,KXGDPYEAR-35,US real GDP growth in 2035?,yes-maker,14,78.0,0.0,100.0,22.0,28.21,125.0,0
2026-10-04T20:18:46+00:00,KXGDPYEAR-29,US real GDP growth in 2029?,yes-maker,14,80.0,0.0,100.0,20.0,25.00,128.0,1
2026-10-04T20:18:46+00:00,KXLOWTCHI-26OCT05,"Lowest temperature in Chicago on Oct 5, 2026?",yes-maker,6,80.0,0.0,100.0,20.0,25.00,115.0,1
2026-10-04T20:18:46+00:00,KXHIGHTTTN-26OCT05,"Highest temperature in Trenton on Oct 5, 2026?",yes-maker,6,80.0,0.0,100.0,20.0,25.00,110.0,1
2026-10-04T20:18:46+00:00,KXGDPYEAR-30,US real GDP growth in 2030?,yes-maker,14,82.0,0.0,100.0,18.0,21.95,119.0,3
2026-10-04T20:18:46+00:00,KXEOTRUMPTERM-29JAN20,How many executive orders will Trump sign in his second term?,yes-maker,12,82.3,0.0,100.0,17.7,21.51,99.0,0
2026-10-04T20:18:46+00:00,KXLOWTLV-26OCT05,"Lowest temperature in Las Vegas on Oct 5, 2026?",yes-maker,6,84.0,0.0,100.0,16.0,19.05,113.0,1
2026-10-04T20:18:46+00:00,KXHOUSEWINSTATE-AZD,How many House seats will Democrats win in Arizona?,yes-maker,6,85.0,0.0,100.0,15.0,17.65,111.0,1
2026-10-04T20:18:46+00:00,KXLOWTSATX-26OCT05,"Lowest temperature in San Antonio on Oct 5, 2026?",yes-maker,6,85.0,0.0,100.0,15.0,17.65,127.0,2
2026-10-04T20:18:46+00:00,KXLOWTDC-26OCT05,"Lowest temperature in Washington DC on Oct 5, 2026?",yes-maker,6,85.0,0.0,100.0,15.0,17.65,115.0,2
2026-10-04T20:18:46+00:00,KXGDPYEAR-28,US real GDP growth in 2028?,yes-maker,14,86.0,0.0,100.0,14.0,16.28,122.0,2
2026-10-04T20:18:46+00:00,KXHOUSEWINSTATE-PAD,How many House seats will Democrats win in Pennsylvania?,yes-maker,8,87.0,0.0,100.0,13.0,14.94,108.0,1
2026-10-04T20:18:46+00:00,KXLOWTSFO-26OCT05,"Lowest temperature in San Francisco on Oct 5, 2026?",yes-maker,6,87.0,0.0,100.0,13.0,14.94,113.0,2
2026-10-04T20:18:46+00:00,KXLOWTAUS-26OCT05,"Lowest temperature in Austin on Oct 5, 2026?",yes-maker,6,87.0,0.0,100.0,13.0,14.94,116.0,1
2026-10-04T20:18:46+00:00,KXHOUSEWINSTATE-FLD,How many House seats will Democrats win in Florida?,yes-maker,9,88.0,0.0,100.0,12.0,13.64,121.0,1
2026-10-04T20:18:46+00:00,KXSOCKEYERUN-27,Bristol Bay sockeye run forecast for 2027,yes-maker,6,88.0,0.0,100.0,12.0,13.64,119.0,1
2026-10-04T20:18:46+00:00,KXLOWTMIN-26OCT05,"Lowest temperature in Minneapolis on Oct 5, 2026?",yes-maker,6,88.0,0.0,100.0,12.0,13.64,114.0,1
2026-10-04T20:18:46+00:00,KXLOWTATL-26OCT05,"Lowest temperature in Atlanta on Oct 5, 2026?",yes-maker,6,88.0,0.0,100.0,12.0,13.64,127.0,1
2026-10-04T20:18:46+00:00,KXLOWTPHIL-26OCT04,"Lowest temperature in Philadelphia on Oct 4, 2026?",yes-maker,6,88.0,0.0,100.0,12.0,13.64,121.0,3
2026-10-04T20:18:46+00:00,KXLOWTATL-26OCT04,"Lowest temperature in Atlanta on Oct 4, 2026?",yes-maker,6,89.0,0.0,100.0,11.0,12.36,123.0,1
2026-10-04T20:18:46+00:00,KXLOWTPHIL-26OCT05,"Lowest temperature in Philadelphia on Oct 5, 2026?",yes-maker,6,90.0,0.0,100.0,10.0,11.11,106.0,1
2026-10-04T20:18:46+00:00,KXLOWTPHX-26OCT05,"Lowest temperature in Phoenix on Oct 5, 2026?",yes-maker,6,91.0,0.0,100.0,9.0,9.89,115.0,1
2026-10-04T20:18:46+00:00,KXLOWTBOS-26OCT05,"Lowest temperature in Boston on Oct 5, 2026?",yes-maker,6,91.0,0.0,100.0,9.0,9.89,110.0,0
2026-10-04T20:18:46+00:00,KXHOUSEWINSTATE-NYD,How many House seats will Democrats win in New York?,yes-maker,10,92.0,0.0,100.0,8.0,8.70,121.0,2
2026-10-04T20:18:46+00:00,KXLOWTLAX-26OCT05,"Lowest temperature in Los Angeles on Oct 5, 2026?",yes-maker,6,93.0,0.0,100.0,7.0,7.53,120.0,0
2026-10-04T20:18:46+00:00,KXLOWTSFO-26OCT04,"Lowest temperature in San Francisco on Oct 4, 2026?",yes-maker,6,93.0,0.0,100.0,7.0,7.53,106.0,3
2026-10-04T20:18:46+00:00,KXHOUSEWINSTATE-NJD,How many House seats will Democrats win in New Jersey?,yes-maker,5,94.0,0.0,100.0,6.0,6.38,108.0,1
2026-10-04T20:18:46+00:00,KXHOUSEWINSTATE-GAD,How many House seats will Democrats win in Georgia?,yes-maker,5,94.0,0.0,100.0,6.0,6.38,118.0,0
2026-10-04T20:18:46+00:00,KXGDPYEAR-27,US real GDP growth in 2027?,yes-maker,14,95.0,0.0,100.0,5.0,5.26,128.0,1
2026-10-04T20:18:46+00:00,KXLOWTSATX-26OCT04,"Lowest temperature in San Antonio on Oct 4, 2026?",yes-maker,6,95.0,0.0,100.0,5.0,5.26,111.0,3
2026-10-04T20:18:46+00:00,KXHIGHTNOLA-26OCT05,"Highest temperature in New Orleans on Oct 5, 2026?",yes-maker,6,96.0,0.0,100.0,4.0,4.17,98.0,0
2026-10-04T20:18:46+00:00,KXLOWTNYC-26OCT04,"Lowest temperature in New York City on Oct 4, 2026?",yes-maker,6,96.0,0.0,100.0,4.0,4.17,111.0,4
2026-10-04T20:18:46+00:00,KXHIGHTPHX-26OCT05,"Highest temperature in Phoenix on Oct 5, 2026?",yes-maker,6,97.0,0.0,100.0,3.0,3.09,100.0,2
2026-10-04T20:18:46+00:00,KXLOWTNOLA-26OCT04,"Lowest temperature in New Orleans on Oct 4, 2026?",yes-maker,6,97.0,0.0,100.0,3.0,3.09,110.0,2
2026-10-04T20:18:46+00:00,KXLOWTNOLA-26OCT05,"Lowest temperature in New Orleans on Oct 5, 2026?",yes-maker,6,98.0,0.0,100.0,2.0,2.04,115.0,0
2026-10-04T20:18:46+00:00,KXHIGHTMIN-26OCT04,"Highest temperature in Minneapolis on Oct 4, 2026?",yes-maker,6,98.0,0.0,100.0,2.0,2.04,106.0,4
2026-10-04T20:18:46+00:00,KXGDPYEAR-26,US real GDP growth in 2026?,yes-maker,14,98.2,0.0,100.0,1.8,1.83,112.0,5
2026-10-04T20:18:46+00:00,KXHOUSEWINSTATE-MND,How many House seats will Democrats win in Minnesota?,yes-maker,5,99.0,0.0,100.0,1.0,1.01,104.0,1
2026-10-04T20:18:46+00:00,KXHOUSEWINSTATE-MID,How many House seats will Democrats win in Michigan?,yes-maker,7,99.0,0.0,100.0,1.0,1.01,112.0,2
2026-10-04T20:18:46+00:00,KXHOUSEWINSTATE-OHD,How many House seats will Democrats win in Ohio?,yes-maker,7,99.0,0.0,100.0,1.0,1.01,118.0,0
2026-10-04T20:18:46+00:00,KXHIGHTBOS-26OCT05,"Highest temperature in Boston on Oct 5, 2026?",yes-maker,6,99.0,0.0,100.0,1.0,1.01,99.0,0
2026-10-04T20:18:46+00:00,KXHIGHTATL-26OCT05,"Highest temperature in Atlanta on Oct 5, 2026?",yes-maker,6,99.0,0.0,100.0,1.0,1.01,100.0,1
2026-10-04T20:18:46+00:00,KXLOWTBOS-26OCT04,"Lowest temperature in Boston on Oct 4, 2026?",yes-maker,6,99.0,0.0,100.0,1.0,1.01,105.0,5
2026-10-04T20:18:46+00:00,KXHIGHTSEA-26OCT04,"Highest temperature in Seattle on Oct 4, 2026?",yes-maker,6,99.0,0.0,100.0,1.0,1.01,109.0,2
2026-10-04T23:24:27+00:00,KXHIGHTSDF-26OCT05,"Highest temperature in Louisville on Oct 5, 2026?",yes-maker,6,40.0,0.0,100.0,60.0,150.00,103.0,3
2026-10-04T23:24:27+00:00,KXLOWTATL-26OCT04,"Lowest temperature in Atlanta on Oct 4, 2026?",yes-maker,6,51.0,0.0,100.0,49.0,96.08,115.0,2
2026-10-04T23:24:27+00:00,KXGDPYEAR-36,US real GDP growth in 2036?,yes-maker,14,66.0,0.0,100.0,34.0,51.52,97.0,2
2026-10-04T23:24:27+00:00,KXGDPYEAR-34,US real GDP growth in 2034?,yes-maker,14,67.0,0.0,100.0,33.0,49.25,120.0,0
2026-10-04T23:24:27+00:00,KXHIGHTSAN-26OCT05,"Highest temperature in San Diego on Oct 5, 2026?",yes-maker,6,70.0,0.0,100.0,30.0,42.86,120.0,0
2026-10-04T23:24:27+00:00,KXGDPYEAR-33,US real GDP growth in 2033?,yes-maker,14,72.0,0.0,100.0,28.0,38.89,123.0,0
2026-10-04T23:24:27+00:00,KXGDPYEAR-32,US real GDP growth in 2032?,yes-maker,14,75.0,0.0,100.0,25.0,33.33,124.0,1
2026-10-04T23:24:27+00:00,KXGDPYEAR-35,US real GDP growth in 2035?,yes-maker,14,77.0,0.0,100.0,23.0,29.87,125.0,0
2026-10-04T23:24:27+00:00,KXVHGCB-26OCT05,"Generic congressional ballot on Oct 5, 2026?",yes-maker,9,78.0,0.0,100.0,22.0,28.21,79.0,0
2026-10-04T23:24:27+00:00,KXGDPYEAR-30,US real GDP growth in 2030?,yes-maker,14,80.0,0.0,100.0,20.0,25.00,119.0,3
2026-10-04T23:24:27+00:00,KXGDPYEAR-29,US real GDP growth in 2029?,yes-maker,14,80.0,0.0,100.0,20.0,25.00,128.0,1
2026-10-04T23:24:27+00:00,KXLOWTPHX-26OCT05,"Lowest temperature in Phoenix on Oct 5, 2026?",yes-maker,6,81.0,0.0,100.0,19.0,23.46,122.0,1
2026-10-04T23:24:27+00:00,KXLOWTHOU-26OCT05,"Lowest temperature in Houston on Oct 5, 2026?",yes-maker,6,81.0,0.0,100.0,19.0,23.46,120.0,2
2026-10-04T23:24:27+00:00,KXEOTRUMPTERM-29JAN20,How many executive orders will Trump sign in his second term?,yes-maker,12,82.3,0.0,100.0,17.7,21.51,99.0,0
2026-10-04T23:24:27+00:00,KXLOWTSEA-26OCT05,"Lowest temperature in Seattle on Oct 5, 2026?",yes-maker,6,84.0,0.0,100.0,16.0,19.05,129.0,2
2026-10-04T23:24:27+00:00,KXLOWTPHIL-26OCT05,"Lowest temperature in Philadelphia on Oct 5, 2026?",yes-maker,6,84.0,0.0,100.0,16.0,19.05,107.0,2
2026-10-04T23:24:27+00:00,KXHOUSEWINSTATE-AZD,How many House seats will Democrats win in Arizona?,yes-maker,6,85.0,0.0,100.0,15.0,17.65,111.0,1
2026-10-04T23:24:27+00:00,KXGDPYEAR-28,US real GDP growth in 2028?,yes-maker,14,86.0,0.0,100.0,14.0,16.28,122.0,2
2026-10-04T23:24:27+00:00,KXHOUSEWINSTATE-PAD,How many House seats will Democrats win in Pennsylvania?,yes-maker,8,86.0,0.0,100.0,14.0,16.28,113.0,1
2026-10-04T23:24:27+00:00,KXLOWTAUS-26OCT05,"Lowest temperature in Austin on Oct 5, 2026?",yes-maker,6,86.0,0.0,100.0,14.0,16.28,122.0,1
2026-10-04T23:24:27+00:00,KXHIGHTTTN-26OCT05,"Highest temperature in Trenton on Oct 5, 2026?",yes-maker,6,86.0,0.0,100.0,14.0,16.28,122.0,1
2026-10-04T23:24:27+00:00,KXLOWTDC-26OCT05,"Lowest temperature in Washington DC on Oct 5, 2026?",yes-maker,6,87.0,0.0,100.0,13.0,14.94,124.0,2
2026-10-04T23:24:27+00:00,KXLOWTCHI-26OCT05,"Lowest temperature in Chicago on Oct 5, 2026?",yes-maker,6,87.0,0.0,100.0,13.0,14.94,118.0,1
2026-10-04T23:24:27+00:00,KXHIGHTSFO-26OCT04,"Highest temperature in San Francisco on Oct 4, 2026?",yes-maker,6,87.0,0.0,100.0,13.0,14.94,110.0,0
2026-10-04T23:24:27+00:00,KXHOUSEWINSTATE-FLD,How many House seats will Democrats win in Florida?,yes-maker,9,88.0,0.0,100.0,12.0,13.64,120.0,1
2026-10-04T23:24:27+00:00,KXSOCKEYERUN-27,Bristol Bay sockeye run forecast for 2027,yes-maker,6,88.0,0.0,100.0,12.0,13.64,119.0,1
2026-10-04T23:24:27+00:00,KXLOWTLAX-26OCT05,"Lowest temperature in Los Angeles on Oct 5, 2026?",yes-maker,6,88.0,0.0,100.0,12.0,13.64,123.0,0
2026-10-04T23:24:27+00:00,KXLOWTNYC-26OCT04,"Lowest temperature in New York City on Oct 4, 2026?",yes-maker,6,88.0,0.0,100.0,12.0,13.64,124.0,4
2026-10-04T23:24:27+00:00,KXLOWTLV-26OCT05,"Lowest temperature in Las Vegas on Oct 5, 2026?",yes-maker,6,89.0,0.0,100.0,11.0,12.36,118.0,1
2026-10-04T23:24:27+00:00,KXLOWTATL-26OCT05,"Lowest temperature in Atlanta on Oct 5, 2026?",yes-maker,6,89.0,0.0,100.0,11.0,12.36,116.0,2
2026-10-04T23:24:27+00:00,KXLOWTMIN-26OCT05,"Lowest temperature in Minneapolis on Oct 5, 2026?",yes-maker,6,90.0,0.0,100.0,10.0,11.11,110.0,1
2026-10-04T23:24:27+00:00,KXLOWTDAL-26OCT05,"Lowest temperature in Dallas on Oct 5, 2026?",yes-maker,6,90.0,0.0,100.0,10.0,11.11,122.99999999999999,1
2026-10-04T23:24:27+00:00,KXLOWTBOS-26OCT05,"Lowest temperature in Boston on Oct 5, 2026?",yes-maker,6,91.0,0.0,100.0,9.0,9.89,127.0,0
2026-10-04T23:24:27+00:00,KXHOUSEWINSTATE-NYD,How many House seats will Democrats win in New York?,yes-maker,10,92.0,0.0,100.0,8.0,8.70,120.0,2
2026-10-04T23:24:27+00:00,KXLOWTNOLA-26OCT04,"Lowest temperature in New Orleans on Oct 4, 2026?",yes-maker,6,92.0,0.0,100.0,8.0,8.70,110.0,3
2026-10-04T23:24:27+00:00,KXLOWTHOU-26OCT04,"Lowest temperature in Houston on Oct 4, 2026?",yes-maker,6,92.0,0.0,100.0,8.0,8.70,122.0,2
2026-10-04T23:24:27+00:00,KXUSDJPY-26OCT0510,"USD/JPY price on Oct 5, 2026 at 10am EDT?",yes-maker,15,92.0,0.0,100.0,8.0,8.70,116.0,0
2026-10-04T23:24:27+00:00,KXLOWTSFO-26OCT05,"Lowest temperature in San Francisco on Oct 5, 2026?",yes-maker,6,93.0,0.0,100.0,7.0,7.53,118.0,2
2026-10-04T23:24:27+00:00,KXLOWTSATX-26OCT04,"Lowest temperature in San Antonio on Oct 4, 2026?",yes-maker,6,93.0,0.0,100.0,7.0,7.53,105.0,3
2026-10-04T23:24:27+00:00,KXHOUSEWINSTATE-NJD,How many House seats will Democrats win in New Jersey?,yes-maker,5,94.0,0.0,100.0,6.0,6.38,110.0,1
2026-10-04T23:24:27+00:00,KXHOUSEWINSTATE-GAD,How many House seats will Democrats win in Georgia?,yes-maker,5,94.0,0.0,100.0,6.0,6.38,118.0,0
2026-10-04T23:24:27+00:00,KXLOWTMIA-26OCT04,"Lowest temperature in Miami on Oct 4, 2026?",yes-maker,6,94.0,0.0,100.0,6.0,6.38,121.0,4
2026-10-04T23:24:27+00:00,KXGDPYEAR-27,US real GDP growth in 2027?,yes-maker,14,95.0,0.0,100.0,5.0,5.26,128.0,1
2026-10-04T23:24:27+00:00,KXLOWTPHIL-26OCT04,"Lowest temperature in Philadelphia on Oct 4, 2026?",yes-maker,6,96.0,0.0,100.0,4.0,4.17,113.0,4
2026-10-04T23:24:27+00:00,KXHIGHTSATX-26OCT05,"Highest temperature in San Antonio on Oct 5, 2026?",yes-maker,6,98.0,0.0,100.0,2.0,2.04,100.0,0
2026-10-04T23:24:27+00:00,KXHIGHTBOS-26OCT05,"Highest temperature in Boston on Oct 5, 2026?",yes-maker,6,98.0,0.0,100.0,2.0,2.04,98.0,0
2026-10-04T23:24:27+00:00,KXGDPYEAR-26,US real GDP growth in 2026?,yes-maker,14,98.2,0.0,100.0,1.8,1.83,112.0,5
2026-10-04T23:24:27+00:00,KXHOUSEWINSTATE-MND,How many House seats will Democrats win in Minnesota?,yes-maker,5,99.0,0.0,100.0,1.0,1.01,105.0,1
2026-10-04T23:24:27+00:00,KXHOUSEWINSTATE-OHD,How many House seats will Democrats win in Ohio?,yes-maker,7,99.0,0.0,100.0,1.0,1.01,117.0,0
2026-10-04T23:24:27+00:00,KXLOWTNYC-26OCT05,"Lowest temperature in New York City on Oct 5, 2026?",yes-maker,6,99.0,0.0,100.0,1.0,1.01,114.0,1
2026-10-04T23:24:27+00:00,KXHIGHTEWR-26OCT05,"Highest temperature in Newark on Oct 5, 2026?",yes-maker,6,99.0,0.0,100.0,1.0,1.01,123.0,0
2026-10-04T23:24:27+00:00,KXETHY-27JAN0100,Ethereum price at the end of 2026,yes-maker,18,99.4,0.0,100.0,0.6,0.60,100.4,0
2026-10-05T02:13:41+00:00,KXLOWTPHIL-26OCT04,"Lowest temperature in Philadelphia on Oct 4, 2026?",yes-maker,6,47.0,0.0,100.0,53.0,112.77,116.0,2
2026-10-05T02:13:41+00:00,KXLOWTATL-26OCT04,"Lowest temperature in Atlanta on Oct 4, 2026?",yes-maker,6,57.0,0.0,100.0,43.0,75.44,116.0,3
2026-10-05T02:13:41+00:00,KXLOWTMIA-26OCT05,"Lowest temperature in Miami on Oct 5, 2026?",yes-maker,6,58.0,0.0,100.0,42.0,72.41,124.0,1
2026-10-05T02:13:41+00:00,KXGDPYEAR-36,US real GDP growth in 2036?,yes-maker,14,66.0,0.0,100.0,34.0,51.52,97.0,2
2026-10-05T02:13:41+00:00,KXGDPYEAR-34,US real GDP growth in 2034?,yes-maker,14,68.0,0.0,100.0,32.0,47.06,120.0,0
2026-10-05T02:13:41+00:00,KXLOWTTTN-26OCT05,"Lowest temperature in Trenton on Oct 5, 2026?",yes-maker,6,71.0,0.0,100.0,29.0,40.85,129.0,1
2026-10-05T02:13:41+00:00,KXGDPYEAR-33,US real GDP growth in 2033?,yes-maker,14,72.0,0.0,100.0,28.0,38.89,123.0,0
2026-10-05T02:13:41+00:00,KXLOWTDEN-26OCT05,"Lowest temperature in Denver on Oct 5, 2026?",yes-maker,6,72.0,0.0,100.0,28.0,38.89,129.0,0
2026-10-05T02:13:41+00:00,KXGDPYEAR-32,US real GDP growth in 2032?,yes-maker,14,75.0,0.0,100.0,25.0,33.33,124.0,1
2026-10-05T02:13:41+00:00,KXLOWTNYC-26OCT04,"Lowest temperature in New York City on Oct 4, 2026?",yes-maker,6,75.0,0.0,100.0,25.0,33.33,125.0,3
2026-10-05T02:13:41+00:00,KXGDPYEAR-35,US real GDP growth in 2035?,yes-maker,14,77.0,0.0,100.0,23.0,29.87,125.0,0
2026-10-05T02:13:41+00:00,KXGDPYEAR-30,US real GDP growth in 2030?,yes-maker,14,80.0,0.0,100.0,20.0,25.00,119.0,3
2026-10-05T02:13:41+00:00,KXGDPYEAR-29,US real GDP growth in 2029?,yes-maker,14,80.0,0.0,100.0,20.0,25.00,128.0,1
2026-10-05T02:13:41+00:00,KXHOUSEWINSTATE-FLD,How many House seats will Democrats win in Florida?,yes-maker,9,81.0,0.0,100.0,19.0,23.46,116.0,1
2026-10-05T02:13:41+00:00,KXHIGHTEWR-26OCT05,"Highest temperature in Newark on Oct 5, 2026?",yes-maker,6,82.0,0.0,100.0,18.0,21.95,127.0,0
2026-10-05T02:13:41+00:00,KXEOTRUMPTERM-29JAN20,How many executive orders will Trump sign in his second term?,yes-maker,12,82.3,0.0,100.0,17.7,21.51,99.0,0
2026-10-05T02:13:41+00:00,KXLOWTDAL-26OCT05,"Lowest temperature in Dallas on Oct 5, 2026?",yes-maker,6,83.0,0.0,100.0,17.0,20.48,123.99999999999999,1
2026-10-05T02:13:41+00:00,KXHOUSEWINSTATE-AZD,How many House seats will Democrats win in Arizona?,yes-maker,6,84.0,0.0,100.0,16.0,19.05,111.0,1
2026-10-05T02:13:41+00:00,KXHIGHTSAN-26OCT05,"Highest temperature in San Diego on Oct 5, 2026?",yes-maker,6,84.0,0.0,100.0,16.0,19.05,129.0,0
2026-10-05T02:13:41+00:00,KXLOWTHOU-26OCT04,"Lowest temperature in Houston on Oct 4, 2026?",yes-maker,6,85.0,0.0,100.0,15.0,17.65,124.0,2
2026-10-05T02:13:41+00:00,KXGDPYEAR-28,US real GDP growth in 2028?,yes-maker,14,86.0,0.0,100.0,14.0,16.28,122.0,2
2026-10-05T02:13:41+00:00,KXHOUSEWINSTATE-PAD,How many House seats will Democrats win in Pennsylvania?,yes-maker,8,86.0,0.0,100.0,14.0,16.28,111.0,1
2026-10-05T02:13:41+00:00,KXLOWTHOU-26OCT05,"Lowest temperature in Houston on Oct 5, 2026?",yes-maker,6,87.0,0.0,100.0,13.0,14.94,124.0,2
2026-10-05T02:13:41+00:00,KXVHGCB-26OCT05,"Generic congressional ballot on Oct 5, 2026?",yes-maker,9,87.0,0.0,100.0,13.0,14.94,105.0,0
2026-10-05T02:13:41+00:00,KXSOCKEYERUN-27,Bristol Bay sockeye run forecast for 2027,yes-maker,6,88.0,0.0,100.0,12.0,13.64,119.0,1
2026-10-05T02:13:41+00:00,KXLOWTPHIL-26OCT05,"Lowest temperature in Philadelphia on Oct 5, 2026?",yes-maker,6,88.0,0.0,100.0,12.0,13.64,108.0,1
2026-10-05T02:13:41+00:00,KXLOWTCHI-26OCT05,"Lowest temperature in Chicago on Oct 5, 2026?",yes-maker,6,88.0,0.0,100.0,12.0,13.64,119.0,1
2026-10-05T02:13:41+00:00,KXLOWTSFO-26OCT05,"Lowest temperature in San Francisco on Oct 5, 2026?",yes-maker,6,89.0,0.0,100.0,11.0,12.36,116.0,1
2026-10-05T02:13:41+00:00,KXLOWTNYC-26OCT05,"Lowest temperature in New York City on Oct 5, 2026?",yes-maker,6,89.0,0.0,100.0,11.0,12.36,106.0,2
2026-10-05T02:13:41+00:00,KXLOWTLV-26OCT05,"Lowest temperature in Las Vegas on Oct 5, 2026?",yes-maker,6,89.0,0.0,100.0,11.0,12.36,112.0,2
2026-10-05T02:13:41+00:00,KXLOWTDC-26OCT05,"Lowest temperature in Washington DC on Oct 5, 2026?",yes-maker,6,89.0,0.0,100.0,11.0,12.36,126.0,2
2026-10-05T02:13:41+00:00,KXLOWTBOS-26OCT05,"Lowest temperature in Boston on Oct 5, 2026?",yes-maker,6,89.0,0.0,100.0,11.0,12.36,120.0,0
2026-10-05T02:13:41+00:00,KXLOWTPHX-26OCT05,"Lowest temperature in Phoenix on Oct 5, 2026?",yes-maker,6,90.0,0.0,100.0,10.0,11.11,122.0,2
2026-10-05T02:13:41+00:00,KXLOWTAUS-26OCT05,"Lowest temperature in Austin on Oct 5, 2026?",yes-maker,6,91.0,0.0,100.0,9.0,9.89,115.0,1
2026-10-05T02:13:41+00:00,KXHIGHTTTN-26OCT05,"Highest temperature in Trenton on Oct 5, 2026?",yes-maker,6,91.0,0.0,100.0,9.0,9.89,106.0,1
2026-10-05T02:13:41+00:00,KXLOWTSFO-26OCT04,"Lowest temperature in San Francisco on Oct 4, 2026?",yes-maker,6,91.0,0.0,100.0,9.0,9.89,116.0,3
2026-10-05T02:13:41+00:00,KXHOUSEWINSTATE-NYD,How many House seats will Democrats win in New York?,yes-maker,10,92.0,0.0,100.0,8.0,8.70,118.0,2
2026-10-05T02:13:41+00:00,KXHOUSEWINSTATE-NJD,How many House seats will Democrats win in New Jersey?,yes-maker,5,92.0,0.0,100.0,8.0,8.70,115.0,1
2026-10-05T02:13:41+00:00,KXUSDJPY-26OCT0510,"USD/JPY price on Oct 5, 2026 at 10am EDT?",yes-maker,15,93.0,0.0,100.0,7.0,7.53,120.0,0
2026-10-05T02:13:41+00:00,KXHOUSEWINSTATE-GAD,How many House seats will Democrats win in Georgia?,yes-maker,5,94.0,0.0,100.0,6.0,6.38,118.0,0
2026-10-05T02:13:41+00:00,KXGDPYEAR-27,US real GDP growth in 2027?,yes-maker,14,95.0,0.0,100.0,5.0,5.26,128.0,1
2026-10-05T02:13:41+00:00,KXLOWTLAX-26OCT05,"Lowest temperature in Los Angeles on Oct 5, 2026?",yes-maker,6,95.0,0.0,100.0,5.0,5.26,114.0,0
2026-10-05T02:13:41+00:00,KXLOWTSATX-26OCT04,"Lowest temperature in San Antonio on Oct 4, 2026?",yes-maker,6,95.0,0.0,100.0,5.0,5.26,110.0,2
2026-10-05T02:13:41+00:00,KXLOWTATL-26OCT05,"Lowest temperature in Atlanta on Oct 5, 2026?",yes-maker,6,96.0,0.0,100.0,4.0,4.17,112.0,2
2026-10-05T02:13:41+00:00,KXLOWTMIN-26OCT04,"Lowest temperature in Minneapolis on Oct 4, 2026?",yes-maker,6,96.0,0.0,100.0,4.0,4.17,112.0,4
2026-10-05T02:13:41+00:00,KXHIGHNY-26OCT05,"Highest temperature in New York City on Oct 5, 2026?",yes-maker,6,97.0,0.0,100.0,3.0,3.09,97.0,0
2026-10-05T02:13:41+00:00,KXLOWTNOLA-26OCT05,"Lowest temperature in New Orleans on Oct 5, 2026?",yes-maker,6,98.0,0.0,100.0,2.0,2.04,122.0,1
2026-10-05T02:13:41+00:00,KXGDPYEAR-26,US real GDP growth in 2026?,yes-maker,14,98.2,0.0,100.0,1.8,1.83,112.0,5
2026-10-05T02:13:41+00:00,KXHOUSEWINSTATE-OHD,How many House seats will Democrats win in Ohio?,yes-maker,7,99.0,0.0,100.0,1.0,1.01,119.0,0
2026-10-05T02:13:41+00:00,KXHIGHAUS-26OCT05,"Highest temperature in Austin on Oct 5, 2026?",yes-maker,6,99.0,0.0,100.0,1.0,1.01,99.0,0
2026-10-05T02:13:41+00:00,KXLOWTTTN-26OCT04,"Lowest temperature in Trenton on Oct 4, 2026?",yes-maker,6,99.0,0.0,100.0,1.0,1.01,113.0,4
2026-10-05T02:13:41+00:00,KXETHY-27JAN0100,Ethereum price at the end of 2026,yes-maker,18,99.4,0.0,100.0,0.6,0.60,100.3,0
2026-10-05T09:23:24+00:00,KXLOWTMIN-26OCT05,"Lowest temperature in Minneapolis on Oct 5, 2026?",yes-maker,6,58.0,0.0,100.0,42.0,72.41,113.0,1
2026-10-05T09:23:24+00:00,KXGDPYEAR-36,US real GDP growth in 2036?,yes-maker,14,59.0,0.0,100.0,41.0,69.49,97.0,2
2026-10-05T09:23:24+00:00,KXGDPYEAR-33,US real GDP growth in 2033?,yes-maker,14,71.0,0.0,100.0,29.0,40.85,130.0,0
2026-10-05T09:23:24+00:00,KXGDPYEAR-29,US real GDP growth in 2029?,yes-maker,14,71.0,0.0,100.0,29.0,40.85,128.0,1
2026-10-05T09:23:24+00:00,KXLOWTEWR-26OCT05,"Lowest temperature in Newark on Oct 5, 2026?",yes-maker,6,71.0,0.0,100.0,29.0,40.85,112.0,4
2026-10-05T09:23:24+00:00,KXLOWTPHIL-26OCT05,"Lowest temperature in Philadelphia on Oct 5, 2026?",yes-maker,6,73.0,0.0,100.0,27.0,36.99,123.0,1
2026-10-05T09:23:24+00:00,KXGDPYEAR-35,US real GDP growth in 2035?,yes-maker,14,74.0,0.0,100.0,26.0,35.14,126.0,0
2026-10-05T09:23:24+00:00,KXLOWTTTN-26OCT05,"Lowest temperature in Trenton on Oct 5, 2026?",yes-maker,6,74.0,0.0,100.0,26.0,35.14,121.0,1
2026-10-05T09:23:24+00:00,KXLOWTCHI-26OCT05,"Lowest temperature in Chicago on Oct 5, 2026?",yes-maker,6,75.0,0.0,100.0,25.0,33.33,116.0,2
2026-10-05T09:23:24+00:00,KXLOWTAUS-26OCT05,"Lowest temperature in Austin on Oct 5, 2026?",yes-maker,6,75.0,0.0,100.0,25.0,33.33,125.0,1
2026-10-05T09:23:24+00:00,KXLOWTDAL-26OCT05,"Lowest temperature in Dallas on Oct 5, 2026?",yes-maker,6,79.0,0.0,100.0,21.0,26.58,125.0,1
2026-10-05T09:23:24+00:00,KXGDPYEAR-30,US real GDP growth in 2030?,yes-maker,14,80.0,0.0,100.0,20.0,25.00,120.0,3
2026-10-05T09:23:24+00:00,KXHOUSEWINSTATE-FLD,How many House seats will Democrats win in Florida?,yes-maker,9,80.0,0.0,100.0,20.0,25.00,116.0,1
2026-10-05T09:23:24+00:00,KXLOWTSATX-26OCT05,"Lowest temperature in San Antonio on Oct 5, 2026?",yes-maker,6,80.0,0.0,100.0,20.0,25.00,116.0,3
2026-10-05T09:23:24+00:00,KXGDPYEAR-28,US real GDP growth in 2028?,yes-maker,14,81.0,0.0,100.0,19.0,23.46,122.0,2
2026-10-05T09:23:24+00:00,KXLOWTSFO-26OCT05,"Lowest temperature in San Francisco on Oct 5, 2026?",yes-maker,6,81.0,0.0,100.0,19.0,23.46,101.0,2
2026-10-05T09:23:24+00:00,KXEOTRUMPTERM-29JAN20,How many executive orders will Trump sign in his second term?,yes-maker,12,82.3,0.0,100.0,17.7,21.51,99.0,0
2026-10-05T09:23:24+00:00,KXHOUSEWINSTATE-PAD,How many House seats will Democrats win in Pennsylvania?,yes-maker,8,83.0,0.0,100.0,17.0,20.48,115.0,1
2026-10-05T09:23:24+00:00,KXHOUSEWINSTATE-AZD,How many House seats will Democrats win in Arizona?,yes-maker,6,84.0,0.0,100.0,16.0,19.05,111.0,1
2026-10-05T09:23:24+00:00,KXLOWTSAN-26OCT05,"Lowest temperature in San Diego on Oct 5, 2026?",yes-maker,6,85.0,0.0,100.0,15.0,17.65,128.0,1
2026-10-05T09:23:24+00:00,KXLOWTLAX-26OCT05,"Lowest temperature in Los Angeles on Oct 5, 2026?",yes-maker,6,85.0,0.0,100.0,15.0,17.65,118.0,0
2026-10-05T09:23:24+00:00,KXSOCKEYERUN-27,Bristol Bay sockeye run forecast for 2027,yes-maker,6,87.0,0.0,100.0,13.0,14.94,120.00000000000001,1
2026-10-05T09:23:24+00:00,KXUSDJPY-26OCT0510,"USD/JPY price on Oct 5, 2026 at 10am EDT?",yes-maker,15,88.0,0.0,100.0,12.0,13.64,115.0,0
2026-10-05T09:23:24+00:00,KXHOUSEWINSTATE-NYD,How many House seats will Democrats win in New York?,yes-maker,10,90.0,0.0,100.0,10.0,11.11,122.0,2
2026-10-05T09:23:24+00:00,KXHOUSEWINSTATE-NJD,How many House seats will Democrats win in New Jersey?,yes-maker,5,90.0,0.0,100.0,10.0,11.11,121.0,1
2026-10-05T09:23:24+00:00,KXLOWTHOU-26OCT05,"Lowest temperature in Houston on Oct 5, 2026?",yes-maker,6,90.0,0.0,100.0,10.0,11.11,118.0,3
2026-10-05T09:23:24+00:00,KXHOUSEWINSTATE-GAD,How many House seats will Democrats win in Georgia?,yes-maker,5,91.0,0.0,100.0,9.0,9.89,114.0,3
2026-10-05T09:23:24+00:00,KXHOUSEWINSTATE-NCD,How many House seats will Democrats win in North Carolina?,yes-maker,7,91.0,0.0,100.0,9.0,9.89,118.0,1
2026-10-05T09:23:24+00:00,KXLOWTBOS-26OCT05,"Lowest temperature in Boston on Oct 5, 2026?",yes-maker,6,91.0,0.0,100.0,9.0,9.89,123.0,0
2026-10-05T09:23:24+00:00,KXLOWTATL-26OCT05,"Lowest temperature in Atlanta on Oct 5, 2026?",yes-maker,6,91.0,0.0,100.0,9.0,9.89,116.0,3
2026-10-05T09:23:24+00:00,KXLOWTPHX-26OCT05,"Lowest temperature in Phoenix on Oct 5, 2026?",yes-maker,6,92.0,0.0,100.0,8.0,8.70,119.0,0
2026-10-05T09:23:24+00:00,KXLOWTNOLA-26OCT05,"Lowest temperature in New Orleans on Oct 5, 2026?",yes-maker,6,93.0,0.0,100.0,7.0,7.53,126.0,2
2026-10-05T09:23:24+00:00,KXVHGCB-26OCT05,"Generic congressional ballot on Oct 5, 2026?",yes-maker,9,93.0,0.0,100.0,7.0,7.53,108.0,0
2026-10-05T09:23:24+00:00,KXEURUSD-26OCT0510,"EUR/USD price range on Oct 5, 2026 at 10am EDT?",yes-maker,15,93.0,0.0,100.0,7.0,7.53,122.0,2
2026-10-05T09:23:24+00:00,KXLOWTOKC-26OCT05,"Lowest temperature in Oklahoma City on Oct 5, 2026?",yes-maker,6,94.0,0.0,100.0,6.0,6.38,124.0,0
2026-10-05T09:23:24+00:00,KXHIGHTTTN-26OCT05,"Highest temperature in Trenton on Oct 5, 2026?",yes-maker,6,95.0,0.0,100.0,5.0,5.26,111.0,1
2026-10-05T09:23:24+00:00,KXHIGHTSDF-26OCT05,"Highest temperature in Louisville on Oct 5, 2026?",yes-maker,6,95.0,0.0,100.0,5.0,5.26,109.0,1
2026-10-05T09:23:24+00:00,KXHIGHTNOLA-26OCT05,"Highest temperature in New Orleans on Oct 5, 2026?",yes-maker,6,95.0,0.0,100.0,5.0,5.26,98.0,0
2026-10-05T09:23:24+00:00,KXHOUSEWINSTATE-MND,How many House seats will Democrats win in Minnesota?,yes-maker,5,96.0,0.0,100.0,4.0,4.17,106.0,1
2026-10-05T09:23:24+00:00,KXHIGHTHOU-26OCT05,"Highest temperature in Houston on Oct 5, 2026?",yes-maker,6,96.0,0.0,100.0,4.0,4.17,100.0,0
2026-10-05T09:23:24+00:00,KXHOUSEWINSTATE-OHD,How many House seats will Democrats win in Ohio?,yes-maker,7,97.0,0.0,100.0,3.0,3.09,120.0,0
2026-10-05T09:23:24+00:00,KXHIGHTEWR-26OCT05,"Highest temperature in Newark on Oct 5, 2026?",yes-maker,6,97.0,0.0,100.0,3.0,3.09,121.0,1
2026-10-05T09:23:24+00:00,KXLOWTLV-26OCT05,"Lowest temperature in Las Vegas on Oct 5, 2026?",yes-maker,6,98.0,0.0,100.0,2.0,2.04,111.0,1
2026-10-05T09:23:24+00:00,KXHOUSEWINSTATE-MID,How many House seats will Democrats win in Michigan?,yes-maker,7,99.0,0.0,100.0,1.0,1.01,117.0,2
2026-10-05T09:23:24+00:00,KXHIGHTSAN-26OCT05,"Highest temperature in San Diego on Oct 5, 2026?",yes-maker,6,99.0,0.0,100.0,1.0,1.01,101.0,0
2026-10-05T09:23:24+00:00,KXETHY-27JAN0100,Ethereum price at the end of 2026,yes-maker,18,99.1,0.0,100.0,0.9,0.91,100.8,0
2026-10-05T09:23:24+00:00,KXGDPYEAR-26,US real GDP growth in 2026?,yes-maker,14,99.9,0.0,100.0,0.1,0.10,111.4,5
2026-10-05T18:41:31+00:00,KXHIGHTSAN-26OCT05,"Highest temperature in San Diego on Oct 5, 2026?",yes-maker,6,65.0,0.0,100.0,35.0,53.85,129.0,3
2026-10-05T18:41:31+00:00,KXGDPYEAR-36,US real GDP growth in 2036?,yes-maker,14,70.0,0.0,100.0,30.0,42.86,97.0,2
2026-10-05T18:41:31+00:00,KXLOWTTTN-26OCT05,"Lowest temperature in Trenton on Oct 5, 2026?",yes-maker,6,73.0,0.0,100.0,27.0,36.99,125.0,0
2026-10-05T18:41:31+00:00,KXGDPYEAR-33,US real GDP growth in 2033?,yes-maker,14,74.0,0.0,100.0,26.0,35.14,119.0,0
2026-10-05T18:41:31+00:00,KXLOWTDC-26OCT05,"Lowest temperature in Washington DC on Oct 5, 2026?",yes-maker,6,79.0,0.0,100.0,21.0,26.58,110.0,1
2026-10-05T18:41:31+00:00,KXGDPYEAR-34,US real GDP growth in 2034?,yes-maker,14,81.0,0.0,100.0,19.0,23.46,120.0,0
2026-10-05T18:41:31+00:00,KXGDPYEAR-32,US real GDP growth in 2032?,yes-maker,14,81.0,0.0,100.0,19.0,23.46,119.0,0
2026-10-05T18:41:31+00:00,KXGDPYEAR-29,US real GDP growth in 2029?,yes-maker,14,81.0,0.0,100.0,19.0,23.46,128.0,1
2026-10-05T18:41:31+00:00,KXLOWTBOS-26OCT06,"Lowest temperature in Boston on Oct 6, 2026?",yes-maker,6,81.0,0.0,100.0,19.0,23.46,106.0,0
2026-10-05T18:41:31+00:00,KXUSDJPY-26OCT0610,"USD/JPY price on Oct 6, 2026 at 10am EDT?",yes-maker,15,81.0,0.0,100.0,19.0,23.46,119.0,0
2026-10-05T18:41:31+00:00,KXHOUSEWINSTATE-FLD,How many House seats will Democrats win in Florida?,yes-maker,9,82.0,0.0,100.0,18.0,21.95,121.0,1
2026-10-05T18:41:31+00:00,KXVHGCB-26OCT06,"Generic congressional ballot on Oct 6, 2026?",yes-maker,9,82.0,0.0,100.0,18.0,21.95,117.0,0
2026-10-05T18:41:31+00:00,KXEOTRUMPTERM-29JAN20,How many executive orders will Trump sign in his second term?,yes-maker,12,82.3,0.0,100.0,17.7,21.51,99.0,0
2026-10-05T18:41:31+00:00,KXGDPYEAR-30,US real GDP growth in 2030?,yes-maker,14,83.0,0.0,100.0,17.0,20.48,116.0,3
2026-10-05T18:41:31+00:00,KXLOWTDEN-26OCT06,"Lowest temperature in Denver on Oct 6, 2026?",yes-maker,6,84.0,0.0,100.0,16.0,19.05,110.0,0
2026-10-05T18:41:31+00:00,KXGDPYEAR-35,US real GDP growth in 2035?,yes-maker,14,85.0,0.0,100.0,15.0,17.65,125.0,0
2026-10-05T18:41:31+00:00,KXHIGHTTTN-26OCT06,"Highest temperature in Trenton on Oct 6, 2026?",yes-maker,6,86.0,0.0,100.0,14.0,16.28,109.0,1
2026-10-05T18:41:31+00:00,KXGDPYEAR-28,US real GDP growth in 2028?,yes-maker,14,87.0,0.0,100.0,13.0,14.94,122.0,2
2026-10-05T18:41:31+00:00,KXHIGHTSDF-26OCT05,"Highest temperature in Louisville on Oct 5, 2026?",yes-maker,6,87.0,0.0,100.0,13.0,14.94,117.0,3
2026-10-05T18:41:31+00:00,KXHOUSEWINSTATE-AZD,How many House seats will Democrats win in Arizona?,yes-maker,6,88.0,0.0,100.0,12.0,13.64,113.0,1
2026-10-05T18:41:31+00:00,KXSOCKEYERUN-27,Bristol Bay sockeye run forecast for 2027,yes-maker,6,88.0,0.0,100.0,12.0,13.64,118.0,1
2026-10-05T18:41:31+00:00,KXLOWTLAX-26OCT06,"Lowest temperature in Los Angeles on Oct 6, 2026?",yes-maker,6,88.0,0.0,100.0,12.0,13.64,129.0,0
2026-10-05T18:41:31+00:00,KXHIGHTEWR-26OCT06,"Highest temperature in Newark on Oct 6, 2026?",yes-maker,6,88.0,0.0,100.0,12.0,13.64,112.0,1
2026-10-05T18:41:31+00:00,KXLOWTSATX-26OCT05,"Lowest temperature in San Antonio on Oct 5, 2026?",yes-maker,6,89.0,0.0,100.0,11.0,12.36,118.0,3
2026-10-05T18:41:31+00:00,KXLOWTSEA-26OCT06,"Lowest temperature in Seattle on Oct 6, 2026?",yes-maker,6,89.0,0.0,100.0,11.0,12.36,122.0,1
2026-10-05T18:41:31+00:00,KXHOUSEWINSTATE-NJD,How many House seats will Democrats win in New Jersey?,yes-maker,5,91.0,0.0,100.0,9.0,9.89,110.0,1
2026-10-05T18:41:31+00:00,KXHOUSEWINSTATE-MND,How many House seats will Democrats win in Minnesota?,yes-maker,5,91.0,0.0,100.0,9.0,9.89,103.0,1
2026-10-05T18:41:31+00:00,KXLOWTAUS-26OCT06,"Lowest temperature in Austin on Oct 6, 2026?",yes-maker,6,91.0,0.0,100.0,9.0,9.89,123.0,0
2026-10-05T18:41:31+00:00,KXLOWTCHI-26OCT06,"Lowest temperature in Chicago on Oct 6, 2026?",yes-maker,6,92.0,0.0,100.0,8.0,8.70,108.0,0
2026-10-05T18:41:31+00:00,KXHIGHTDC-26OCT05,"Highest temperature in Washington DC on Oct 5, 2026?",yes-maker,6,92.0,0.0,100.0,8.0,8.70,111.0,3
2026-10-05T18:41:31+00:00,KXHOUSEWINSTATE-PAD,How many House seats will Democrats win in Pennsylvania?,yes-maker,8,93.0,0.0,100.0,7.0,7.53,107.0,1
2026-10-05T18:41:31+00:00,KXLOWTSDF-26OCT05,"Lowest temperature in Louisville on Oct 5, 2026?",yes-maker,6,93.0,0.0,100.0,7.0,7.53,117.0,4
2026-10-05T18:41:31+00:00,KXHOUSEWINSTATE-GAD,How many House seats will Democrats win in Georgia?,yes-maker,5,94.0,0.0,100.0,6.0,6.38,116.0,3
2026-10-05T18:41:31+00:00,KXLOWTDAL-26OCT06,"Lowest temperature in Dallas on Oct 6, 2026?",yes-maker,6,94.0,0.0,100.0,6.0,6.38,110.0,1
2026-10-05T18:41:31+00:00,KXLOWTBOS-26OCT05,"Lowest temperature in Boston on Oct 5, 2026?",yes-maker,6,94.0,0.0,100.0,6.0,6.38,120.0,0
2026-10-05T18:41:31+00:00,KXGDPYEAR-27,US real GDP growth in 2027?,yes-maker,14,95.0,0.0,100.0,5.0,5.26,126.0,1
2026-10-05T18:41:31+00:00,KXHOUSEWINSTATE-NCD,How many House seats will Democrats win in North Carolina?,yes-maker,7,95.0,0.0,100.0,5.0,5.26,123.0,1
2026-10-05T18:41:31+00:00,KXLOWTNYC-26OCT06,"Lowest temperature in New York City on Oct 6, 2026?",yes-maker,6,95.0,0.0,100.0,5.0,5.26,115.0,0
2026-10-05T18:41:31+00:00,KXLOWTMIA-26OCT06,"Lowest temperature in Miami on Oct 6, 2026?",yes-maker,6,95.0,0.0,100.0,5.0,5.26,113.0,1
2026-10-05T18:41:31+00:00,KXLOWTATL-26OCT06,"Lowest temperature in Atlanta on Oct 6, 2026?",yes-maker,6,95.0,0.0,100.0,5.0,5.26,130.0,1
2026-10-05T18:41:31+00:00,KXHIGHTNOLA-26OCT05,"Highest temperature in New Orleans on Oct 5, 2026?",yes-maker,6,95.0,0.0,100.0,5.0,5.26,107.0,2
2026-10-05T18:41:31+00:00,KXHOUSEWINSTATE-NYD,How many House seats will Democrats win in New York?,yes-maker,10,96.0,0.0,100.0,4.0,4.17,125.0,3
2026-10-05T18:41:31+00:00,KXLOWTPHX-26OCT06,"Lowest temperature in Phoenix on Oct 6, 2026?",yes-maker,6,96.0,0.0,100.0,4.0,4.17,114.0,1
2026-10-05T18:41:31+00:00,KXLOWTLV-26OCT06,"Lowest temperature in Las Vegas on Oct 6, 2026?",yes-maker,6,96.0,0.0,100.0,4.0,4.17,119.0,1
2026-10-05T18:41:31+00:00,KXHIGHDEN-26OCT05,"Highest temperature in Denver on Oct 5, 2026?",yes-maker,6,96.0,0.0,100.0,4.0,4.17,101.0,2
2026-10-05T18:41:31+00:00,KXGDPYEAR-26,US real GDP growth in 2026?,yes-maker,14,96.9,0.0,100.0,3.1,3.20,110.3,5
2026-10-05T18:41:31+00:00,KXHOUSEWINSTATE-OHD,How many House seats will Democrats win in Ohio?,yes-maker,7,97.0,0.0,100.0,3.0,3.09,129.0,0
2026-10-05T18:41:31+00:00,KXLOWTSATX-26OCT06,"Lowest temperature in San Antonio on Oct 6, 2026?",yes-maker,6,97.0,0.0,100.0,3.0,3.09,118.0,1
2026-10-05T18:41:31+00:00,KXLOWTMIN-26OCT06,"Lowest temperature in Minneapolis on Oct 6, 2026?",yes-maker,6,97.0,0.0,100.0,3.0,3.09,123.0,0
2026-10-05T18:41:31+00:00,KXHIGHTMIN-26OCT06,"Highest temperature in Minneapolis on Oct 6, 2026?",yes-maker,6,97.0,0.0,100.0,3.0,3.09,102.0,1
2026-10-05T18:41:31+00:00,KXLOWTNYC-26OCT05,"Lowest temperature in New York City on Oct 5, 2026?",yes-maker,6,97.0,0.0,100.0,3.0,3.09,117.0,2
2026-10-05T18:41:31+00:00,KXHIGHTPHX-26OCT05,"Highest temperature in Phoenix on Oct 5, 2026?",yes-maker,6,97.0,0.0,100.0,3.0,3.09,102.0,3
2026-10-05T18:41:31+00:00,KXHIGHTOKC-26OCT05,"Highest temperature in Oklahoma City on Oct 5, 2026?",yes-maker,6,97.0,0.0,100.0,3.0,3.09,103.0,3
2026-10-05T18:41:31+00:00,KXHIGHTMIN-26OCT05,"Highest temperature in Minneapolis on Oct 5, 2026?",yes-maker,6,97.0,0.0,100.0,3.0,3.09,105.0,2
2026-10-05T18:41:31+00:00,KXHIGHTDAL-26OCT05,"Highest temperature in Dallas on Oct 5, 2026?",yes-maker,6,97.0,0.0,100.0,3.0,3.09,109.0,3
2026-10-05T18:41:31+00:00,KXHIGHAUS-26OCT05,"Highest temperature in Austin on Oct 5, 2026?",yes-maker,6,97.0,0.0,100.0,3.0,3.09,113.0,4
2026-10-05T18:41:31+00:00,KXLOWTNOLA-26OCT06,"Lowest temperature in New Orleans on Oct 6, 2026?",yes-maker,6,98.0,0.0,100.0,2.0,2.04,123.0,1
2026-10-05T18:41:31+00:00,KXLOWTDC-26OCT06,"Lowest temperature in Washington DC on Oct 6, 2026?",yes-maker,6,98.0,0.0,100.0,2.0,2.04,115.0,2
2026-10-05T18:41:31+00:00,KXLOWTMIA-26OCT05,"Lowest temperature in Miami on Oct 5, 2026?",yes-maker,6,98.0,0.0,100.0,2.0,2.04,119.0,3
2026-10-05T18:41:31+00:00,KXHIGHTBOS-26OCT05,"Highest temperature in Boston on Oct 5, 2026?",yes-maker,6,98.0,0.0,100.0,2.0,2.04,107.0,4
2026-10-05T18:41:31+00:00,KXHIGHCHI-26OCT05,"Highest temperature in Chicago on Oct 5, 2026?",yes-maker,6,98.0,0.0,100.0,2.0,2.04,108.0,4
2026-10-05T18:41:31+00:00,KXHOUSEWINSTATE-MID,How many House seats will Democrats win in Michigan?,yes-maker,7,99.0,0.0,100.0,1.0,1.01,117.0,1
2026-10-05T18:41:31+00:00,KXLOWTSFO-26OCT06,"Lowest temperature in San Francisco on Oct 6, 2026?",yes-maker,6,99.0,0.0,100.0,1.0,1.01,122.0,1
2026-10-05T18:41:31+00:00,KXHIGHTPHX-26OCT06,"Highest temperature in Phoenix on Oct 6, 2026?",yes-maker,6,99.0,0.0,100.0,1.0,1.01,101.0,2
2026-10-05T18:41:31+00:00,KXHIGHTNOLA-26OCT06,"Highest temperature in New Orleans on Oct 6, 2026?",yes-maker,6,99.0,0.0,100.0,1.0,1.01,106.0,0
2026-10-05T18:41:31+00:00,KXLOWTAUS-26OCT05,"Lowest temperature in Austin on Oct 5, 2026?",yes-maker,6,99.0,0.0,100.0,1.0,1.01,121.0,3
2026-10-05T18:41:31+00:00,KXHIGHTHOU-26OCT05,"Highest temperature in Houston on Oct 5, 2026?",yes-maker,6,99.0,0.0,100.0,1.0,1.01,104.0,2
2026-10-05T18:41:31+00:00,KXETHY-27JAN0100,Ethereum price at the end of 2026,yes-maker,18,99.2,0.0,100.0,0.8,0.81,101.7,0
2026-10-06T00:32:39+00:00,KXGDPYEAR-36,US real GDP growth in 2036?,yes-maker,14,70.0,0.0,100.0,30.0,42.86,97.0,2
2026-10-06T00:32:39+00:00,KXGDPYEAR-33,US real GDP growth in 2033?,yes-maker,14,74.0,0.0,100.0,26.0,35.14,118.0,0
2026-10-06T00:32:39+00:00,KXLOWTTTN-26OCT05,"Lowest temperature in Trenton on Oct 5, 2026?",yes-maker,6,80.0,0.0,100.0,20.0,25.00,118.0,0
2026-10-06T00:32:39+00:00,KXGDPYEAR-34,US real GDP growth in 2034?,yes-maker,14,81.0,0.0,100.0,19.0,23.46,119.0,0
2026-10-06T00:32:39+00:00,KXGDPYEAR-32,US real GDP growth in 2032?,yes-maker,14,81.0,0.0,100.0,19.0,23.46,119.0,0
2026-10-06T00:32:39+00:00,KXGDPYEAR-30,US real GDP growth in 2030?,yes-maker,14,81.0,0.0,100.0,19.0,23.46,115.0,3
2026-10-06T00:32:39+00:00,KXGDPYEAR-29,US real GDP growth in 2029?,yes-maker,14,81.0,0.0,100.0,19.0,23.46,128.0,1
2026-10-06T00:32:39+00:00,KXEOTRUMPTERM-29JAN20,How many executive orders will Trump sign in his second term?,yes-maker,12,82.3,0.0,100.0,17.7,21.51,99.0,0
2026-10-06T00:32:39+00:00,KXHOUSEWINSTATE-FLD,How many House seats will Democrats win in Florida?,yes-maker,9,83.0,0.0,100.0,17.0,20.48,114.0,1
2026-10-06T00:32:39+00:00,KXLOWTNYC-26OCT05,"Lowest temperature in New York City on Oct 5, 2026?",yes-maker,6,84.0,0.0,100.0,16.0,19.05,126.0,2
2026-10-06T00:32:39+00:00,KXLOWTDC-26OCT05,"Lowest temperature in Washington DC on Oct 5, 2026?",yes-maker,6,84.0,0.0,100.0,16.0,19.05,109.0,1
2026-10-06T00:32:39+00:00,KXGDPYEAR-35,US real GDP growth in 2035?,yes-maker,14,85.0,0.0,100.0,15.0,17.65,125.0,0
2026-10-06T00:32:39+00:00,KXLOWTDAL-26OCT06,"Lowest temperature in Dallas on Oct 6, 2026?",yes-maker,6,85.0,0.0,100.0,15.0,17.65,119.0,1
2026-10-06T00:32:39+00:00,KXLOWTATL-26OCT06,"Lowest temperature in Atlanta on Oct 6, 2026?",yes-maker,6,85.0,0.0,100.0,15.0,17.65,112.0,1
2026-10-06T00:32:39+00:00,KXLOWTMIA-26OCT06,"Lowest temperature in Miami on Oct 6, 2026?",yes-maker,6,86.0,0.0,100.0,14.0,16.28,113.0,1
2026-10-06T00:32:39+00:00,KXHIGHTEWR-26OCT06,"Highest temperature in Newark on Oct 6, 2026?",yes-maker,6,86.0,0.0,100.0,14.0,16.28,119.0,2
2026-10-06T00:32:39+00:00,KXGDPYEAR-28,US real GDP growth in 2028?,yes-maker,14,87.0,0.0,100.0,13.0,14.94,122.0,2
2026-10-06T00:32:39+00:00,KXHOUSEWINSTATE-NJD,How many House seats will Democrats win in New Jersey?,yes-maker,5,87.0,0.0,100.0,13.0,14.94,106.0,1
2026-10-06T00:32:39+00:00,KXUSDJPY-26OCT0610,"USD/JPY price on Oct 6, 2026 at 10am EDT?",yes-maker,15,87.0,0.0,100.0,13.0,14.94,110.0,0
2026-10-06T00:32:39+00:00,KXSOCKEYERUN-27,Bristol Bay sockeye run forecast for 2027,yes-maker,6,88.0,0.0,100.0,12.0,13.64,118.0,1
2026-10-06T00:32:39+00:00,KXLOWTOKC-26OCT06,"Lowest temperature in Oklahoma City on Oct 6, 2026?",yes-maker,6,88.0,0.0,100.0,12.0,13.64,127.0,0
2026-10-06T00:32:39+00:00,KXLOWTCHI-26OCT06,"Lowest temperature in Chicago on Oct 6, 2026?",yes-maker,6,88.0,0.0,100.0,12.0,13.64,100.0,2
2026-10-06T00:32:39+00:00,KXLOWTAUS-26OCT06,"Lowest temperature in Austin on Oct 6, 2026?",yes-maker,6,89.0,0.0,100.0,11.0,12.36,118.0,0
2026-10-06T00:32:39+00:00,KXLOWTEWR-26OCT05,"Lowest temperature in Newark on Oct 5, 2026?",yes-maker,6,89.0,0.0,100.0,11.0,12.36,117.0,3
2026-10-06T00:32:39+00:00,KXLOWTNYC-26OCT06,"Lowest temperature in New York City on Oct 6, 2026?",yes-maker,6,91.0,0.0,100.0,9.0,9.89,122.0,2
2026-10-06T00:32:39+00:00,KXLOWTNOLA-26OCT06,"Lowest temperature in New Orleans on Oct 6, 2026?",yes-maker,6,91.0,0.0,100.0,9.0,9.89,118.0,1
2026-10-06T00:32:39+00:00,KXLOWTDEN-26OCT06,"Lowest temperature in Denver on Oct 6, 2026?",yes-maker,6,91.0,0.0,100.0,9.0,9.89,110.0,0
2026-10-06T00:32:39+00:00,KXHOUSEWINSTATE-PAD,How many House seats will Democrats win in Pennsylvania?,yes-maker,8,92.0,0.0,100.0,8.0,8.70,106.0,1
2026-10-06T00:32:39+00:00,KXHOUSEWINSTATE-MND,How many House seats will Democrats win in Minnesota?,yes-maker,5,92.0,0.0,100.0,8.0,8.70,100.0,1
2026-10-06T00:32:39+00:00,KXLOWTDC-26OCT06,"Lowest temperature in Washington DC on Oct 6, 2026?",yes-maker,6,92.0,0.0,100.0,8.0,8.70,121.0,2
2026-10-06T00:32:39+00:00,KXHOUSEWINSTATE-GAD,How many House seats will Democrats win in Georgia?,yes-maker,5,94.0,0.0,100.0,6.0,6.38,115.0,3
2026-10-06T00:32:39+00:00,KXLOWTSFO-26OCT06,"Lowest temperature in San Francisco on Oct 6, 2026?",yes-maker,6,94.0,0.0,100.0,6.0,6.38,114.0,2
2026-10-06T00:32:39+00:00,KXLOWTMIN-26OCT06,"Lowest temperature in Minneapolis on Oct 6, 2026?",yes-maker,6,94.0,0.0,100.0,6.0,6.38,124.0,0
2026-10-06T00:32:39+00:00,KXGDPYEAR-27,US real GDP growth in 2027?,yes-maker,14,95.0,0.0,100.0,5.0,5.26,128.0,1
2026-10-06T00:32:39+00:00,KXHOUSEWINSTATE-AZD,How many House seats will Democrats win in Arizona?,yes-maker,6,95.0,0.0,100.0,5.0,5.26,111.0,1
2026-10-06T00:32:39+00:00,KXLOWTLV-26OCT06,"Lowest temperature in Las Vegas on Oct 6, 2026?",yes-maker,6,95.0,0.0,100.0,5.0,5.26,115.0,2
2026-10-06T00:32:39+00:00,KXHIGHTSDF-26OCT06,"Highest temperature in Louisville on Oct 6, 2026?",yes-maker,6,95.0,0.0,100.0,5.0,5.26,128.0,0
2026-10-06T00:32:39+00:00,KXHIGHTSAN-26OCT06,"Highest temperature in San Diego on Oct 6, 2026?",yes-maker,6,95.0,0.0,100.0,5.0,5.26,108.0,0
2026-10-06T00:32:39+00:00,KXLOWTAUS-26OCT05,"Lowest temperature in Austin on Oct 5, 2026?",yes-maker,6,95.0,0.0,100.0,5.0,5.26,106.0,3
2026-10-06T00:32:39+00:00,KXLOWTSEA-26OCT06,"Lowest temperature in Seattle on Oct 6, 2026?",yes-maker,6,96.0,0.0,100.0,4.0,4.17,122.0,2
2026-10-06T00:32:39+00:00,KXLOWTPHIL-26OCT06,"Lowest temperature in Philadelphia on Oct 6, 2026?",yes-maker,6,96.0,0.0,100.0,4.0,4.17,108.0,3
2026-10-06T00:32:39+00:00,KXLOWTBOS-26OCT05,"Lowest temperature in Boston on Oct 5, 2026?",yes-maker,6,96.0,0.0,100.0,4.0,4.17,117.0,1
2026-10-06T00:32:39+00:00,KXGDPYEAR-26,US real GDP growth in 2026?,yes-maker,14,97.0,0.0,100.0,3.0,3.09,110.4,5
2026-10-06T00:32:39+00:00,KXHOUSEWINSTATE-NYD,How many House seats will Democrats win in New York?,yes-maker,10,97.0,0.0,100.0,3.0,3.09,121.0,3
2026-10-06T00:32:39+00:00,KXHOUSEWINSTATE-OHD,How many House seats will Democrats win in Ohio?,yes-maker,7,97.0,0.0,100.0,3.0,3.09,122.0,0
2026-10-06T00:32:39+00:00,KXLOWTPHX-26OCT06,"Lowest temperature in Phoenix on Oct 6, 2026?",yes-maker,6,97.0,0.0,100.0,3.0,3.09,115.0,1
2026-10-06T00:32:39+00:00,KXLOWTLAX-26OCT06,"Lowest temperature in Los Angeles on Oct 6, 2026?",yes-maker,6,97.0,0.0,100.0,3.0,3.09,115.0,0
2026-10-06T00:32:39+00:00,KXHIGHTHOU-26OCT06,"Highest temperature in Houston on Oct 6, 2026?",yes-maker,6,97.0,0.0,100.0,3.0,3.09,97.0,1
2026-10-06T00:32:39+00:00,KXLOWTSDF-26OCT05,"Lowest temperature in Louisville on Oct 5, 2026?",yes-maker,6,97.0,0.0,100.0,3.0,3.09,112.0,4
2026-10-06T00:32:39+00:00,KXLOWTSATX-26OCT05,"Lowest temperature in San Antonio on Oct 5, 2026?",yes-maker,6,97.0,0.0,100.0,3.0,3.09,112.0,3
2026-10-06T00:32:39+00:00,KXHOUSEWINSTATE-NCD,How many House seats will Democrats win in North Carolina?,yes-maker,7,98.0,0.0,100.0,2.0,2.04,120.0,1
2026-10-06T00:32:39+00:00,KXLOWTSATX-26OCT06,"Lowest temperature in San Antonio on Oct 6, 2026?",yes-maker,6,98.0,0.0,100.0,2.0,2.04,129.0,2
2026-10-06T00:32:39+00:00,KXHIGHTSATX-26OCT06,"Highest temperature in San Antonio on Oct 6, 2026?",yes-maker,6,98.0,0.0,100.0,2.0,2.04,98.0,1
2026-10-06T00:32:39+00:00,KXVHGCB-26OCT06,"Generic congressional ballot on Oct 6, 2026?",yes-maker,9,98.0,0.0,100.0,2.0,2.04,122.0,0
2026-10-06T00:32:39+00:00,KXHIGHTSEA-26OCT06,"Highest temperature in Seattle on Oct 6, 2026?",yes-maker,6,99.0,0.0,100.0,1.0,1.01,102.0,0
2026-10-06T00:32:39+00:00,KXHIGHTPHX-26OCT06,"Highest temperature in Phoenix on Oct 6, 2026?",yes-maker,6,99.0,0.0,100.0,1.0,1.01,103.0,2
2026-10-06T00:32:39+00:00,KXHIGHTPHX-26OCT05,"Highest temperature in Phoenix on Oct 5, 2026?",yes-maker,6,99.0,0.0,100.0,1.0,1.01,106.0,4
2026-10-06T00:32:39+00:00,KXETHY-27JAN0100,Ethereum price at the end of 2026,yes-maker,18,99.6,0.0,100.0,0.4,0.40,101.60000000000001,0
2026-10-06T00:32:39+00:00,KXBTCY-27JAN0100,Bitcoin price at the end of 2026,yes-maker,28,99.7,0.0,100.0,0.3,0.30,99.7,0
